Workbook
Name \p: #REF!
Name __atn1: #REF!
Name __atn10: #REF!
Name __atn2: #REF!
Name __atn3: #REF!
Name __atn4: #REF!
Name __atn5: #REF!
Name __atn6: #REF!
Name __atn7: #REF!
Name __atn8: #REF!
Name __atn9: #REF!
Name __boi1: #REF!
Name __boi2: #REF!
Name __CON1: #REF!
Name __CON2: #REF!
Name __cpd1: #REF!
Name __cpd2: #REF!
Name __deo1: #REF!
Name __deo10: #REF!
Name __deo2: #REF!
Name __deo3: #REF!
Name __deo4: #REF!
Name __deo5: #REF!
Name __deo6: #REF!
Name __deo7: #REF!
Name __deo8: #REF!
Name __deo9: #REF!
Name __lap1: #REF!
Name __lap2: #REF!
Name __nc151: #REF!
Name __NET2: #REF!
Name __SHR1: #REF!
Name __SHR2: #REF!
Name __tax1: #REF!
Name __tax2: #REF!
Name __tax3: #REF!
Name __tax4: #REF!
Name __tct5: #REF!
Name __tg427: #REF!
Name __TH20: #REF!
Name _1: #REF!
Name _1000A01: #REF!
Name _2: #REF!
Name _atn2: #REF!
Name _atn3: #REF!
Name _atn4: #REF!
Name _atn5: #REF!
Name _atn6: #REF!
Name _atn7: #REF!
Name _atn8: #REF!
Name _atn9: #REF!
Name _ATT_REG_DCOM_3G: #REF!
Name _ATT_REG_MI_3G: #REF!
Name _ATT_REG_voice_2G: #REF!
Name _ATT_REG_voice_3G: #REF!
Name _boi1: #REF!
Name _boi2: #REF!
Name _C_Lphi_4ab: #REF!
Name _chk1: #REF!
Name _CON1: #REF!

Sheet PL1.1 ML2027-2028
A1: PHỤ LỤC 1.1: BẢNG TỔNG HỢP CHI TIẾT NHU CẦU ĐẦU TƯ, MUA SẮM THEO QHĐC NĂM 2027-2028 (Ban hành kèm theo Tờ trình số của Tập đoàn CNVTQĐ)
G3: KHÔNG XÓA | J3: KHÔNG XÓA
A4: TT | B4: Nội dung/ hạng mục đầu tư, mua sắm | C4: Đơn vị tính | D4: Khối lượng | F4: Đơn giá dự kiến | G4: Thành tiền dự kiến (VNĐ) | I4: Dự kiến đơn vị đầu tư, mua sắm | J4: Mã mảng | K4: Mã DV | L4: Mã loại
D6: 2027 | E6: 2028 | F6: USD | G6: 2027 | H6: 2028
C7: 6 | F7: 7 | G7: =SUBTOTAL(9,G8:G2687) -> 25295609 | H7: =SUBTOTAL(9,H8:H2687) -> 24867096
B8: TỔNG ĐẦU TƯ VTTB VÀ XÂY LẮP 2027-2028 | G8: =SUBTOTAL(9,G9:G2687) -> 25295609 | H8: =SUBTOTAL(9,H9:H2687) -> 24867096
A9: P1 | B9: TỔNG ĐẦU TƯ VTTB 2027-2028 | G9: =SUBTOTAL(9,G10:G2153) -> 22438647 | H9: =SUBTOTAL(9,H10:H2153) -> 20897953
A10: A | B10: VÔ TUYẾN | G10: =SUBTOTAL(9,G11:G93) -> 6703944.7 | H10: =SUBTOTAL(9,H11:H93) -> 6963516.8
A11: A1 | B11: Mạng 5G | G11: =SUBTOTAL(9,G12:G21) -> 0 | H11: =SUBTOTAL(9,H12:H21) -> 0
A12: 1 | B12: Thiết bị macro 5G
A13: - | B13: Huawei_eNodeB 32T32R Dualband 2600-3500MHz (3AAU 3 sector, 3 cell LTE TDD @20+20+20MHz per 1 sector band 2600MHz and 1 cell NR @100MHz per 1 sector band C), Excluse BBU box. | C13: Trạm | G13: =F13*D13 -> 0 | H13: =F13*E13 -> 0 | J13: VT | K13: 5G | L13: VTTB
A14: - | B14: NodeB Massive MIMO 2.6GHz+3.5GHz | C14: Tủ | G14: =F14*D14 -> 0 | H14: =F14*E14 -> 0 | J14: VT | K14: 5G | L14: VTTB
A15: 2 | B15: Thiết bị RRU 5G
A16: - | B16: RRU 5G triển khai IBD | C16: Chiếc | G16: =F16*D16 -> 0 | H16: =F16*E16 -> 0 | J16: VT | K16: 5G | L16: VTTB
A17: 3 | B17: Thiết bị smallcell 5G
A18: - | B18: Thiết bị vô tuyến 5G 4T4R | C18: Chiếc | G18: =F18*D18 -> 0 | H18: =F18*E18 -> 0 | J18: VT | K18: 5G | L18: VTTB
A19: 4 | B19: Card Baseband
A20: - | B20: Card Baseband cho 5G | C20: Chiếc | G20: =F20*D20 -> 0 | H20: =F20*E20 -> 0 | J20: VT | K20: 5G | L20: VTTB
A21: 5 | B21: Nâng cấp hệ thống Inbuilding lên 5G
A22: A2 | B22: Mạng 2/3/4G | G22: =SUBTOTAL(9,G23:G44) -> 1128228.4 | H22: =SUBTOTAL(9,H23:H44) -> 653733.03
A23: I | B23: Vùng phủ | G23: =SUBTOTAL(9,G24:G44) -> 1128228.4 | H23: =SUBTOTAL(9,H24:H44) -> 653733.03
A24: 1 | B24: Thiết bị 4G | G24: =SUBTOTAL(9,G25:G31) -> 1128228.4 | H24: =SUBTOTAL(9,H25:H31) -> 653733.03
A25: - | B25: Huawei_SRAN Tripband eNodeB 700+800+900MHz (3 RRU 4x120w)(L111@15MHz+L111@10MHz ) 12Trx. Exclude BBU + BB card | C25: Tủ | D25: 11 | F25: 15065.825 | G25: =F25*D25 -> 165724.07 | H25: =F25*E25 -> 0 | J25: VT | K25: VPDĐ | L25: VTTB
A26: - | B26: Huawei_SRAN Tripband eNodeB 700+800+900MHz (3 RRU 4x120w)(L111@15MHz+L111@10MHz , 12TRx, BB card UBBPg2a) + 3 AISG | C26: Tủ | E26: 3 | F26: 18983.05 | G26: =F26*D26 -> 0 | H26: =F26*E26 -> 56949.15 | J26: VT | K26: VPDĐ | L26: VTTB
A27: - | B27: ZTE_SRAN Tripband eNodeB 700+800+900MHz (3 RRU 4x120w)(L111@15MHz+L111@10MHz , 12TRx, excluse BBU + BB card | C27: Tủ | D27: 3 | F27: 12944.888 | G27: =F27*D27 -> 38834.665 | H27: =F27*E27 -> 0 | J27: VT | K27: VPDĐ | L27: VTTB
A28: - | B28: ZTE_SRAN Tripband eNodeB 700+800+900MHz (3 RRU 4x120w)(L111@15MHz+L111@10MHz , 12TRx, BB VBPe3p) | C28: Chiếc | D28: 46 | E28: 30 | F28: 18886.296 | G28: =F28*D28 -> 868769.61 | H28: =F28*E28 -> 566588.88 | J28: VT | K28: VPDĐ | L28: VTTB
A29: - | B29: Anten 4G 8 port 4 port 700-900 + 4P 1800-2600 MHz | C29: Chiếc | D29: 180 | E29: 99 | F29: 305 | G29: =F29*D29 -> 54900 | H29: =F29*E29 -> 30195 | J29: VT | K29: VPDĐ | L29: VTTB
A30: - | B30: Jumper | C30: Chiếc | G30: =F30*D30 -> 0 | H30: =F30*E30 -> 0 | J30: VT | K30: VPDĐ | L30: VTTB
A31: - | B31: Bộ Gá đa năng (gồm 3 gá đơn lẻ và các phụ kiện) | C31: Chiếc | G31: =F31*D31 -> 0 | H31: =F31*E31 -> 0 | J31: VT | K31: VPDĐ | L31: VTTB
A32: 2 | B32: Thiết bị 3G | G32: =SUBTOTAL(9,G33:G38) -> 0 | H32: =SUBTOTAL(9,H33:H39) -> 0
A33: - | B33: NodeB 3G dualband_Cosite | C33: Tủ | G33: =F33*D33 -> 0 | H33: =F33*E33 -> 0 | J33: VT | K33: VPDĐ | L33: VTTB
A34: - | B34: NodeB 3G dualband_New site | C34: Tủ | G34: =F34*D34 -> 0 | H34: =F34*E34 -> 0 | J34: VT | K34: VPDĐ | L34: VTTB
A35: - | B35: Card baseband | C35: Chiếc | G35: =F35*D35 -> 0 | H35: =F35*E35 -> 0 | J35: VT | K35: VPDĐ | L35: VTTB
A36: - | B36: Anten đa băng | C36: Chiếc | G36: =F36*D36 -> 0 | H36: =F36*E36 -> 0 | J36: VT | K36: VPDĐ | L36: VTTB
A37: - | B37: Jumper | C37: Chiếc | G37: =F37*D37 -> 0 | H37: =F37*E37 -> 0 | J37: VT | K37: VPDĐ | L37: VTTB
A38: - | B38: Bộ Gá đa năng (gồm 3 gá đơn lẻ và các phụ kiện) | C38: Chiếc | G38: =F38*D38 -> 0 | H38: =F38*E38 -> 0 | J38: VT | K38: VPDĐ | L38: VTTB
A39: 3 | B39: Thiết bị 2G | G39: =SUBTOTAL(9,G40:G44) -> 0 | H39: =SUBTOTAL(9,H40:H46) -> 0
A40: - | B40: BTS 2G dualband_Cosite | C40: Tủ | G40: =F40*D40 -> 0 | H40: =F40*E40 -> 0 | J40: VT | K40: VPDĐ | L40: VTTB
A41: - | B41: BTS 2G dualband_New site 2G | C41: Tủ | G41: =F41*D41 -> 0 | H41: =F41*E41 -> 0 | J41: VT | K41: VPDĐ | L41: VTTB
A42: - | B42: Anten đa băng | C42: Chiếc | G42: =F42*D42 -> 0 | H42: =F42*E42 -> 0 | J42: VT | K42: VPDĐ | L42: VTTB
A43: - | B43: Jumper | C43: Chiếc | G43: =F43*D43 -> 0 | H43: =F43*E43 -> 0 | J43: VT | K43: VPDĐ | L43: VTTB
A44: - | B44: Bộ Gá đa năng (gồm 3 gá đơn lẻ và các phụ kiện) | C44: Chiếc | G44: =F44*D44 -> 0 | H44: =F44*E44 -> 0 | J44: VT | K44: VPDĐ | L44: VTTB
A45: II | B45: Dung lượng | G45: =SUBTOTAL(9,G46:G73) -> 5040295.3 | H45: =SUBTOTAL(9,H46:H73) -> 5608483.8
A46: 1 | B46: Thiết bị 4G | G46: =SUBTOTAL(9,G47:G59) -> 5040295.3 | H46: =SUBTOTAL(9,H47:H59) -> 5608483.8
A47: - | B47: Huawei_SRAN Tripband eNodeB 700+800+900MHz (3 RRU 4x120w)(L111@15MHz+L111@10MHz ) 12Trx. Exclude BBU + BB card | C47: Tủ | D47: 38 | F47: 15065.825 | G47: =F47*D47 -> 572501.35 | H47: =F47*E47 -> 0 | J47: VT | K47: DLDĐ | L47: VTTB
A48: - | B48: Huawei_SRAN Tripband eNodeB 700+800+900MHz (3 RRU 4x120w)(L111@15MHz+L111@10MHz , 12TRx, BB card UBBPg2a) + 3 AISG | C48: Tủ | E48: 35 | F48: 18983.05 | G48: =F48*D48 -> 0 | H48: =F48*E48 -> 664406.75 | J48: VT | K48: DLDĐ | L48: VTTB
A49: - | B49: Huawei_SRAN dual band 1800-2100Mhz (3RRU 4T4R - 120W, L111@20MHz+L111@10MHz, 12TRx, BBU + BB UBBPh3a) | C49: Tủ | D49: 6 | E49: 12 | F49: 16686.8 | G49: =F49*D49 -> 100120.8 | H49: =F49*E49 -> 200241.6 | J49: VT | K49: DLDĐ | L49: VTTB
A50: - | B50: Huawei_SRAN dual band 1800-2100Mhz (3RRU 4T4R - 120W, L111@20MHz+L111@10MHz, 12TRx, Excluse Baseband and BB card) | C50: Tủ | D50: 181 | E50: 146 | F50: 11686.8 | G50: =F50*D50 -> 2115310.8 | H50: =F50*E50 -> 1706272.8 | J50: VT | K50: DLDĐ | L50: VTTB
A51: - | B51: Huawei_eNodeB 8T8R 2600MHz (3 RRU 9 cell @20+20+20MHz) Excluse BBU and BB card | C51: Tủ | D51: 20 | F51: 10000 | G51: =F51*D51 -> 200000 | H51: =F51*E51 -> 0 | J51: VT | K51: DLDĐ | L51: VTTB
A52: - | B52: Huawei_eNodeB 32T32R Dualband 2600-3500MHz (3AAU 3 sector, 3 cell LTE TDD @20+20+20MHz per 1 sector band 2600MHz and 1 cell NR @100MHz per 1 sector band C), Excluse BBU box. | C52: Tủ | D52: 22 | E52: 36 | F52: 24000 | G52: =F52*D52 -> 528000 | H52: =F52*E52 -> 864000 | J52: VT | K52: DLDĐ | L52: VTTB
A53: - | B53: ZTE_SRAN Tripband eNodeB 700+800+900MHz (3 RRU 4x120w)(L111@15MHz+L111@10MHz , 12TRx, excluse BBU + BB card | C53: Tủ | E53: 5 | F53: 12944.888 | G53: =F53*D53 -> 0 | H53: =F53*E53 -> 64724.442 | J53: VT | K53: DLDĐ | L53: VTTB
A54: - | B54: ZTE_SRAN dual band 1800-2100Mhz (3RRU 4T4R - 120W, L111@20MHz+L222@10MHz, U333, 12TRx + BB VBPe3p, Excluse BBU box) | C54: Tủ | E54: 10 | F54: 16686.8 | G54: =F54*D54 -> 0 | H54: =F54*E54 -> 166868 | J54: VT | K54: DLDĐ | L54: VTTB
A55: - | B55: ZTE_SRAN dual band 1800-2100Mhz (3RRU 4T4R - 120W, L111@20MHz+L222@10MHz, U333, 12TRx) Excluse BBU box and BB card | C55: Tủ | D55: 61 | E55: 139 | F55: 11686.8 | G55: =F55*D55 -> 712894.8 | H55: =F55*E55 -> 1624465.2 | J55: VT | K55: DLDĐ | L55: VTTB
A56: - | B56: ZTE_eNodeB 32T32R Dualband 2600-3500MHz (3AAU 3 sector, 3 cell LTE TDD @20+20+20MHz per 1 sector band 2600MHz and 1 cell NR @100MHz per 1 sector band C), Excluse BBU box. | C56: Tủ | D56: 18 | F56: 24000 | G56: =F56*D56 -> 432000 | H56: =F56*E56 -> 0 | J56: VT | K56: DLDĐ | L56: VTTB
A57: - | B57: eNodeB 8T8R 2600MHz (3 RRU 9 cell @20+20+20MHz) Excluse BBU and BB card | C57: Tủ | D57: 32 | F57: 11686.8 | G57: =F57*D57 -> 373977.6 | H57: =F57*E57 -> 0 | J57: VT | K57: DLDĐ | L57: VTTB
A58: - | B58: Jumper | C58: Cái | G58: =F58*D58 -> 0 | H58: =F58*E58 -> 0 | J58: VT | K58: DLDĐ | L58: VTTB
A59: - | B59: Anten 4G 8 port 4 port 700-900 + 4P 1800-2600 MHz | C59: Cái | D59: 18 | E59: 1041 | F59: 305 | G59: =F59*D59 -> 5490 | H59: =F59*E59 -> 317505 | J59: VT | K59: DLDĐ | L59: VTTB
A60: 1 | B60: Thiết bị 3G | G60: =SUBTOTAL(9,G61:G66) -> 0 | H60: =SUBTOTAL(9,H61:H66) -> 0
A61: - | B61: NodeB 3G dualband_Cosite | C61: Tủ | G61: =F61*D61 -> 0 | H61: =F61*E61 -> 0 | J61: VT | K61: DLDĐ | L61: VTTB
A62: - | B62: NodeB 3G dualband_New site | C62: Tủ | G62: =F62*D62 -> 0 | H62: =F62*E62 -> 0 | J62: VT | K62: DLDĐ | L62: VTTB
A63: - | B63: Card baseband | C63: Chiếc | G63: =F63*D63 -> 0 | H63: =F63*E63 -> 0 | J63: VT | K63: DLDĐ | L63: VTTB
A64: - | B64: Anten đa băng | C64: Chiếc | G64: =F64*D64 -> 0 | H64: =F64*E64 -> 0 | J64: VT | K64: DLDĐ | L64: VTTB
A65: - | B65: Jumper | C65: Chiếc | G65: =F65*D65 -> 0 | H65: =F65*E65 -> 0 | J65: VT | K65: DLDĐ | L65: VTTB
A66: - | B66: Bộ Gá đa năng (gồm 3 gá đơn lẻ và các phụ kiện) | C66: Chiếc | G66: =F66*D66 -> 0 | H66: =F66*E66 -> 0 | J66: VT | K66: DLDĐ | L66: VTTB
A67: 3 | B67: Thiết bị 2G | G67: =SUBTOTAL(9,G68:G73) -> 0 | H67: =SUBTOTAL(9,H68:H73) -> 0
A68: - | B68: BTS 2G 1800_Cosite | C68: Tủ | G68: =F68*D68 -> 0 | H68: =F68*E68 -> 0 | J68: VT | K68: DLDĐ | L68: VTTB
A69: - | B69: BTS 2G 900_Cosite | C69: Tủ | G69: =F69*D69 -> 0 | H69: =F69*E69 -> 0 | J69: VT | K69: DLDĐ | L69: VTTB
A70: - | B70: BTS 2G dualband_New site 2G | C70: Tủ | G70: =F70*D70 -> 0 | H70: =F70*E70 -> 0 | J70: VT | K70: DLDĐ | L70: VTTB
A71: - | B71: Anten đa băng | C71: Chiếc | G71: =F71*D71 -> 0 | H71: =F71*E71 -> 0 | J71: VT | K71: DLDĐ | L71: VTTB
A72: - | B72: Jumper | C72: Chiếc | G72: =F72*D72 -> 0 | H72: =F72*E72 -> 0 | J72: VT | K72: DLDĐ | L72: VTTB
A73: - | B73: Bộ Gá đa năng (gồm 3 gá đơn lẻ và các phụ kiện) | C73: Chiếc | G73: =F73*D73 -> 0 | H73: =F73*E73 -> 0 | J73: VT | K73: DLDĐ | L73: VTTB
A74: II | B74: Hiện đại hóa mạng lưới | G74: =SUBTOTAL(9,G75:G76) -> 0 | H74: =SUBTOTAL(9,H75:H76) -> 0
A75: - | B75: Swap 2100Mhz_sector | C75: Bộ | G75: =F75*D75 -> 0 | H75: =F75*E75 -> 0 | J75: VT | K75: VHKT | L75: VTTB
A76: - | B76: Anten đa băng | C76: Chiếc | G76: =F76*D76 -> 0 | H76: =F76*E76 -> 0 | J76: VT | K76: VHKT | L76: VTTB
A77: III | B77: Nâng cao chất lượng mạng | G77: =SUBTOTAL(9,G78:G88) -> 311621 | H77: =SUBTOTAL(9,H78:H88) -> 477500
A78: 1 | B78: Phần mềm, công cụ | G78: =SUBTOTAL(9,G79:G80) -> 0
A79: - | B79: Nâng cấp softwrae 2G | C79: Package | E79: 1 | F79: 60000 | G79: =F79*D79 -> 0 | H79: =F79*E79 -> 60000 | J79: VT | K79: VHKT | L79: VTTB
A80: - | B80: Nâng cấp softwrae 4G | C80: Package | E80: 1 | F80: 300000 | G80: =F80*D80 -> 0 | H80: =F80*E80 -> 300000 | J80: VT | K80: VHKT | L80: VTTB
A81: - | B81: Tính năng mới | C81: Package | D81: 1 | E81: 1 | F81: 100000 | G81: =F81*D81 -> 100000 | H81: =F81*E81 -> 100000 | J81: VT | K81: VHKT | L81: VTTB
A82: - | B82: Service deploy BSC, RNC (Huawei) | C82: Package | D82: 1 | E82: 1 | F82: 2500 | G82: =F82*D82 -> 2500 | H82: =F82*E82 -> 2500 | J82: VT | K82: VHKT | L82: VTTB
A83: - | B83: Dịch vụ triển khai OMC | C83: Package | E83: 1 | F83: 15000 | G83: =F83*D83 -> 0 | H83: =F83*E83 -> 15000 | J83: VT | K83: VHKT | L83: VTTB
A84: - | B84: BSC6910 (GSM: 2048) (SW) License | C84: Package | D84: 1 | F84: 74121 | G84: =F84*D84 -> 74121 | H84: =F84*E84 -> 0 | J84: VT | K84: VHKT | L84: VTTB
A85: - | B85: NDS + NGI ZTE | C85: pcs | D85: 1 | F85: 135000 | G85: =F85*D85 -> 135000 | H85: =F85*E85 -> 0 | J85: VT | K85: VHKT | L85: VTTB
A86: 2 | B86: Xe cơ động phục vụ LHSK | G86: =SUBTOTAL(9,G87:G88) -> 0 | H86: =SUBTOTAL(9,H87:H88) -> 0
A87: - | B87: Xe phát sóng cơ động | C87: Chiếc | G87: =F87*D87 -> 0 | H87: =F87*E87 -> 0 | J87: VT | K87: VPDĐ | L87: VTTB
A88: - | B88: Xe phát sóng chỉ huy, dã chiến đảm bảo hoạt động liên tục trong thiên tai, địch họa | C88: Chiếc | G88: =F88*D88 -> 0 | H88: =F88*E88 -> 0 | J88: VT | K88: PCTT | L88: VTTB
A89: A3 | B89: Đảm bảo dự phòng ƯCTT | G89: =SUBTOTAL(9,G90:G93) -> 223800 | H89: =SUBTOTAL(9,H90:H93) -> 223800
A90: 1 | B90: Huawei_RRU Tripband 700-800-900MHz 120W 4T4R | C90: Chiếc | D90: 12 | E90: 12 | F90: 4700 | G90: =F90*D90 -> 56400 | H90: =F90*E90 -> 56400 | J90: VT | K90: ƯCTT | L90: VTTB
A91: 2 | B91: Huawei_RRU dualband 1800-2100MHz 120W 4T4R | C91: Chiếc | D91: 15 | E91: 15 | F91: 3700 | G91: =F91*D91 -> 55500 | H91: =F91*E91 -> 55500 | J91: VT | K91: ƯCTT | L91: VTTB
A92: 3 | B92: ZTE_RRU Tripband 700-800-900MHz 120W 4T4R | C92: Chiếc | D92: 12 | E92: 12 | F92: 4700 | G92: =F92*D92 -> 56400 | H92: =F92*E92 -> 56400 | J92: VT | K92: ƯCTT | L92: VTTB
A93: 4 | B93: ZTE_RRU dualband 1800-2100MHz 120W 4T4R | C93: Chiếc | D93: 15 | E93: 15 | F93: 3700 | G93: =F93*D93 -> 55500 | H93: =F93*E93 -> 55500 | J93: VT | K93: ƯCTT | L93: VTTB
A94: B | B94: MẠNG LÕI | G94: =SUBTOTAL(9,G95:G250) -> 4410329.8 | H94: =SUBTOTAL(9,H95:H250) -> 1262940
A95: I | B95: Dung lượng | G95: =SUBTOTAL(9,G96:G163) -> 3568367.9 | H95: =SUBTOTAL(9,H96:H163) -> 291900
A96: 1 | B96: Đầu tư 5GC Mini cho khách hàng PMN | C96: Bộ | G96: =F96*D96 -> 0 | H96: =F96*E96 -> 0 | J96: ML | K96: PMN | L96: VTTB
A97: 2 | B97: MSC | C97: Session | G97: =F97*D97 -> 0 | H97: =F97*E97 -> 0 | J97: ML | K97: DLDĐ | L97: VTTB
A98: - | B98: MSC ATT SW | C98: Sub | D98: 571428.57 | F98: 0.45 | G98: =F98*D98 -> 257142.86 | H98: =F98*E98 -> 0 | J98: ML | K98: DLDĐ | L98: VTTB
A99: - | B99: MSC REG SW | C99: Sub | D99: 800000 | G99: =F99*D99 -> 0 | H99: =F99*E99 -> 0 | J99: ML | K99: DLDĐ | L99: VTTB
A100: - | B100: MSC ATT HW | C100: Sub | D100: 1072000 | F100: 0.3 | G100: =F100*D100 -> 321600 | H100: =F100*E100 -> 0 | J100: ML | K100: DLDĐ | L100: VTTB
A101: - | B101: MSC REG HW | C101: Sub | D101: 1500000 | G101: =F101*D101 -> 0 | H101: =F101*E101 -> 0 | J101: ML | K101: DLDĐ | L101: VTTB
A102: - | B102: MSC CSFB SW | C102: Sub | D102: 1000000 | F102: 0.05 | G102: =F102*D102 -> 50000 | H102: =F102*E102 -> 0 | J102: ML | K102: DLDĐ | L102: VTTB
...

Sheet TH theo DV
D1: 1000000
A2: STT | B2: Nội dung | C2: Ko xóa | D2: 2027 (triệu USD) | M2: 2028 (triệu USD) | V2: 2027-2028 (triệu USD) | AD2: Tỷ trọng theo dịch vụ
B3: Mảng | C3: Mã DV | D3: VT | E3: ML | F3: CĐBR | G3: CNTT | H3: TD | I3: CĐ | J3: HT | K3: Tổng | L3: Tỷ trọng (%) | M3: VT | N3: ML | O3: CĐBR | P3: CNTT | Q3: TD | R3: CĐ | S3: HT | T3: Tổng | U3: Tỷ trọng (%) | V3: VT | W3: ML | X3: CĐBR | Y3: CNTT | Z3: TD | AA3: CĐ | AB3: Tổng | AC3: Tỷ trọng (%) | AD3: 4G | AE3: 5G | AF3: CĐBR | AG3: Truyền hình | AH3: DC | AI3: Cloud | AJ3: CNTT
A4: * | B4: Tổng | D4: =SUBTOTAL(9,D6:D33) -> 6.7039447 | E4: =SUBTOTAL(9,E6:E33) -> 4.4103298 | F4: =SUBTOTAL(9,F6:F33) -> 0.24886576 | G4: =SUBTOTAL(9,G6:G33) -> 3.143013 | H4: =SUBTOTAL(9,H6:H33) -> 4.2668639 | I4: =SUBTOTAL(9,I6:I33) -> 3.6656298 | J4: =SUBTOTAL(9,J6:J33) -> 2.7723624 | K4: =SUBTOTAL(9,K6:K33) -> 25.211009 | M4: =SUBTOTAL(9,M6:M33) -> 6.9635168 | N4: =SUBTOTAL(9,N6:N33) -> 1.26294 | O4: =SUBTOTAL(9,O6:O33) -> 0.15776484 | P4: =SUBTOTAL(9,P6:P33) -> 6.9118918 | Q4: =SUBTOTAL(9,Q6:Q33) -> 1.9307843 | R4: =SUBTOTAL(9,R6:R33) -> 3.6710549 | S4: =SUBTOTAL(9,S6:S33) -> 3.9691435 | T4: =SUBTOTAL(9,T6:T33) -> 24.867096 | V4: =SUBTOTAL(9,V6:V33) -> 13.667462 | W4: =SUBTOTAL(9,W6:W33) -> 5.6732698 | X4: =SUBTOTAL(9,X6:X33) -> 0.4066306 | Y4: =SUBTOTAL(9,Y6:Y33) -> 10.054905 | Z4: =SUBTOTAL(9,Z6:Z33) -> 6.1976482 | AA4: =SUBTOTAL(9,AA6:AA33) -> 7.3366847 | AB4: =SUBTOTAL(9,AB6:AB33) -> 43.3366 | AC4: =AB4/$AB$4 -> 1 | AD4: =AB10*AD10+AB12*AD12+AB21*AD21+AB24*AD24+AB25*AD25+(V30+W30+Z30+AA30)*AD30+(V31+W31+Z31+AA31)*AD31+(V32+W32+Z32+AA32)*AD32+AB33*AD33 -> 35.751091 | AE4: =AE7*AB7 -> 0.066364 | AF4: =AB8*AF8+AB16*AF16+AB17*AF17+AB19*AF19+X30*AF30+X31*AF31+X32*AF32+AB33*AF33 -> 2.0167546 | AG4: =AB18*AG18+AB21*AG21+X30*AG30+X31*AG31 -> 0.069726597 | AH4: =AB21*AH21 -> 1.3945319 | AI4: =AB9*AI9+AB20*AI20 -> 0.06506552 | AJ4: =AB23*AJ23+AB9*AJ9+Y30*AJ30+Y31*AJ31 -> 3.4639825
B5: Tỷ trọng theo mảng | D5: =D4/$K$4 -> 0.26591338 | E5: =E4/$K$4 -> 0.17493666 | F5: =F4/$K$4 -> 0.0098713128 | G5: =G4/$K$4 -> 0.12466827 | H5: =H4/$K$4 -> 0.16924606 | I5: =I4/$K$4 -> 0.14539798 | J5: =J4/$K$4 -> 0.10996634 | K5: =K4/$K$4 -> 1 | M5: =M4/$T$4 -> 0.28002935 | N5: =N4/$T$4 -> 0.050787594 | O5: =O4/$T$4 -> 0.006344321 | P5: =P4/$T$4 -> 0.27795331 | Q5: =Q4/$T$4 -> 0.07764414 | R5: =R4/$T$4 -> 0.14762701 | S5: =S4/$K$4 -> 0.15743692 | T5: =T4/$T$4 -> 1 | V5: =V4/$AB$4 -> 0.31537919 | W5: =W4/$AB$4 -> 0.13091174 | X5: =X4/$AB$4 -> 0.0093830758 | Y5: =Y4/$AB$4 -> 0.23201878 | Z5: =Z4/$AB$4 -> 0.14301187 | AA5: =AA4/$AB$4 -> 0.16929535 | AB5: =AB4/$AB$4 -> 1
A6: I | B6: Công nghệ mới triển khai diện rộng cho kinh doanh | D6: =SUBTOTAL(9,D7:D10) -> 0 | E6: =SUBTOTAL(9,E7:E10) -> 0 | F6: =SUBTOTAL(9,F7:F10) -> 0 | G6: =SUBTOTAL(9,G7:G10) -> 0.125126 | H6: =SUBTOTAL(9,H7:H10) -> 0.0353 | I6: =SUBTOTAL(9,I7:I10) -> 0 | J6: =SUBTOTAL(9,J7:J10) -> 0 | K6: =SUBTOTAL(9,K7:K10) -> 0.160426 | L6: =K6/$K$4 -> 0.0063633311 | M6: =SUBTOTAL(9,M7:M10) -> 0 | N6: =SUBTOTAL(9,N7:N10) -> 0 | O6: =SUBTOTAL(9,O7:O10) -> 0 | P6: =SUBTOTAL(9,P7:P10) -> 0 | Q6: =SUBTOTAL(9,Q7:Q10) -> 0.031064 | R6: =SUBTOTAL(9,R7:R10) -> 0 | S6: =SUBTOTAL(9,S7:S10) -> 0 | T6: =SUBTOTAL(9,T7:T10) -> 0.031064 | U6: =T6/$T$4 -> 0.0012492009 | V6: =SUBTOTAL(9,V7:V9) -> 0 | W6: =SUBTOTAL(9,W7:W9) -> 0 | X6: =SUBTOTAL(9,X7:X9) -> 0 | Y6: =SUBTOTAL(9,Y7:Y9) -> 0.125126 | Z6: =SUBTOTAL(9,Z7:Z9) -> 0.066364 | AA6: =SUBTOTAL(9,AA7:AA9) -> 0 | AB6: =SUBTOTAL(9,AB7:AB10) -> 0.19149 | AC6: =AB6/$AB$4 -> 0.0044186669
A7: 1 | B7: Mạng 5G | C7: 5G | D7: =SUMIFS('PL1.1 ML2027-2028'!$G:$G,'PL1.1 ML2027-2028'!$J:$J,'TH theo DV'!$D$3,'PL1.1 ML2027-2028'!$K:$K,'TH theo DV'!C7)/$D$1 -> 0 | E7: =SUMIFS('PL1.1 ML2027-2028'!$G:$G,'PL1.1 ML2027-2028'!$J:$J,'TH theo DV'!$E$3,'PL1.1 ML2027-2028'!$K:$K,'TH theo DV'!C7)/$D$1 -> 0 | F7: =SUMIFS('PL1.1 ML2027-2028'!$G:$G,'PL1.1 ML2027-2028'!$J:$J,'TH theo DV'!$F$3,'PL1.1 ML2027-2028'!$K:$K,'TH theo DV'!C7)/$D$1 -> 0 | G7: =SUMIFS('PL1.1 ML2027-2028'!$G:$G,'PL1.1 ML2027-2028'!$J:$J,'TH theo DV'!$G$3,'PL1.1 ML2027-2028'!$K:$K,'TH theo DV'!C7)/$D$1 -> 0 | H7: =SUMIFS('PL1.1 ML2027-2028'!$G:$G,'PL1.1 ML2027-2028'!$J:$J,'TH theo DV'!$H$3,'PL1.1 ML2027-2028'!$K:$K,'TH theo DV'!C7)/$D$1 -> 0.0353 | I7: =SUMIFS('PL1.1 ML2027-2028'!$G:$G,'PL1.1 ML2027-2028'!$J:$J,'TH theo DV'!$I$3,'PL1.1 ML2027-2028'!$K:$K,'TH theo DV'!C7)/$D$1 -> 0 | J7: =SUMIFS('PL1.1 ML2027-2028'!$G:$G,'PL1.1 ML2027-2028'!$J:$J,'TH theo DV'!J$3,'PL1.1 ML2027-2028'!$K:$K,'TH theo DV'!$C7)/$D$1 -> 0 | K7: =SUM(D7:J7) -> 0.0353 | L7: =K7/$K$4 -> 0.0014001819 | M7: =SUMIFS('PL1.1 ML2027-2028'!$H:$H,'PL1.1 ML2027-2028'!$J:$J,'TH theo DV'!M$3,'PL1.1 ML2027-2028'!$K:$K,'TH theo DV'!$C7)/$D$1 -> 0 | N7: =SUMIFS('PL1.1 ML2027-2028'!$H:$H,'PL1.1 ML2027-2028'!$J:$J,'TH theo DV'!N$3,'PL1.1 ML2027-2028'!$K:$K,'TH theo DV'!$C7)/$D$1 -> 0 | O7: =SUMIFS('PL1.1 ML2027-2028'!$H:$H,'PL1.1 ML2027-2028'!$J:$J,'TH theo DV'!O$3,'PL1.1 ML2027-2028'!$K:$K,'TH theo DV'!$C7)/$D$1 -> 0 | P7: =SUMIFS('PL1.1 ML2027-2028'!$H:$H,'PL1.1 ML2027-2028'!$J:$J,'TH theo DV'!P$3,'PL1.1 ML2027-2028'!$K:$K,'TH theo DV'!$C7)/$D$1 -> 0 | Q7: =SUMIFS('PL1.1 ML2027-2028'!$H:$H,'PL1.1 ML2027-2028'!$J:$J,'TH theo DV'!Q$3,'PL1.1 ML2027-2028'!$K:$K,'TH theo DV'!$C7)/$D$1 -> 0.031064 | R7: =SUMIFS('PL1.1 ML2027-2028'!$H:$H,'PL1.1 ML2027-2028'!$J:$J,'TH theo DV'!R$3,'PL1.1 ML2027-2028'!$K:$K,'TH theo DV'!$C7)/$D$1 -> 0 | S7: =SUMIFS('PL1.1 ML2027-2028'!$H:$H,'PL1.1 ML2027-2028'!$J:$J,'TH theo DV'!S$3,'PL1.1 ML2027-2028'!$K:$K,'TH theo DV'!$C7)/$D$1 -> 0 | T7: =SUM(M7:S7) -> 0.031064 | V7: =D7+M7 -> 0 | W7: =E7+N7 -> 0 | X7: =F7+O7 -> 0 | Y7: =G7+P7 -> 0 | Z7: =H7+Q7 -> 0.066364 | AA7: =I7+R7 -> 0 | AB7: =SUM(V7:AA7) -> 0.066364 | AC7: =AB7/$AB$4 -> 0.0015313615 | AE7: 1
A8: 2 | B8: XGSPON | C8: XGSPON | D8: =SUMIFS('PL1.1 ML2027-2028'!$G:$G,'PL1.1 ML2027-2028'!$J:$J,'TH theo DV'!$D$3,'PL1.1 ML2027-2028'!$K:$K,'TH theo DV'!C8)/$D$1 -> 0 | E8: =SUMIFS('PL1.1 ML2027-2028'!$G:$G,'PL1.1 ML2027-2028'!$J:$J,'TH theo DV'!$E$3,'PL1.1 ML2027-2028'!$K:$K,'TH theo DV'!C8)/$D$1 -> 0 | F8: =SUMIFS('PL1.1 ML2027-2028'!$G:$G,'PL1.1 ML2027-2028'!$J:$J,'TH theo DV'!$F$3,'PL1.1 ML2027-2028'!$K:$K,'TH theo DV'!C8)/$D$1 -> 0 | G8: =SUMIFS('PL1.1 ML2027-2028'!$G:$G,'PL1.1 ML2027-2028'!$J:$J,'TH theo DV'!$G$3,'PL1.1 ML2027-2028'!$K:$K,'TH theo DV'!C8)/$D$1 * 0.43287 -> 0 | H8: =SUMIFS('PL1.1 ML2027-2028'!$G:$G,'PL1.1 ML2027-2028'!$J:$J,'TH theo DV'!$H$3,'PL1.1 ML2027-2028'!$K:$K,'TH theo DV'!C8)/$D$1 -> 0 | I8: =SUMIFS('PL1.1 ML2027-2028'!$G:$G,'PL1.1 ML2027-2028'!$J:$J,'TH theo DV'!$I$3,'PL1.1 ML2027-2028'!$K:$K,'TH theo DV'!C8)/$D$1 -> 0 | J8: =SUMIFS('PL1.1 ML2027-2028'!$G:$G,'PL1.1 ML2027-2028'!$J:$J,'TH theo DV'!J$3,'PL1.1 ML2027-2028'!$K:$K,'TH theo DV'!$C8)/$D$1 -> 0 | K8: =SUM(D8:J8) -> 0 | L8: =K8/$K$4 -> 0 | M8: =SUMIFS('PL1.1 ML2027-2028'!$H:$H,'PL1.1 ML2027-2028'!$J:$J,'TH theo DV'!M$3,'PL1.1 ML2027-2028'!$K:$K,'TH theo DV'!$C8)/$D$1 -> 0 | N8: =SUMIFS('PL1.1 ML2027-2028'!$H:$H,'PL1.1 ML2027-2028'!$J:$J,'TH theo DV'!N$3,'PL1.1 ML2027-2028'!$K:$K,'TH theo DV'!$C8)/$D$1 -> 0 | O8: =SUMIFS('PL1.1 ML2027-2028'!$H:$H,'PL1.1 ML2027-2028'!$J:$J,'TH theo DV'!O$3,'PL1.1 ML2027-2028'!$K:$K,'TH theo DV'!$C8)/$D$1 -> 0 | P8: =SUMIFS('PL1.1 ML2027-2028'!$H:$H,'PL1.1 ML2027-2028'!$J:$J,'TH theo DV'!P$3,'PL1.1 ML2027-2028'!$K:$K,'TH theo DV'!$C8)/$D$1 -> 0 | Q8: =SUMIFS('PL1.1 ML2027-2028'!$H:$H,'PL1.1 ML2027-2028'!$J:$J,'TH theo DV'!Q$3,'PL1.1 ML2027-2028'!$K:$K,'TH theo DV'!$C8)/$D$1 -> 0 | R8: =SUMIFS('PL1.1 ML2027-2028'!$H:$H,'PL1.1 ML2027-2028'!$J:$J,'TH theo DV'!R$3,'PL1.1 ML2027-2028'!$K:$K,'TH theo DV'!$C8)/$D$1 -> 0 | S8: =SUMIFS('PL1.1 ML2027-2028'!$H:$H,'PL1.1 ML2027-2028'!$J:$J,'TH theo DV'!S$3,'PL1.1 ML2027-2028'!$K:$K,'TH theo DV'!$C8)/$D$1 -> 0 | T8: =SUM(M8:S8) -> 0 | V8: =D8+M8 -> 0 | W8: =E8+N8 -> 0 | X8: =F8+O8 -> 0 | Y8: =G8+P8 -> 0 | Z8: =H8+Q8 -> 0 | AA8: =I8+R8 -> 0 | AB8: =SUM(V8:AA8) -> 0 | AC8: =AB8/$AB$4 -> 0 | AF8: 1
A9: 3 | B9: AI/GPU | C9: AI/GPU | D9: =SUMIFS('PL1.1 ML2027-2028'!$G:$G,'PL1.1 ML2027-2028'!$J:$J,'TH theo DV'!$D$3,'PL1.1 ML2027-2028'!$K:$K,'TH theo DV'!C9)/$D$1 -> 0 | E9: =SUMIFS('PL1.1 ML2027-2028'!$G:$G,'PL1.1 ML2027-2028'!$J:$J,'TH theo DV'!$E$3,'PL1.1 ML2027-2028'!$K:$K,'TH theo DV'!C9)/$D$1 -> 0 | F9: =SUMIFS('PL1.1 ML2027-2028'!$G:$G,'PL1.1 ML2027-2028'!$J:$J,'TH theo DV'!$F$3,'PL1.1 ML2027-2028'!$K:$K,'TH theo DV'!C9)/$D$1 -> 0 | G9: =SUMIFS('PL1.1 ML2027-2028'!$G:$G,'PL1.1 ML2027-2028'!$J:$J,'TH theo DV'!G$3,'PL1.1 ML2027-2028'!$K:$K,'TH theo DV'!$C9)/$D$1 -> 0.125126 | H9: =SUMIFS('PL1.1 ML2027-2028'!$G:$G,'PL1.1 ML2027-2028'!$J:$J,'TH theo DV'!$H$3,'PL1.1 ML2027-2028'!$K:$K,'TH theo DV'!C9)/$D$1 -> 0 | I9: =SUMIFS('PL1.1 ML2027-2028'!$G:$G,'PL1.1 ML2027-2028'!$J:$J,'TH theo DV'!$I$3,'PL1.1 ML2027-2028'!$K:$K,'TH theo DV'!C9)/$D$1 -> 0 | J9: =SUMIFS('PL1.1 ML2027-2028'!$G:$G,'PL1.1 ML2027-2028'!$J:$J,'TH theo DV'!J$3,'PL1.1 ML2027-2028'!$K:$K,'TH theo DV'!$C9)/$D$1 -> 0 | K9: =SUM(D9:J9) -> 0.125126 | L9: =K9/$K$4 -> 0.0049631492 | M9: =SUMIFS('PL1.1 ML2027-2028'!$H:$H,'PL1.1 ML2027-2028'!$J:$J,'TH theo DV'!M$3,'PL1.1 ML2027-2028'!$K:$K,'TH theo DV'!$C9)/$D$1 -> 0 | N9: =SUMIFS('PL1.1 ML2027-2028'!$H:$H,'PL1.1 ML2027-2028'!$J:$J,'TH theo DV'!N$3,'PL1.1 ML2027-2028'!$K:$K,'TH theo DV'!$C9)/$D$1 -> 0 | O9: =SUMIFS('PL1.1 ML2027-2028'!$H:$H,'PL1.1 ML2027-2028'!$J:$J,'TH theo DV'!O$3,'PL1.1 ML2027-2028'!$K:$K,'TH theo DV'!$C9)/$D$1 -> 0 | P9: =SUMIFS('PL1.1 ML2027-2028'!$H:$H,'PL1.1 ML2027-2028'!$J:$J,'TH theo DV'!P$3,'PL1.1 ML2027-2028'!$K:$K,'TH theo DV'!$C9)/$D$1 -> 0 | Q9: =SUMIFS('PL1.1 ML2027-2028'!$H:$H,'PL1.1 ML2027-2028'!$J:$J,'TH theo DV'!Q$3,'PL1.1 ML2027-2028'!$K:$K,'TH theo DV'!$C9)/$D$1 -> 0 | R9: =SUMIFS('PL1.1 ML2027-2028'!$H:$H,'PL1.1 ML2027-2028'!$J:$J,'TH theo DV'!R$3,'PL1.1 ML2027-2028'!$K:$K,'TH theo DV'!$C9)/$D$1 -> 0 | S9: =SUMIFS('PL1.1 ML2027-2028'!$H:$H,'PL1.1 ML2027-2028'!$J:$J,'TH theo DV'!S$3,'PL1.1 ML2027-2028'!$K:$K,'TH theo DV'!$C9)/$D$1 -> 0 | T9: =SUM(M9:S9) -> 0 | V9: =D9+M9 -> 0 | W9: =E9+N9 -> 0 | X9: =F9+O9 -> 0 | Y9: =G9+P9 -> 0.125126 | Z9: =H9+Q9 -> 0 | AA9: =I9+R9 -> 0 | AB9: =SUM(V9:AA9) -> 0.125126 | AC9: =AB9/$AB$4 -> 0.0028873054 | AI9: 0.52 | AJ9: 0.48
A10: 4 | B10: Private Mobile Network | C10: PMN | D10: =SUMIFS('PL1.1 ML2027-2028'!$G:$G,'PL1.1 ML2027-2028'!$J:$J,'TH theo DV'!$D$3,'PL1.1 ML2027-2028'!$K:$K,'TH theo DV'!C10)/$D$1 -> 0 | E10: =SUMIFS('PL1.1 ML2027-2028'!$G:$G,'PL1.1 ML2027-2028'!$J:$J,'TH theo DV'!$E$3,'PL1.1 ML2027-2028'!$K:$K,'TH theo DV'!C10)/$D$1 -> 0 | F10: =SUMIFS('PL1.1 ML2027-2028'!$G:$G,'PL1.1 ML2027-2028'!$J:$J,'TH theo DV'!$F$3,'PL1.1 ML2027-2028'!$K:$K,'TH theo DV'!C10)/$D$1 -> 0 | G10: =SUMIFS('PL1.1 ML2027-2028'!$G:$G,'PL1.1 ML2027-2028'!$J:$J,'TH theo DV'!$G$3,'PL1.1 ML2027-2028'!$K:$K,'TH theo DV'!C10)/$D$1 -> 0 | H10: =SUMIFS('PL1.1 ML2027-2028'!$G:$G,'PL1.1 ML2027-2028'!$J:$J,'TH theo DV'!$H$3,'PL1.1 ML2027-2028'!$K:$K,'TH theo DV'!C10)/$D$1 -> 0 | I10: =SUMIFS('PL1.1 ML2027-2028'!$G:$G,'PL1.1 ML2027-2028'!$J:$J,'TH theo DV'!$I$3,'PL1.1 ML2027-2028'!$K:$K,'TH theo DV'!C10)/$D$1 -> 0 | J10: =SUMIFS('PL1.1 ML2027-2028'!$G:$G,'PL1.1 ML2027-2028'!$J:$J,'TH theo DV'!J$3,'PL1.1 ML2027-2028'!$K:$K,'TH theo DV'!$C10)/$D$1 -> 0 | K10: =SUM(D10:J10) -> 0 | L10: =K10/$K$4 -> 0 | M10: =SUMIFS('PL1.1 ML2027-2028'!$H:$H,'PL1.1 ML2027-2028'!$J:$J,'TH theo DV'!M$3,'PL1.1 ML2027-2028'!$K:$K,'TH theo DV'!$C10)/$D$1 -> 0 | N10: =SUMIFS('PL1.1 ML2027-2028'!$H:$H,'PL1.1 ML2027-2028'!$J:$J,'TH theo DV'!N$3,'PL1.1 ML2027-2028'!$K:$K,'TH theo DV'!$C10)/$D$1 -> 0 | O10: =SUMIFS('PL1.1 ML2027-2028'!$H:$H,'PL1.1 ML2027-2028'!$J:$J,'TH theo DV'!O$3,'PL1.1 ML2027-2028'!$K:$K,'TH theo DV'!$C10)/$D$1 -> 0 | P10: =SUMIFS('PL1.1 ML2027-2028'!$H:$H,'PL1.1 ML2027-2028'!$J:$J,'TH theo DV'!P$3,'PL1.1 ML2027-2028'!$K:$K,'TH theo DV'!$C10)/$D$1 -> 0 | Q10: =SUMIFS('PL1.1 ML2027-2028'!$H:$H,'PL1.1 ML2027-2028'!$J:$J,'TH theo DV'!Q$3,'PL1.1 ML2027-2028'!$K:$K,'TH theo DV'!$C10)/$D$1 -> 0 | R10: =SUMIFS('PL1.1 ML2027-2028'!$H:$H,'PL1.1 ML2027-2028'!$J:$J,'TH theo DV'!R$3,'PL1.1 ML2027-2028'!$K:$K,'TH theo DV'!$C10)/$D$1 -> 0 | S10: =SUMIFS('PL1.1 ML2027-2028'!$H:$H,'PL1.1 ML2027-2028'!$J:$J,'TH theo DV'!S$3,'PL1.1 ML2027-2028'!$K:$K,'TH theo DV'!$C10)/$D$1 -> 0 | T10: =SUM(M10:S10) -> 0 | V10: =D10+M10 -> 0 | W10: =E10+N10 -> 0 | X10: =F10+O10 -> 0 | Y10: =G10+P10 -> 0 | Z10: =H10+Q10 -> 0 | AA10: =I10+R10 -> 0 | AB10: =SUM(V10:AA10) -> 0 | AC10: =AB10/$AB$4 -> 0 | AD10: 1
A11: II | B11: Mở rộng mạng lưới hiện tại cho kinh doanh | D11: =SUBTOTAL(9,D12:D25) -> 6.1685237 | E11: =SUBTOTAL(9,E12:E25) -> 3.5683679 | F11: =SUBTOTAL(9,F12:F25) -> 0.24886576 | G11: =SUBTOTAL(9,G12:G25) -> 2.084005 | H11: =SUBTOTAL(9,H12:H25) -> 3.6325999 | I11: =SUBTOTAL(9,I12:I25) -> 2.3053437 | J11: =SUBTOTAL(9,J12:J25) -> 2.7723624 | K11: =SUBTOTAL(9,K12:K28) -> 21.021192 | L11: =K11/$K$4 -> 0.83381002 | M11: =SUBTOTAL(9,M12:M25) -> 6.2622168 | N11: =SUBTOTAL(9,N12:N25) -> 0.2919 | O11: =SUBTOTAL(9,O12:O25) -> 0.15776484 | P11: =SUBTOTAL(9,P12:P25) -> 6.6932028 | Q11: =SUBTOTAL(9,Q12:Q25) -> 1.2954203 | R11: =SUBTOTAL(9,R12:R25) -> 1.8311428 | S11: =SUBTOTAL(9,S12:S25) -> 3.9691435 | T11: =SUBTOTAL(9,T12:T28) -> 20.768751 | U11: =T11/$T$4 -> 0.83519004 | V11: =SUBTOTAL(9,V12:V32) -> 13.667462 | W11: =SUBTOTAL(9,W12:W32) -> 5.6732698 | X11: =SUBTOTAL(9,X12:X32) -> 0.4066306 | Y11: =SUBTOTAL(9,Y12:Y32) -> 9.9297788 | Z11: =SUBTOTAL(9,Z12:Z32) -> 6.1312842 | AA11: =SUBTOTAL(9,AA12:AA32) -> 7.3366847 | AB11: =SUBTOTAL(9,AB12:AB25) -> 34.539354 | AC11: =AB11/$AB$4 -> 0.79700193
A12: 1 | B12: Mạng 2/3/4G | D12: =SUBTOTAL(9,D13:D14) -> 6.1685237 | E12: =SUBTOTAL(9,E13:E14) -> 3.5683679 | F12: =SUBTOTAL(9,F13:F14) -> 0 | G12: =SUBTOTAL(9,G13:G14) -> 0 | H12: =SUBTOTAL(9,H13:H14) -> 0.834259 | I12: =SUBTOTAL(9,I13:I14) -> 1.9053437 | J12: =SUBTOTAL(9,J13:J14) -> 2.6355654 | K12: =SUBTOTAL(9,K13:K14) -> 15.11206 | L12: =K12/$K$4 -> 0.59942303 | M12: =SUBTOTAL(9,M13:M14) -> 6.2622168 | N12: =SUBTOTAL(9,N13:N14) -> 0.2919 | O12: =SUBTOTAL(9,O13:O14) -> 0 | P12: =SUBTOTAL(9,P13:P14) -> 0 | Q12: =SUBTOTAL(9,Q13:Q14) -> 1.1404723 | R12: =SUBTOTAL(9,R13:R14) -> 1.8311428 | S12: =SUBTOTAL(9,S13:S14) -> 3.9691435 | T12: =SUBTOTAL(9,T13:T14) -> 13.494876 | U12: =T12/$T$4 -> 0.54267999 | V12: =SUBTOTAL(9,V13:V14) -> 12.430741 | W12: =SUBTOTAL(9,W13:W14) -> 3.8602679 | X12: =SUBTOTAL(9,X13:X14) -> 0 | Y12: =SUBTOTAL(9,Y13:Y14) -> 0 | Z12: =SUBTOTAL(9,Z13:Z14) -> 1.9747313 | AA12: =SUBTOTAL(9,AA13:AA14) -> 3.7364865 | AB12: =SUBTOTAL(9,AB13:AB14) -> 22.002226 | AC12: =AB12/$AB$4 -> 0.50770541 | AD12: 1
A13: - | B13: 2/3/4G vùng phủ | C13: VPDĐ | D13: =SUMIFS('PL1.1 ML2027-2028'!$G:$G,'PL1.1 ML2027-2028'!$J:$J,'TH theo DV'!$D$3,'PL1.1 ML2027-2028'!$K:$K,'TH theo DV'!C13)/$D$1 -> 1.1282284 | E13: =SUMIFS('PL1.1 ML2027-2028'!$G:$G,'PL1.1 ML2027-2028'!$J:$J,'TH theo DV'!$E$3,'PL1.1 ML2027-2028'!$K:$K,'TH theo DV'!C13)/$D$1 -> 0 | F13: =SUMIFS('PL1.1 ML2027-2028'!$G:$G,'PL1.1 ML2027-2028'!$J:$J,'TH theo DV'!$F$3,'PL1.1 ML2027-2028'!$K:$K,'TH theo DV'!C13)/$D$1 -> 0 | G13: =SUMIFS('PL1.1 ML2027-2028'!$G:$G,'PL1.1 ML2027-2028'!$J:$J,'TH theo DV'!$G$3,'PL1.1 ML2027-2028'!$K:$K,'TH theo DV'!C13)/$D$1 -> 0 | H13: =SUMIFS('PL1.1 ML2027-2028'!$G:$G,'PL1.1 ML2027-2028'!$J:$J,'TH theo DV'!H$3,'PL1.1 ML2027-2028'!$K:$K,'TH theo DV'!$C13)/$D$1 -> 0.834259 | I13: =SUMIFS('PL1.1 ML2027-2028'!$G:$G,'PL1.1 ML2027-2028'!$J:$J,'TH theo DV'!$I$3,'PL1.1 ML2027-2028'!$K:$K,'TH theo DV'!C13)/$D$1 -> 1.4700764 | J13: =SUMIFS('PL1.1 ML2027-2028'!$G:$G,'PL1.1 ML2027-2028'!$J:$J,'TH theo DV'!J$3,'PL1.1 ML2027-2028'!$K:$K,'TH theo DV'!$C13)/$D$1 -> 2.2636443 | K13: =SUM(D13:J13) -> 5.6962081 | L13: =K13/$K$4 -> 0.22594129 | M13: =SUMIFS('PL1.1 ML2027-2028'!$H:$H,'PL1.1 ML2027-2028'!$J:$J,'TH theo DV'!M$3,'PL1.1 ML2027-2028'!$K:$K,'TH theo DV'!$C13)/$D$1 -> 0.65373303 | N13: =SUMIFS('PL1.1 ML2027-2028'!$H:$H,'PL1.1 ML2027-2028'!$J:$J,'TH theo DV'!N$3,'PL1.1 ML2027-2028'!$K:$K,'TH theo DV'!$C13)/$D$1 -> 0 | O13: =SUMIFS('PL1.1 ML2027-2028'!$H:$H,'PL1.1 ML2027-2028'!$J:$J,'TH theo DV'!O$3,'PL1.1 ML2027-2028'!$K:$K,'TH theo DV'!$C13)/$D$1 -> 0 | P13: =SUMIFS('PL1.1 ML2027-2028'!$H:$H,'PL1.1 ML2027-2028'!$J:$J,'TH theo DV'!P$3,'PL1.1 ML2027-2028'!$K:$K,'TH theo DV'!$C13)/$D$1 -> 0 | Q13: =SUMIFS('PL1.1 ML2027-2028'!$H:$H,'PL1.1 ML2027-2028'!$J:$J,'TH theo DV'!Q$3,'PL1.1 ML2027-2028'!$K:$K,'TH theo DV'!$C13)/$D$1 -> 1.1404723 | R13: =SUMIFS('PL1.1 ML2027-2028'!$H:$H,'PL1.1 ML2027-2028'!$J:$J,'TH theo DV'!R$3,'PL1.1 ML2027-2028'!$K:$K,'TH theo DV'!$C13)/$D$1 -> 0.9702167 | S13: =SUMIFS('PL1.1 ML2027-2028'!$H:$H,'PL1.1 ML2027-2028'!$J:$J,'TH theo DV'!S$3,'PL1.1 ML2027-2028'!$K:$K,'TH theo DV'!$C13)/$D$1 -> 1.4610112 | T13: =SUM(M13:S13) -> 4.2254333 | V13: =D13+M13 -> 1.7819614 | W13: =E13+N13 -> 0 | X13: =F13+O13 -> 0 | Y13: =G13+P13 -> 0 | Z13: =H13+Q13 -> 1.9747313 | AA13: =I13+R13 -> 2.4402931 | AB13: =SUM(V13:AA13) -> 6.1969858 | AC13: =AB13/$AB$4 -> 0.14299659
A14: - | B14: 2/3/4G dung lượng | C14: DLDĐ | D14: =SUMIFS('PL1.1 ML2027-2028'!$G:$G,'PL1.1 ML2027-2028'!$J:$J,'TH theo DV'!$D$3,'PL1.1 ML2027-2028'!$K:$K,'TH theo DV'!C14)/$D$1 -> 5.0402954 | E14: =SUMIFS('PL1.1 ML2027-2028'!$G:$G,'PL1.1 ML2027-2028'!$J:$J,'TH theo DV'!$E$3,'PL1.1 ML2027-2028'!$K:$K,'TH theo DV'!C14)/$D$1 -> 3.5683679 | F14: =SUMIFS('PL1.1 ML2027-2028'!$G:$G,'PL1.1 ML2027-2028'!$J:$J,'TH theo DV'!$F$3,'PL1.1 ML2027-2028'!$K:$K,'TH theo DV'!C14)/$D$1 -> 0 | G14: =SUMIFS('PL1.1 ML2027-2028'!$G:$G,'PL1.1 ML2027-2028'!$J:$J,'TH theo DV'!$G$3,'PL1.1 ML2027-2028'!$K:$K,'TH theo DV'!C14)/$D$1 -> 0 | H14: =SUMIFS('PL1.1 ML2027-2028'!$G:$G,'PL1.1 ML2027-2028'!$J:$J,'TH theo DV'!H$3,'PL1.1 ML2027-2028'!$K:$K,'TH theo DV'!$C14)/$D$1 -> 0 | I14: =SUMIFS('PL1.1 ML2027-2028'!$G:$G,'PL1.1 ML2027-2028'!$J:$J,'TH theo DV'!$I$3,'PL1.1 ML2027-2028'!$K:$K,'TH theo DV'!C14)/$D$1 -> 0.43526727 | J14: =SUMIFS('PL1.1 ML2027-2028'!$G:$G,'PL1.1 ML2027-2028'!$J:$J,'TH theo DV'!J$3,'PL1.1 ML2027-2028'!$K:$K,'TH theo DV'!$C14)/$D$1 -> 0.37192109 | K14: =SUM(D14:J14) -> 9.4158516 | L14: =K14/$K$4 -> 0.37348174 | M14: =SUMIFS('PL1.1 ML2027-2028'!$H:$H,'PL1.1 ML2027-2028'!$J:$J,'TH theo DV'!M$3,'PL1.1 ML2027-2028'!$K:$K,'TH theo DV'!$C14)/$D$1 -> 5.6084838 | N14: =SUMIFS('PL1.1 ML2027-2028'!$H:$H,'PL1.1 ML2027-2028'!$J:$J,'TH theo DV'!N$3,'PL1.1 ML2027-2028'!$K:$K,'TH theo DV'!$C14)/$D$1 -> 0.2919 | O14: =SUMIFS('PL1.1 ML2027-2028'!$H:$H,'PL1.1 ML2027-2028'!$J:$J,'TH theo DV'!O$3,'PL1.1 ML2027-2028'!$K:$K,'TH theo DV'!$C14)/$D$1 -> 0 | P14: =SUMIFS('PL1.1 ML2027-2028'!$H:$H,'PL1.1 ML2027-2028'!$J:$J,'TH theo DV'!P$3,'PL1.1 ML2027-2028'!$K:$K,'TH theo DV'!$C14)/$D$1 -> 0 | Q14: =SUMIFS('PL1.1 ML2027-2028'!$H:$H,'PL1.1 ML2027-2028'!$J:$J,'TH theo DV'!Q$3,'PL1.1 ML2027-2028'!$K:$K,'TH theo DV'!$C14)/$D$1 -> 0 | R14: =SUMIFS('PL1.1 ML2027-2028'!$H:$H,'PL1.1 ML2027-2028'!$J:$J,'TH theo DV'!R$3,'PL1.1 ML2027-2028'!$K:$K,'TH theo DV'!$C14)/$D$1 -> 0.86092614 | S14: =SUMIFS('PL1.1 ML2027-2028'!$H:$H,'PL1.1 ML2027-2028'!$J:$J,'TH theo DV'!S$3,'PL1.1 ML2027-2028'!$K:$K,'TH theo DV'!$C14)/$D$1 -> 2.5081323 | T14: =SUM(M14:S14) -> 9.2694422 | V14: =D14+M14 -> 10.648779 | W14: =E14+N14 -> 3.8602679 | X14: =F14+O14 -> 0 | Y14: =G14+P14 -> 0 | Z14: =H14+Q14 -> 0 | AA14: =I14+R14 -> 1.2961934 | AB14: =SUM(V14:AA14) -> 15.80524 | AC14: =AB14/$AB$4 -> 0.36470883
A15: 2 | B15: Mạng BRCĐ&TH | D15: =SUBTOTAL(9,D16:D19) -> 0 | E15: =SUBTOTAL(9,E16:E19) -> 0 | F15: =SUBTOTAL(9,F16:F19) -> 0.24886576 | G15: =SUBTOTAL(9,G16:G19) -> 0 | H15: =SUBTOTAL(9,H16:H19) -> 1.51789 | I15: =SUBTOTAL(9,I16:I19) -> 0 | J15: =SUBTOTAL(9,J16:J19) -> 0 | K15: =SUBTOTAL(9,K16:K19) -> 1.7667558 | L15: =K15/$K$4 -> 0.07007874 | M15: =SUBTOTAL(9,M16:M19) -> 0 | N15: =SUBTOTAL(9,N16:N19) -> 0 | O15: =SUBTOTAL(9,O16:O19) -> 0.15776484 | P15: =SUBTOTAL(9,P16:P19) -> 0 | Q15: =SUBTOTAL(9,Q16:Q19) -> 0.092234 | R15: =SUBTOTAL(9,R16:R19) -> 0 | S15: =SUBTOTAL(9,S16:S19) -> 0 | T15: =SUBTOTAL(9,T16:T19) -> 0.24999884 | U15: =T15/$T$4 -> 0.010053399 | V15: =SUBTOTAL(9,V16:V19) -> 0 | W15: =SUBTOTAL(9,W16:W19) -> 0 | X15: =SUBTOTAL(9,X16:X19) -> 0.4066306 | Y15: =SUBTOTAL(9,Y16:Y19) -> 0 | Z15: =SUBTOTAL(9,Z16:Z19) -> 1.610124 | AA15: =SUBTOTAL(9,AA16:AA19) -> 0 | AB15: =SUBTOTAL(9,AB16:AB19) -> 2.0167546 | AC15: =AB15/$AB$4 -> 0.046536983
A16: - | B16: Vùng phủ GPON | C16: VPGPON | D16: =SUMIFS('PL1.1 ML2027-2028'!$G:$G,'PL1.1 ML2027-2028'!$J:$J,'TH theo DV'!$D$3,'PL1.1 ML2027-2028'!$K:$K,'TH theo DV'!C16)/$D$1 -> 0 | E16: =SUMIFS('PL1.1 ML2027-2028'!$G:$G,'PL1.1 ML2027-2028'!$J:$J,'TH theo DV'!$E$3,'PL1.1 ML2027-2028'!$K:$K,'TH theo DV'!C16)/$D$1 -> 0 | F16: =SUMIFS('PL1.1 ML2027-2028'!$G:$G,'PL1.1 ML2027-2028'!$J:$J,'TH theo DV'!$F$3,'PL1.1 ML2027-2028'!$K:$K,'TH theo DV'!C16)/$D$1 -> 0 | G16: =SUMIFS('PL1.1 ML2027-2028'!$G:$G,'PL1.1 ML2027-2028'!$J:$J,'TH theo DV'!$G$3,'PL1.1 ML2027-2028'!$K:$K,'TH theo DV'!C16)/$D$1 -> 0 | H16: =SUMIFS('PL1.1 ML2027-2028'!$G:$G,'PL1.1 ML2027-2028'!$J:$J,'TH theo DV'!$H$3,'PL1.1 ML2027-2028'!$K:$K,'TH theo DV'!C16)/$D$1 -> 0 | I16: =SUMIFS('PL1.1 ML2027-2028'!$G:$G,'PL1.1 ML2027-2028'!$J:$J,'TH theo DV'!$I$3,'PL1.1 ML2027-2028'!$K:$K,'TH theo DV'!C16)/$D$1 -> 0 | J16: =SUMIFS('PL1.1 ML2027-2028'!$G:$G,'PL1.1 ML2027-2028'!$J:$J,'TH theo DV'!J$3,'PL1.1 ML2027-2028'!$K:$K,'TH theo DV'!$C16)/$D$1 -> 0 | K16: =SUM(D16:J16) -> 0 | L16: =K16/$K$4 -> 0 | M16: =SUMIFS('PL1.1 ML2027-2028'!$H:$H,'PL1.1 ML2027-2028'!$J:$J,'TH theo DV'!M$3,'PL1.1 ML2027-2028'!$K:$K,'TH theo DV'!$C16)/$D$1 -> 0 | N16: =SUMIFS('PL1.1 ML2027-2028'!$H:$H,'PL1.1 ML2027-2028'!$J:$J,'TH theo DV'!N$3,'PL1.1 ML2027-2028'!$K:$K,'TH theo DV'!$C16)/$D$1 -> 0 | O16: =SUMIFS('PL1.1 ML2027-2028'!$H:$H,'PL1.1 ML2027-2028'!$J:$J,'TH theo DV'!O$3,'PL1.1 ML2027-2028'!$K:$K,'TH theo DV'!$C16)/$D$1 -> 0 | P16: =SUMIFS('PL1.1 ML2027-2028'!$H:$H,'PL1.1 ML2027-2028'!$J:$J,'TH theo DV'!P$3,'PL1.1 ML2027-2028'!$K:$K,'TH theo DV'!$C16)/$D$1 -> 0 | Q16: =SUMIFS('PL1.1 ML2027-2028'!$H:$H,'PL1.1 ML2027-2028'!$J:$J,'TH theo DV'!Q$3,'PL1.1 ML2027-2028'!$K:$K,'TH theo DV'!$C16)/$D$1 -> 0 | R16: =SUMIFS('PL1.1 ML2027-2028'!$H:$H,'PL1.1 ML2027-2028'!$J:$J,'TH theo DV'!R$3,'PL1.1 ML2027-2028'!$K:$K,'TH theo DV'!$C16)/$D$1 -> 0 | S16: =SUMIFS('PL1.1 ML2027-2028'!$H:$H,'PL1.1 ML2027-2028'!$J:$J,'TH theo DV'!S$3,'PL1.1 ML2027-2028'!$K:$K,'TH theo DV'!$C16)/$D$1 -> 0 | T16: =SUM(M16:S16) -> 0 | V16: =D16+M16 -> 0 | W16: =E16+N16 -> 0 | X16: =F16+O16 -> 0 | Y16: =G16+P16 -> 0 | Z16: =H16+Q16 -> 0 | AA16: =I16+R16 -> 0 | AB16: =SUM(V16:AA16) -> 0 | AC16: =AB16/$AB$4 -> 0 | AF16: 1
A17: - | B17: Dung lượng Internet | C17: DLGPON | D17: =SUMIFS('PL1.1 ML2027-2028'!$G:$G,'PL1.1 ML2027-2028'!$J:$J,'TH theo DV'!$D$3,'PL1.1 ML2027-2028'!$K:$K,'TH theo DV'!C17)/$D$1 -> 0 | E17: =SUMIFS('PL1.1 ML2027-2028'!$G:$G,'PL1.1 ML2027-2028'!$J:$J,'TH theo DV'!$E$3,'PL1.1 ML2027-2028'!$K:$K,'TH theo DV'!C17)/$D$1 -> 0 | F17: =SUMIFS('PL1.1 ML2027-2028'!$G:$G,'PL1.1 ML2027-2028'!$J:$J,'TH theo DV'!$F$3,'PL1.1 ML2027-2028'!$K:$K,'TH theo DV'!C17)/$D$1 -> 0 | G17: =SUMIFS('PL1.1 ML2027-2028'!$G:$G,'PL1.1 ML2027-2028'!$J:$J,'TH theo DV'!$G$3,'PL1.1 ML2027-2028'!$K:$K,'TH theo DV'!C17)/$D$1 -> 0 | H17: =SUMIFS('PL1.1 ML2027-2028'!$G:$G,'PL1.1 ML2027-2028'!$J:$J,'TH theo DV'!$H$3,'PL1.1 ML2027-2028'!$K:$K,'TH theo DV'!C17)/$D$1 -> 1.51789 | I17: =SUMIFS('PL1.1 ML2027-2028'!$G:$G,'PL1.1 ML2027-2028'!$J:$J,'TH theo DV'!$I$3,'PL1.1 ML2027-2028'!$K:$K,'TH theo DV'!C17)/$D$1 -> 0 | J17: =SUMIFS('PL1.1 ML2027-2028'!$G:$G,'PL1.1 ML2027-2028'!$J:$J,'TH theo DV'!J$3,'PL1.1 ML2027-2028'!$K:$K,'TH theo DV'!$C17)/$D$1 -> 0 | K17: =SUM(D17:J17) -> 1.51789 | L17: =K17/$K$4 -> 0.060207427 | M17: =SUMIFS('PL1.1 ML2027-2028'!$H:$H,'PL1.1 ML2027-2028'!$J:$J,'TH theo DV'!M$3,'PL1.1 ML2027-2028'!$K:$K,'TH theo DV'!$C17)/$D$1 -> 0 | N17: =SUMIFS('PL1.1 ML2027-2028'!$H:$H,'PL1.1 ML2027-2028'!$J:$J,'TH theo DV'!N$3,'PL1.1 ML2027-2028'!$K:$K,'TH theo DV'!$C17)/$D$1 -> 0 | O17: =SUMIFS('PL1.1 ML2027-2028'!$H:$H,'PL1.1 ML2027-2028'!$J:$J,'TH theo DV'!O$3,'PL1.1 ML2027-2028'!$K:$K,'TH theo DV'!$C17)/$D$1 -> 0 | P17: =SUMIFS('PL1.1 ML2027-2028'!$H:$H,'PL1.1 ML2027-2028'!$J:$J,'TH theo DV'!P$3,'PL1.1 ML2027-2028'!$K:$K,'TH theo DV'!$C17)/$D$1 -> 0 | Q17: =SUMIFS('PL1.1 ML2027-2028'!$H:$H,'PL1.1 ML2027-2028'!$J:$J,'TH theo DV'!Q$3,'PL1.1 ML2027-2028'!$K:$K,'TH theo DV'!$C17)/$D$1 -> 0.092234 | R17: =SUMIFS('PL1.1 ML2027-2028'!$H:$H,'PL1.1 ML2027-2028'!$J:$J,'TH theo DV'!R$3,'PL1.1 ML2027-2028'!$K:$K,'TH theo DV'!$C17)/$D$1 -> 0 | S17: =SUMIFS('PL1.1 ML2027-2028'!$H:$H,'PL1.1 ML2027-2028'!$J:$J,'TH theo DV'!S$3,'PL1.1 ML2027-2028'!$K:$K,'TH theo DV'!$C17)/$D$1 -> 0 | T17: =SUM(M17:S17) -> 0.092234 | V17: =D17+M17 -> 0 | W17: =E17+N17 -> 0 | X17: =F17+O17 -> 0 | Y17: =G17+P17 -> 0 | Z17: =H17+Q17 -> 1.610124 | AA17: =I17+R17 -> 0 | AB17: =SUM(V17:AA17) -> 1.610124 | AC17: =AB17/$AB$4 -> 0.037153907 | AF17: 1
A18: - | B18: Dung lượng Truyền hình | C18: TH | D18: =SUMIFS('PL1.1 ML2027-2028'!$G:$G,'PL1.1 ML2027-2028'!$J:$J,'TH theo DV'!$D$3,'PL1.1 ML2027-2028'!$K:$K,'TH theo DV'!C18)/$D$1 -> 0 | E18: =SUMIFS('PL1.1 ML2027-2028'!$G:$G,'PL1.1 ML2027-2028'!$J:$J,'TH theo DV'!$E$3,'PL1.1 ML2027-2028'!$K:$K,'TH theo DV'!C18)/$D$1 -> 0 | F18: =SUMIFS('PL1.1 ML2027-2028'!$G:$G,'PL1.1 ML2027-2028'!$J:$J,'TH theo DV'!$F$3,'PL1.1 ML2027-2028'!$K:$K,'TH theo DV'!C18)/$D$1 -> 0 | G18: =SUMIFS('PL1.1 ML2027-2028'!$G:$G,'PL1.1 ML2027-2028'!$J:$J,'TH theo DV'!$G$3,'PL1.1 ML2027-2028'!$K:$K,'TH theo DV'!C18)/$D$1 -> 0 | H18: =SUMIFS('PL1.1 ML2027-2028'!$G:$G,'PL1.1 ML2027-2028'!$J:$J,'TH theo DV'!$H$3,'PL1.1 ML2027-2028'!$K:$K,'TH theo DV'!C18)/$D$1 -> 0 | I18: =SUMIFS('PL1.1 ML2027-2028'!$G:$G,'PL1.1 ML2027-2028'!$J:$J,'TH theo DV'!$I$3,'PL1.1 ML2027-2028'!$K:$K,'TH theo DV'!C18)/$D$1 -> 0 | J18: =SUMIFS('PL1.1 ML2027-2028'!$G:$G,'PL1.1 ML2027-2028'!$J:$J,'TH theo DV'!J$3,'PL1.1 ML2027-2028'!$K:$K,'TH theo DV'!$C18)/$D$1 -> 0 | K18: =SUM(D18:J18) -> 0 | L18: =K18/$K$4 -> 0 | M18: =SUMIFS('PL1.1 ML2027-2028'!$H:$H,'PL1.1 ML2027-2028'!$J:$J,'TH theo DV'!M$3,'PL1.1 ML2027-2028'!$K:$K,'TH theo DV'!$C18)/$D$1 -> 0 | N18: =SUMIFS('PL1.1 ML2027-2028'!$H:$H,'PL1.1 ML2027-2028'!$J:$J,'TH theo DV'!N$3,'PL1.1 ML2027-2028'!$K:$K,'TH theo DV'!$C18)/$D$1 -> 0 | O18: =SUMIFS('PL1.1 ML2027-2028'!$H:$H,'PL1.1 ML2027-2028'!$J:$J,'TH theo DV'!O$3,'PL1.1 ML2027-2028'!$K:$K,'TH theo DV'!$C18)/$D$1 -> 0 | P18: =SUMIFS('PL1.1 ML2027-2028'!$H:$H,'PL1.1 ML2027-2028'!$J:$J,'TH theo DV'!P$3,'PL1.1 ML2027-2028'!$K:$K,'TH theo DV'!$C18)/$D$1 -> 0 | Q18: =SUMIFS('PL1.1 ML2027-2028'!$H:$H,'PL1.1 ML2027-2028'!$J:$J,'TH theo DV'!Q$3,'PL1.1 ML2027-2028'!$K:$K,'TH theo DV'!$C18)/$D$1 -> 0 | R18: =SUMIFS('PL1.1 ML2027-2028'!$H:$H,'PL1.1 ML2027-2028'!$J:$J,'TH theo DV'!R$3,'PL1.1 ML2027-2028'!$K:$K,'TH theo DV'!$C18)/$D$1 -> 0 | S18: =SUMIFS('PL1.1 ML2027-2028'!$H:$H,'PL1.1 ML2027-2028'!$J:$J,'TH theo DV'!S$3,'PL1.1 ML2027-2028'!$K:$K,'TH theo DV'!$C18)/$D$1 -> 0 | T18: =SUM(M18:S18) -> 0 | V18: =D18+M18 -> 0 | W18: =E18+N18 -> 0 | X18: =F18+O18 -> 0 | Y18: =G18+P18 -> 0 | Z18: =H18+Q18 -> 0 | AA18: =I18+R18 -> 0 | AB18: =SUM(V18:AA18) -> 0 | AC18: =AB18/$AB$4 -> 0 | AG18: 1
A19: - | B19: Kênh truyền | C19: KT | D19: =SUMIFS('PL1.1 ML2027-2028'!$G:$G,'PL1.1 ML2027-2028'!$J:$J,'TH theo DV'!$D$3,'PL1.1 ML2027-2028'!$K:$K,'TH theo DV'!C19)/$D$1 -> 0 | E19: =SUMIFS('PL1.1 ML2027-2028'!$G:$G,'PL1.1 ML2027-2028'!$J:$J,'TH theo DV'!$E$3,'PL1.1 ML2027-2028'!$K:$K,'TH theo DV'!C19)/$D$1 -> 0 | F19: =SUMIFS('PL1.1 ML2027-2028'!$G:$G,'PL1.1 ML2027-2028'!$J:$J,'TH theo DV'!$F$3,'PL1.1 ML2027-2028'!$K:$K,'TH theo DV'!C19)/$D$1 -> 0.24886576 | G19: =SUMIFS('PL1.1 ML2027-2028'!$G:$G,'PL1.1 ML2027-2028'!$J:$J,'TH theo DV'!$G$3,'PL1.1 ML2027-2028'!$K:$K,'TH theo DV'!C19)/$D$1 -> 0 | H19: =SUMIFS('PL1.1 ML2027-2028'!$G:$G,'PL1.1 ML2027-2028'!$J:$J,'TH theo DV'!$H$3,'PL1.1 ML2027-2028'!$K:$K,'TH theo DV'!C19)/$D$1 -> 0 | I19: =SUMIFS('PL1.1 ML2027-2028'!$G:$G,'PL1.1 ML2027-2028'!$J:$J,'TH theo DV'!$I$3,'PL1.1 ML2027-2028'!$K:$K,'TH theo DV'!C19)/$D$1 -> 0 | J19: =SUMIFS('PL1.1 ML2027-2028'!$G:$G,'PL1.1 ML2027-2028'!$J:$J,'TH theo DV'!J$3,'PL1.1 ML2027-2028'!$K:$K,'TH theo DV'!$C19)/$D$1 -> 0 | K19: =SUM(D19:J19) -> 0.24886576 | L19: =K19/$K$4 -> 0.0098713128 | M19: =SUMIFS('PL1.1 ML2027-2028'!$H:$H,'PL1.1 ML2027-2028'!$J:$J,'TH theo DV'!M$3,'PL1.1 ML2027-2028'!$K:$K,'TH theo DV'!$C19)/$D$1 -> 0 | N19: =SUMIFS('PL1.1 ML2027-2028'!$H:$H,'PL1.1 ML2027-2028'!$J:$J,'TH theo DV'!N$3,'PL1.1 ML2027-2028'!$K:$K,'TH theo DV'!$C19)/$D$1 -> 0 | O19: =SUMIFS('PL1.1 ML2027-2028'!$H:$H,'PL1.1 ML2027-2028'!$J:$J,'TH theo DV'!O$3,'PL1.1 ML2027-2028'!$K:$K,'TH theo DV'!$C19)/$D$1 -> 0.15776484 | P19: =SUMIFS('PL1.1 ML2027-2028'!$H:$H,'PL1.1 ML2027-2028'!$J:$J,'TH theo DV'!P$3,'PL1.1 ML2027-2028'!$K:$K,'TH theo DV'!$C19)/$D$1 -> 0 | Q19: =SUMIFS('PL1.1 ML2027-2028'!$H:$H,'PL1.1 ML2027-2028'!$J:$J,'TH theo DV'!Q$3,'PL1.1 ML2027-2028'!$K:$K,'TH theo DV'!$C19)/$D$1 -> 0 | R19: =SUMIFS('PL1.1 ML2027-2028'!$H:$H,'PL1.1 ML2027-2028'!$J:$J,'TH theo DV'!R$3,'PL1.1 ML2027-2028'!$K:$K,'TH theo DV'!$C19)/$D$1 -> 0 | S19: =SUMIFS('PL1.1 ML2027-2028'!$H:$H,'PL1.1 ML2027-2028'!$J:$J,'TH theo DV'!S$3,'PL1.1 ML2027-2028'!$K:$K,'TH theo DV'!$C19)/$D$1 -> 0 | T19: =SUM(M19:S19) -> 0.15776484 | V19: =D19+M19 -> 0 | W19: =E19+N19 -> 0 | X19: =F19+O19 -> 0.4066306 | Y19: =G19+P19 -> 0 | Z19: =H19+Q19 -> 0 | AA19: =I19+R19 -> 0 | AB19: =SUM(V19:AA19) -> 0.4066306 | AC19: =AB19/$AB$4 -> 0.0093830758 | AF19: 1
A20: 3 | B20: Phục vụ kinh doanh Cloud | C20: Cloud_KD | D20: =SUMIFS('PL1.1 ML2027-2028'!$G:$G,'PL1.1 ML2027-2028'!$J:$J,'TH theo DV'!$D$3,'PL1.1 ML2027-2028'!$K:$K,'TH theo DV'!C20)/$D$1 -> 0 | E20: =SUMIFS('PL1.1 ML2027-2028'!$G:$G,'PL1.1 ML2027-2028'!$J:$J,'TH theo DV'!$E$3,'PL1.1 ML2027-2028'!$K:$K,'TH theo DV'!C20)/$D$1 -> 0 | F20: =SUMIFS('PL1.1 ML2027-2028'!$G:$G,'PL1.1 ML2027-2028'!$J:$J,'TH theo DV'!$F$3,'PL1.1 ML2027-2028'!$K:$K,'TH theo DV'!C20)/$D$1 -> 0 | G20: =SUMIFS('PL1.1 ML2027-2028'!$G:$G,'PL1.1 ML2027-2028'!$J:$J,'TH theo DV'!$G$3,'PL1.1 ML2027-2028'!$K:$K,'TH theo DV'!C20)/$D$1 -> 0 | H20: =SUMIFS('PL1.1 ML2027-2028'!$G:$G,'PL1.1 ML2027-2028'!$J:$J,'TH theo DV'!$H$3,'PL1.1 ML2027-2028'!$K:$K,'TH theo DV'!C20)/$D$1 -> 0 | I20: =SUMIFS('PL1.1 ML2027-2028'!$G:$G,'PL1.1 ML2027-2028'!$J:$J,'TH theo DV'!$I$3,'PL1.1 ML2027-2028'!$K:$K,'TH theo DV'!C20)/$D$1 -> 0 | J20: =SUMIFS('PL1.1 ML2027-2028'!$G:$G,'PL1.1 ML2027-2028'!$J:$J,'TH theo DV'!J$3,'PL1.1 ML2027-2028'!$K:$K,'TH theo DV'!$C20)/$D$1 -> 0 | K20: =SUM(D20:J20) -> 0 | L20: =K20/$K$4 -> 0 | M20: =SUMIFS('PL1.1 ML2027-2028'!$H:$H,'PL1.1 ML2027-2028'!$J:$J,'TH theo DV'!M$3,'PL1.1 ML2027-2028'!$K:$K,'TH theo DV'!$C20)/$D$1 -> 0 | N20: =SUMIFS('PL1.1 ML2027-2028'!$H:$H,'PL1.1 ML2027-2028'!$J:$J,'TH theo DV'!N$3,'PL1.1 ML2027-2028'!$K:$K,'TH theo DV'!$C20)/$D$1 -> 0 | O20: =SUMIFS('PL1.1 ML2027-2028'!$H:$H,'PL1.1 ML2027-2028'!$J:$J,'TH theo DV'!O$3,'PL1.1 ML2027-2028'!$K:$K,'TH theo DV'!$C20)/$D$1 -> 0 | P20: =SUMIFS('PL1.1 ML2027-2028'!$H:$H,'PL1.1 ML2027-2028'!$J:$J,'TH theo DV'!P$3,'PL1.1 ML2027-2028'!$K:$K,'TH theo DV'!$C20)/$D$1 -> 0 | Q20: =SUMIFS('PL1.1 ML2027-2028'!$H:$H,'PL1.1 ML2027-2028'!$J:$J,'TH theo DV'!Q$3,'PL1.1 ML2027-2028'!$K:$K,'TH theo DV'!$C20)/$D$1 -> 0 | R20: =SUMIFS('PL1.1 ML2027-2028'!$H:$H,'PL1.1 ML2027-2028'!$J:$J,'TH theo DV'!R$3,'PL1.1 ML2027-2028'!$K:$K,'TH theo DV'!$C20)/$D$1 -> 0 | S20: =SUMIFS('PL1.1 ML2027-2028'!$H:$H,'PL1.1 ML2027-2028'!$J:$J,'TH theo DV'!S$3,'PL1.1 ML2027-2028'!$K:$K,'TH theo DV'!$C20)/$D$1 -> 0 | T20: =SUM(M20:S20) -> 0 | V20: =D20+M20 -> 0 | W20: =E20+N20 -> 0 | X20: =F20+O20 -> 0 | Y20: =G20+P20 -> 0 | Z20: =H20+Q20 -> 0 | AA20: =I20+R20 -> 0 | AB20: =SUM(V20:AA20) -> 0 | AC20: =AB20/$AB$4 -> 0 | AI20: 1
A21: 4 | B21: Data Center | C21: DC | D21: =SUMIFS('PL1.1 ML2027-2028'!$G:$G,'PL1.1 ML2027-2028'!$J:$J,'TH theo DV'!$D$3,'PL1.1 ML2027-2028'!$K:$K,'TH theo DV'!C21)/$D$1 -> 0 | E21: =SUMIFS('PL1.1 ML2027-2028'!$G:$G,'PL1.1 ML2027-2028'!$J:$J,'TH theo DV'!$E$3,'PL1.1 ML2027-2028'!$K:$K,'TH theo DV'!C21)/$D$1 -> 0 | F21: =SUMIFS('PL1.1 ML2027-2028'!$G:$G,'PL1.1 ML2027-2028'!$J:$J,'TH theo DV'!$F$3,'PL1.1 ML2027-2028'!$K:$K,'TH theo DV'!C21)/$D$1 -> 0 | G21: =SUMIFS('PL1.1 ML2027-2028'!$G:$G,'PL1.1 ML2027-2028'!$J:$J,'TH theo DV'!$G$3,'PL1.1 ML2027-2028'!$K:$K,'TH theo DV'!C21)/$D$1 -> 0 | H21: =SUMIFS('PL1.1 ML2027-2028'!$G:$G,'PL1.1 ML2027-2028'!$J:$J,'TH theo DV'!$H$3,'PL1.1 ML2027-2028'!$K:$K,'TH theo DV'!C21)/$D$1 -> 1.2804509 | I21: =SUMIFS('PL1.1 ML2027-2028'!$G:$G,'PL1.1 ML2027-2028'!$J:$J,'TH theo DV'!$I$3,'PL1.1 ML2027-2028'!$K:$K,'TH theo DV'!C21)/$D$1 -> 0.4 | J21: =SUMIFS('PL1.1 ML2027-2028'!$G:$G,'PL1.1 ML2027-2028'!$J:$J,'TH theo DV'!J$3,'PL1.1 ML2027-2028'!$K:$K,'TH theo DV'!$C21)/$D$1 -> 0.136797 | K21: =SUM(D21:J21) -> 1.8172479 | L21: =K21/$K$4 -> 0.072081522 | M21: =SUMIFS('PL1.1 ML2027-2028'!$H:$H,'PL1.1 ML2027-2028'!$J:$J,'TH theo DV'!M$3,'PL1.1 ML2027-2028'!$K:$K,'TH theo DV'!$C21)/$D$1 -> 0 | N21: =SUMIFS('PL1.1 ML2027-2028'!$H:$H,'PL1.1 ML2027-2028'!$J:$J,'TH theo DV'!N$3,'PL1.1 ML2027-2028'!$K:$K,'TH theo DV'!$C21)/$D$1 -> 0 | O21: =SUMIFS('PL1.1 ML2027-2028'!$H:$H,'PL1.1 ML2027-2028'!$J:$J,'TH theo DV'!O$3,'PL1.1 ML2027-2028'!$K:$K,'TH theo DV'!$C21)/$D$1 -> 0 | P21: =SUMIFS('PL1.1 ML2027-2028'!$H:$H,'PL1.1 ML2027-2028'!$J:$J,'TH theo DV'!P$3,'PL1.1 ML2027-2028'!$K:$K,'TH theo DV'!$C21)/$D$1 -> 0 | Q21: =SUMIFS('PL1.1 ML2027-2028'!$H:$H,'PL1.1 ML2027-2028'!$J:$J,'TH theo DV'!Q$3,'PL1.1 ML2027-2028'!$K:$K,'TH theo DV'!$C21)/$D$1 -> 0.062714 | R21: =SUMIFS('PL1.1 ML2027-2028'!$H:$H,'PL1.1 ML2027-2028'!$J:$J,'TH theo DV'!R$3,'PL1.1 ML2027-2028'!$K:$K,'TH theo DV'!$C21)/$D$1 -> 0 | S21: =SUMIFS('PL1.1 ML2027-2028'!$H:$H,'PL1.1 ML2027-2028'!$J:$J,'TH theo DV'!S$3,'PL1.1 ML2027-2028'!$K:$K,'TH theo DV'!$C21)/$D$1 -> 0 | T21: =SUM(M21:S21) -> 0.062714 | V21: =D21+M21 -> 0 | W21: =E21+N21 -> 0 | X21: =F21+O21 -> 0 | Y21: =G21+P21 -> 0 | Z21: =H21+Q21 -> 1.3431649 | AA21: =I21+R21 -> 0.4 | AB21: =SUM(V21:AA21) -> 1.7431649 | AC21: =AB21/$AB$4 -> 0.040223851 | AD21: =20%*80% -> 0.16 | AG21: =20%*20% -> 0.04 | AH21: 0.8
A22: 5 | B22: Triển khai hạ tầng CNTT | D22: =SUBTOTAL(9,D23:D25) -> 0 | E22: =SUBTOTAL(9,E23:E25) -> 0 | F22: =SUBTOTAL(9,F23:F25) -> 0 | G22: =SUBTOTAL(9,G23:G25) -> 2.084005 | H22: =SUBTOTAL(9,H23:H25) -> 0 | I22: =SUBTOTAL(9,I23:I25) -> 0 | J22: =SUBTOTAL(9,J23:J25) -> 0 | K22: =SUBTOTAL(9,K23:K25) -> 2.084005 | L22: =K22/$K$4 -> 0.082662498 | M22: =SUBTOTAL(9,M23:M25) -> 0 | N22: =SUBTOTAL(9,N23:N25) -> 0 | O22: =SUBTOTAL(9,O23:O25) -> 0 | P22: =SUBTOTAL(9,P23:P25) -> 6.6932028 | Q22: =SUBTOTAL(9,Q23:Q25) -> 0 | R22: =SUBTOTAL(9,R23:R25) -> 0 | S22: =SUBTOTAL(9,S23:S25) -> 0 | T22: =SUBTOTAL(9,T23:T25) -> 6.6932028 | U22: =T22/$T$4 -> 0.269159 | V22: =SUBTOTAL(9,V23:V25) -> 0 | W22: =SUBTOTAL(9,W23:W25) -> 0 | X22: =SUBTOTAL(9,X23:X25) -> 0 | Y22: =SUBTOTAL(9,Y23:Y25) -> 8.7772078 | Z22: =SUBTOTAL(9,Z23:Z25) -> 0 | AA22: =SUBTOTAL(9,AA23:AA25) -> 0 | AB22: =SUBTOTAL(9,AB23:AB25) -> 8.7772078 | AC22: =AB22/$AB$4 -> 0.20253568
A23: - | B23: Trực tiếp kinh doanh (ví) | C23: TTKD | D23: =SUMIFS('PL1.1 ML2027-2028'!$G:$G,'PL1.1 ML2027-2028'!$J:$J,'TH theo DV'!$D$3,'PL1.1 ML2027-2028'!$K:$K,'TH theo DV'!C23)/$D$1 -> 0 | E23: =SUMIFS('PL1.1 ML2027-2028'!$G:$G,'PL1.1 ML2027-2028'!$J:$J,'TH theo DV'!$E$3,'PL1.1 ML2027-2028'!$K:$K,'TH theo DV'!C23)/$D$1 -> 0 | F23: =SUMIFS('PL1.1 ML2027-2028'!$G:$G,'PL1.1 ML2027-2028'!$J:$J,'TH theo DV'!$F$3,'PL1.1 ML2027-2028'!$K:$K,'TH theo DV'!C23)/$D$1 -> 0 | G23: =SUMIFS('PL1.1 ML2027-2028'!$G:$G,'PL1.1 ML2027-2028'!$J:$J,'TH theo DV'!$G$3,'PL1.1 ML2027-2028'!$K:$K,'TH theo DV'!C23)/$D$1 -> 0.390336 | H23: =SUMIFS('PL1.1 ML2027-2028'!$G:$G,'PL1.1 ML2027-2028'!$J:$J,'TH theo DV'!$H$3,'PL1.1 ML2027-2028'!$K:$K,'TH theo DV'!C23)/$D$1 -> 0 | I23: =SUMIFS('PL1.1 ML2027-2028'!$G:$G,'PL1.1 ML2027-2028'!$J:$J,'TH theo DV'!$I$3,'PL1.1 ML2027-2028'!$K:$K,'TH theo DV'!C23)/$D$1 -> 0 | J23: =SUMIFS('PL1.1 ML2027-2028'!$G:$G,'PL1.1 ML2027-2028'!$J:$J,'TH theo DV'!J$3,'PL1.1 ML2027-2028'!$K:$K,'TH theo DV'!$C23)/$D$1 -> 0 | K23: =SUM(D23:J23) -> 0.390336 | L23: =K23/$K$4 -> 0.01548276 | M23: =SUMIFS('PL1.1 ML2027-2028'!$H:$H,'PL1.1 ML2027-2028'!$J:$J,'TH theo DV'!M$3,'PL1.1 ML2027-2028'!$K:$K,'TH theo DV'!$C23)/$D$1 -> 0 | N23: =SUMIFS('PL1.1 ML2027-2028'!$H:$H,'PL1.1 ML2027-2028'!$J:$J,'TH theo DV'!N$3,'PL1.1 ML2027-2028'!$K:$K,'TH theo DV'!$C23)/$D$1 -> 0 | O23: =SUMIFS('PL1.1 ML2027-2028'!$H:$H,'PL1.1 ML2027-2028'!$J:$J,'TH theo DV'!O$3,'PL1.1 ML2027-2028'!$K:$K,'TH theo DV'!$C23)/$D$1 -> 0 | P23: =SUMIFS('PL1.1 ML2027-2028'!$H:$H,'PL1.1 ML2027-2028'!$J:$J,'TH theo DV'!P$3,'PL1.1 ML2027-2028'!$K:$K,'TH theo DV'!$C23)/$D$1 -> 1.861015 | Q23: =SUMIFS('PL1.1 ML2027-2028'!$H:$H,'PL1.1 ML2027-2028'!$J:$J,'TH theo DV'!Q$3,'PL1.1 ML2027-2028'!$K:$K,'TH theo DV'!$C23)/$D$1 -> 0 | R23: =SUMIFS('PL1.1 ML2027-2028'!$H:$H,'PL1.1 ML2027-2028'!$J:$J,'TH theo DV'!R$3,'PL1.1 ML2027-2028'!$K:$K,'TH theo DV'!$C23)/$D$1 -> 0 | S23: =SUMIFS('PL1.1 ML2027-2028'!$H:$H,'PL1.1 ML2027-2028'!$J:$J,'TH theo DV'!S$3,'PL1.1 ML2027-2028'!$K:$K,'TH theo DV'!$C23)/$D$1 -> 0 | T23: =SUM(M23:S23) -> 1.861015 | V23: =D23+M23 -> 0 | W23: =E23+N23 -> 0 | X23: =F23+O23 -> 0 | Y23: =G23+P23 -> 2.251351 | Z23: =H23+Q23 -> 0 | AA23: =I23+R23 -> 0 | AB23: =SUM(V23:AA23) -> 2.251351 | AC23: =AB23/$AB$4 -> 0.051950338 | AJ23: 1
A24: - | B24: Hỗ trợ kinh doanh và quản trị | C24: HTKD | D24: =SUMIFS('PL1.1 ML2027-2028'!$G:$G,'PL1.1 ML2027-2028'!$J:$J,'TH theo DV'!$D$3,'PL1.1 ML2027-2028'!$K:$K,'TH theo DV'!C24)/$D$1 -> 0 | E24: =SUMIFS('PL1.1 ML2027-2028'!$G:$G,'PL1.1 ML2027-2028'!$J:$J,'TH theo DV'!$E$3,'PL1.1 ML2027-2028'!$K:$K,'TH theo DV'!C24)/$D$1 -> 0 | F24: =SUMIFS('PL1.1 ML2027-2028'!$G:$G,'PL1.1 ML2027-2028'!$J:$J,'TH theo DV'!$F$3,'PL1.1 ML2027-2028'!$K:$K,'TH theo DV'!C24)/$D$1 -> 0 | G24: =SUMIFS('PL1.1 ML2027-2028'!$G:$G,'PL1.1 ML2027-2028'!$J:$J,'TH theo DV'!$G$3,'PL1.1 ML2027-2028'!$K:$K,'TH theo DV'!C24)/$D$1 -> 1.693669 | H24: =SUMIFS('PL1.1 ML2027-2028'!$G:$G,'PL1.1 ML2027-2028'!$J:$J,'TH theo DV'!$H$3,'PL1.1 ML2027-2028'!$K:$K,'TH theo DV'!C24)/$D$1 -> 0 | I24: =SUMIFS('PL1.1 ML2027-2028'!$G:$G,'PL1.1 ML2027-2028'!$J:$J,'TH theo DV'!$I$3,'PL1.1 ML2027-2028'!$K:$K,'TH theo DV'!C24)/$D$1 -> 0 | J24: =SUMIFS('PL1.1 ML2027-2028'!$G:$G,'PL1.1 ML2027-2028'!$J:$J,'TH theo DV'!J$3,'PL1.1 ML2027-2028'!$K:$K,'TH theo DV'!$C24)/$D$1 -> 0 | K24: =SUM(D24:J24) -> 1.693669 | L24: =K24/$K$4 -> 0.067179738 | M24: =SUMIFS('PL1.1 ML2027-2028'!$H:$H,'PL1.1 ML2027-2028'!$J:$J,'TH theo DV'!M$3,'PL1.1 ML2027-2028'!$K:$K,'TH theo DV'!$C24)/$D$1 -> 0 | N24: =SUMIFS('PL1.1 ML2027-2028'!$H:$H,'PL1.1 ML2027-2028'!$J:$J,'TH theo DV'!N$3,'PL1.1 ML2027-2028'!$K:$K,'TH theo DV'!$C24)/$D$1 -> 0 | O24: =SUMIFS('PL1.1 ML2027-2028'!$H:$H,'PL1.1 ML2027-2028'!$J:$J,'TH theo DV'!O$3,'PL1.1 ML2027-2028'!$K:$K,'TH theo DV'!$C24)/$D$1 -> 0 | P24: =SUMIFS('PL1.1 ML2027-2028'!$H:$H,'PL1.1 ML2027-2028'!$J:$J,'TH theo DV'!P$3,'PL1.1 ML2027-2028'!$K:$K,'TH theo DV'!$C24)/$D$1 -> 4.8321878 | Q24: =SUMIFS('PL1.1 ML2027-2028'!$H:$H,'PL1.1 ML2027-2028'!$J:$J,'TH theo DV'!Q$3,'PL1.1 ML2027-2028'!$K:$K,'TH theo DV'!$C24)/$D$1 -> 0 | R24: =SUMIFS('PL1.1 ML2027-2028'!$H:$H,'PL1.1 ML2027-2028'!$J:$J,'TH theo DV'!R$3,'PL1.1 ML2027-2028'!$K:$K,'TH theo DV'!$C24)/$D$1 -> 0 | S24: =SUMIFS('PL1.1 ML2027-2028'!$H:$H,'PL1.1 ML2027-2028'!$J:$J,'TH theo DV'!S$3,'PL1.1 ML2027-2028'!$K:$K,'TH theo DV'!$C24)/$D$1 -> 0 | T24: =SUM(M24:S24) -> 4.8321878 | V24: =D24+M24 -> 0 | W24: =E24+N24 -> 0 | X24: =F24+O24 -> 0 | Y24: =G24+P24 -> 6.5258568 | Z24: =H24+Q24 -> 0 | AA24: =I24+R24 -> 0 | AB24: =SUM(V24:AA24) -> 6.5258568 | AC24: =AB24/$AB$4 -> 0.15058534 | AD24: 1
A25: - | B25: ATTT | C25: ATTT | D25: =SUMIFS('PL1.1 ML2027-2028'!$G:$G,'PL1.1 ML2027-2028'!$J:$J,'TH theo DV'!$D$3,'PL1.1 ML2027-2028'!$K:$K,'TH theo DV'!C25)/$D$1 -> 0 | E25: =SUMIFS('PL1.1 ML2027-2028'!$G:$G,'PL1.1 ML2027-2028'!$J:$J,'TH theo DV'!$E$3,'PL1.1 ML2027-2028'!$K:$K,'TH theo DV'!C25)/$D$1 -> 0 | F25: =SUMIFS('PL1.1 ML2027-2028'!$G:$G,'PL1.1 ML2027-2028'!$J:$J,'TH theo DV'!$F$3,'PL1.1 ML2027-2028'!$K:$K,'TH theo DV'!C25)/$D$1 -> 0 | G25: =SUMIFS('PL1.1 ML2027-2028'!$G:$G,'PL1.1 ML2027-2028'!$J:$J,'TH theo DV'!$G$3,'PL1.1 ML2027-2028'!$K:$K,'TH theo DV'!C25)/$D$1 -> 0 | H25: =SUMIFS('PL1.1 ML2027-2028'!$G:$G,'PL1.1 ML2027-2028'!$J:$J,'TH theo DV'!$H$3,'PL1.1 ML2027-2028'!$K:$K,'TH theo DV'!C25)/$D$1 -> 0 | I25: =SUMIFS('PL1.1 ML2027-2028'!$G:$G,'PL1.1 ML2027-2028'!$J:$J,'TH theo DV'!$I$3,'PL1.1 ML2027-2028'!$K:$K,'TH theo DV'!C25)/$D$1 -> 0 | J25: =SUMIFS('PL1.1 ML2027-2028'!$G:$G,'PL1.1 ML2027-2028'!$J:$J,'TH theo DV'!J$3,'PL1.1 ML2027-2028'!$K:$K,'TH theo DV'!$C25)/$D$1 -> 0 | K25: =SUM(D25:J25) -> 0 | L25: =K25/$K$4 -> 0 | M25: =SUMIFS('PL1.1 ML2027-2028'!$H:$H,'PL1.1 ML2027-2028'!$J:$J,'TH theo DV'!M$3,'PL1.1 ML2027-2028'!$K:$K,'TH theo DV'!$C25)/$D$1 -> 0 | N25: =SUMIFS('PL1.1 ML2027-2028'!$H:$H,'PL1.1 ML2027-2028'!$J:$J,'TH theo DV'!N$3,'PL1.1 ML2027-2028'!$K:$K,'TH theo DV'!$C25)/$D$1 -> 0 | O25: =SUMIFS('PL1.1 ML2027-2028'!$H:$H,'PL1.1 ML2027-2028'!$J:$J,'TH theo DV'!O$3,'PL1.1 ML2027-2028'!$K:$K,'TH theo DV'!$C25)/$D$1 -> 0 | P25: =SUMIFS('PL1.1 ML2027-2028'!$H:$H,'PL1.1 ML2027-2028'!$J:$J,'TH theo DV'!P$3,'PL1.1 ML2027-2028'!$K:$K,'TH theo DV'!$C25)/$D$1 -> 0 | Q25: =SUMIFS('PL1.1 ML2027-2028'!$H:$H,'PL1.1 ML2027-2028'!$J:$J,'TH theo DV'!Q$3,'PL1.1 ML2027-2028'!$K:$K,'TH theo DV'!$C25)/$D$1 -> 0 | R25: =SUMIFS('PL1.1 ML2027-2028'!$H:$H,'PL1.1 ML2027-2028'!$J:$J,'TH theo DV'!R$3,'PL1.1 ML2027-2028'!$K:$K,'TH theo DV'!$C25)/$D$1 -> 0 | S25: =SUMIFS('PL1.1 ML2027-2028'!$H:$H,'PL1.1 ML2027-2028'!$J:$J,'TH theo DV'!S$3,'PL1.1 ML2027-2028'!$K:$K,'TH theo DV'!$C25)/$D$1 -> 0 | T25: =SUM(M25:S25) -> 0 | V25: =D25+M25 -> 0 | W25: =E25+N25 -> 0 | X25: =F25+O25 -> 0 | Y25: =G25+P25 -> 0 | Z25: =H25+Q25 -> 0 | AA25: =I25+R25 -> 0 | AB25: =SUM(V25:AA25) -> 0 | AC25: =AB25/$AB$4 -> 0 | AD25: 1
A26: 5 | B26: Mạng truyền dẫn | D26: =SUBTOTAL(9,D27:D29) -> 0 | E26: =SUBTOTAL(9,E27:E29) -> 0 | F26: =SUBTOTAL(9,F27:F29) -> 0 | G26: =SUBTOTAL(9,G27:G29) -> 0 | H26: =SUBTOTAL(9,H27:H28) -> 0.241124 | I26: =SUBTOTAL(9,I27:I29) -> 0 | J26: =SUBTOTAL(9,J27:J29) -> 0 | K26: =SUBTOTAL(9,K27:K28) -> 0.241124 | L26: =K26/$K$4 -> 0.0095642343 | M26: =SUBTOTAL(9,M27:M29) -> 0 | N26: =SUBTOTAL(9,N27:N29) -> 0 | O26: =SUBTOTAL(9,O27:O29) -> 0 | P26: =SUBTOTAL(9,P27:P29) -> 0 | Q26: =SUBTOTAL(9,Q27:Q29) -> 0.26796 | R26: =SUBTOTAL(9,R27:R29) -> 0 | S26: =SUBTOTAL(9,S27:S29) -> 0 | T26: =SUBTOTAL(9,T27:T29) -> 0.26796 | U26: =T26/$T$4 -> 0.010775685 | V26: =SUBTOTAL(9,V27:V29) -> 0 | W26: =SUBTOTAL(9,W27:W29) -> 0 | X26: =SUBTOTAL(9,X27:X29) -> 0 | Y26: =SUBTOTAL(9,Y27:Y29) -> 0 | Z26: =SUBTOTAL(9,Z27:Z29) -> 0.509084 | AA26: =SUBTOTAL(9,AA27:AA29) -> 0 | AB26: =SUBTOTAL(9,AB27:AB29) -> 0.509084 | AC26: =AB26/$AB$4 -> 0.011747207
A27: - | B27: Dung lượng Metro | C27: DLMETRO | D27: =SUMIFS('PL1.1 ML2027-2028'!$G:$G,'PL1.1 ML2027-2028'!$J:$J,'TH theo DV'!$D$3,'PL1.1 ML2027-2028'!$K:$K,'TH theo DV'!C27)/$D$1 -> 0 | E27: =SUMIFS('PL1.1 ML2027-2028'!$G:$G,'PL1.1 ML2027-2028'!$J:$J,'TH theo DV'!$E$3,'PL1.1 ML2027-2028'!$K:$K,'TH theo DV'!C27)/$D$1 -> 0 | F27: =SUMIFS('PL1.1 ML2027-2028'!$G:$G,'PL1.1 ML2027-2028'!$J:$J,'TH theo DV'!$F$3,'PL1.1 ML2027-2028'!$K:$K,'TH theo DV'!C27)/$D$1 -> 0 | G27: =SUMIFS('PL1.1 ML2027-2028'!$G:$G,'PL1.1 ML2027-2028'!$J:$J,'TH theo DV'!$G$3,'PL1.1 ML2027-2028'!$K:$K,'TH theo DV'!C27)/$D$1 -> 0 | H27: =SUMIFS('PL1.1 ML2027-2028'!$G:$G,'PL1.1 ML2027-2028'!$J:$J,'TH theo DV'!$H$3,'PL1.1 ML2027-2028'!$K:$K,'TH theo DV'!C27)/$D$1 -> 0.01346 | I27: =SUMIFS('PL1.1 ML2027-2028'!$G:$G,'PL1.1 ML2027-2028'!$J:$J,'TH theo DV'!$I$3,'PL1.1 ML2027-2028'!$K:$K,'TH theo DV'!C27)/$D$1 -> 0 | J27: =SUMIFS('PL1.1 ML2027-2028'!$G:$G,'PL1.1 ML2027-2028'!$J:$J,'TH theo DV'!J$3,'PL1.1 ML2027-2028'!$K:$K,'TH theo DV'!$C27)/$D$1 -> 0 | K27: =SUM(D27:J27) -> 0.01346 | L27: =K27/$K$4 -> 0.00053389374 | M27: =SUMIFS('PL1.1 ML2027-2028'!$H:$H,'PL1.1 ML2027-2028'!$J:$J,'TH theo DV'!M$3,'PL1.1 ML2027-2028'!$K:$K,'TH theo DV'!$C27)/$D$1 -> 0 | N27: =SUMIFS('PL1.1 ML2027-2028'!$H:$H,'PL1.1 ML2027-2028'!$J:$J,'TH theo DV'!N$3,'PL1.1 ML2027-2028'!$K:$K,'TH theo DV'!$C27)/$D$1 -> 0 | O27: =SUMIFS('PL1.1 ML2027-2028'!$H:$H,'PL1.1 ML2027-2028'!$J:$J,'TH theo DV'!O$3,'PL1.1 ML2027-2028'!$K:$K,'TH theo DV'!$C27)/$D$1 -> 0 | P27: =SUMIFS('PL1.1 ML2027-2028'!$H:$H,'PL1.1 ML2027-2028'!$J:$J,'TH theo DV'!P$3,'PL1.1 ML2027-2028'!$K:$K,'TH theo DV'!$C27)/$D$1 -> 0 | Q27: =SUMIFS('PL1.1 ML2027-2028'!$H:$H,'PL1.1 ML2027-2028'!$J:$J,'TH theo DV'!Q$3,'PL1.1 ML2027-2028'!$K:$K,'TH theo DV'!$C27)/$D$1 -> 0.01764 | R27: =SUMIFS('PL1.1 ML2027-2028'!$H:$H,'PL1.1 ML2027-2028'!$J:$J,'TH theo DV'!R$3,'PL1.1 ML2027-2028'!$K:$K,'TH theo DV'!$C27)/$D$1 -> 0 | S27: =SUMIFS('PL1.1 ML2027-2028'!$H:$H,'PL1.1 ML2027-2028'!$J:$J,'TH theo DV'!S$3,'PL1.1 ML2027-2028'!$K:$K,'TH theo DV'!$C27)/$D$1 -> 0 | T27: =SUM(M27:S27) -> 0.01764 | V27: =D27+M27 -> 0 | W27: =E27+N27 -> 0 | X27: =F27+O27 -> 0 | Y27: =G27+P27 -> 0 | Z27: =H27+Q27 -> 0.0311 | AA27: =I27+R27 -> 0 | AB27: =SUM(V27:AA27) -> 0.0311 | AC27: =AB27/$AB$4 -> 0.00071763821 | AJ27: 1
A28: - | B28: Dung lượng IPBN | C28: DLIPBN | D28: =SUMIFS('PL1.1 ML2027-2028'!$G:$G,'PL1.1 ML2027-2028'!$J:$J,'TH theo DV'!$D$3,'PL1.1 ML2027-2028'!$K:$K,'TH theo DV'!C28)/$D$1 -> 0 | E28: =SUMIFS('PL1.1 ML2027-2028'!$G:$G,'PL1.1 ML2027-2028'!$J:$J,'TH theo DV'!$E$3,'PL1.1 ML2027-2028'!$K:$K,'TH theo DV'!C28)/$D$1 -> 0 | F28: =SUMIFS('PL1.1 ML2027-2028'!$G:$G,'PL1.1 ML2027-2028'!$J:$J,'TH theo DV'!$F$3,'PL1.1 ML2027-2028'!$K:$K,'TH theo DV'!C28)/$D$1 -> 0 | G28: =SUMIFS('PL1.1 ML2027-2028'!$G:$G,'PL1.1 ML2027-2028'!$J:$J,'TH theo DV'!$G$3,'PL1.1 ML2027-2028'!$K:$K,'TH theo DV'!C28)/$D$1 -> 0 | H28: =SUMIFS('PL1.1 ML2027-2028'!$G:$G,'PL1.1 ML2027-2028'!$J:$J,'TH theo DV'!$H$3,'PL1.1 ML2027-2028'!$K:$K,'TH theo DV'!C28)/$D$1 -> 0.227664 | I28: =SUMIFS('PL1.1 ML2027-2028'!$G:$G,'PL1.1 ML2027-2028'!$J:$J,'TH theo DV'!$I$3,'PL1.1 ML2027-2028'!$K:$K,'TH theo DV'!C28)/$D$1 -> 0 | J28: =SUMIFS('PL1.1 ML2027-2028'!$G:$G,'PL1.1 ML2027-2028'!$J:$J,'TH theo DV'!J$3,'PL1.1 ML2027-2028'!$K:$K,'TH theo DV'!$C28)/$D$1 -> 0 | K28: =SUM(D28:J28) -> 0.227664 | L28: =K28/$K$4 -> 0.0090303405 | M28: =SUMIFS('PL1.1 ML2027-2028'!$H:$H,'PL1.1 ML2027-2028'!$J:$J,'TH theo DV'!M$3,'PL1.1 ML2027-2028'!$K:$K,'TH theo DV'!$C28)/$D$1 -> 0 | N28: =SUMIFS('PL1.1 ML2027-2028'!$H:$H,'PL1.1 ML2027-2028'!$J:$J,'TH theo DV'!N$3,'PL1.1 ML2027-2028'!$K:$K,'TH theo DV'!$C28)/$D$1 -> 0 | O28: =SUMIFS('PL1.1 ML2027-2028'!$H:$H,'PL1.1 ML2027-2028'!$J:$J,'TH theo DV'!O$3,'PL1.1 ML2027-2028'!$K:$K,'TH theo DV'!$C28)/$D$1 -> 0 | P28: =SUMIFS('PL1.1 ML2027-2028'!$H:$H,'PL1.1 ML2027-2028'!$J:$J,'TH theo DV'!P$3,'PL1.1 ML2027-2028'!$K:$K,'TH theo DV'!$C28)/$D$1 -> 0 | Q28: =SUMIFS('PL1.1 ML2027-2028'!$H:$H,'PL1.1 ML2027-2028'!$J:$J,'TH theo DV'!Q$3,'PL1.1 ML2027-2028'!$K:$K,'TH theo DV'!$C28)/$D$1 -> 0.25032 | R28: =SUMIFS('PL1.1 ML2027-2028'!$H:$H,'PL1.1 ML2027-2028'!$J:$J,'TH theo DV'!R$3,'PL1.1 ML2027-2028'!$K:$K,'TH theo DV'!$C28)/$D$1 -> 0 | S28: =SUMIFS('PL1.1 ML2027-2028'!$H:$H,'PL1.1 ML2027-2028'!$J:$J,'TH theo DV'!S$3,'PL1.1 ML2027-2028'!$K:$K,'TH theo DV'!$C28)/$D$1 -> 0 | T28: =SUM(M28:S28) -> 0.25032 | V28: =D28+M28 -> 0 | W28: =E28+N28 -> 0 | X28: =F28+O28 -> 0 | Y28: =G28+P28 -> 0 | Z28: =H28+Q28 -> 0.477984 | AA28: =I28+R28 -> 0 | AB28: =SUM(V28:AA28) -> 0.477984 | AC28: =AB28/$AB$4 -> 0.011029569 | AD28: 1
A29: III | B29: Đảm bảo VHKT, kiên cố, bền vững trong thiên tai | D29: =SUBTOTAL(9,D30:D33) -> 0.535421 | E29: =SUBTOTAL(9,E30:E33) -> 0.84196192 | F29: =SUBTOTAL(9,F30:F33) -> 0 | G29: =SUBTOTAL(9,G30:G33) -> 0.933882 | H29: =SUBTOTAL(9,H30:H33) -> 0.35784 | I29: =SUBTOTAL(9,I30:I33) -> 1.3602861 | J29: =SUBTOTAL(9,J30:J33) -> 0 | K29: =SUBTOTAL(9,K30:K33) -> 4.029391 | L29: =K29/$K$4 -> 0.15982664 | M29: =SUBTOTAL(9,M30:M33) -> 0.7013 | N29: =SUBTOTAL(9,N31:N33) -> 0.87104 | O29: =SUBTOTAL(9,O30:O33) -> 0 | P29: =SUBTOTAL(9,P30:P33) -> 0.218689 | Q29: =SUBTOTAL(9,Q30:Q33) -> 0.33634 | R29: =SUBTOTAL(9,R30:R33) -> 1.8399121 | S29: =SUBTOTAL(9,S30:S33) -> 0 | T29: =SUBTOTAL(9,T30:T33) -> 4.0672811 | U29: =T29/$T$4 -> 0.16356076 | V29: =SUBTOTAL(9,V31:V33) -> 0.789121 | W29: =SUBTOTAL(9,W31:W33) -> 1.6130019 | X29: =SUBTOTAL(9,X31:X33) -> 0 | Y29: =SUBTOTAL(9,Y31:Y33) -> 1.152571 | Z29: =SUBTOTAL(9,Z31:Z33) -> 0.4642 | AA29: =SUBTOTAL(9,AA31:AA33) -> 2.727514 | AB29: =SUBTOTAL(9,AB31:AB33) -> 6.7464079 | AC29: =AB29/$AB$4 -> 0.1556746
A30: 1 | B30: Đảm bảo dự phòng ƯCTT | C30: ƯCTT | D30: =SUMIFS('PL1.1 ML2027-2028'!$G:$G,'PL1.1 ML2027-2028'!$J:$J,'TH theo DV'!$D$3,'PL1.1 ML2027-2028'!$K:$K,'TH theo DV'!C30)/$D$1 -> 0.2238 | E30: =SUMIFS('PL1.1 ML2027-2028'!$G:$G,'PL1.1 ML2027-2028'!$J:$J,'TH theo DV'!$E$3,'PL1.1 ML2027-2028'!$K:$K,'TH theo DV'!C30)/$D$1 -> 0.1 | F30: =SUMIFS('PL1.1 ML2027-2028'!$G:$G,'PL1.1 ML2027-2028'!$J:$J,'TH theo DV'!$F$3,'PL1.1 ML2027-2028'!$K:$K,'TH theo DV'!C30)/$D$1 -> 0 | G30: =SUMIFS('PL1.1 ML2027-2028'!$G:$G,'PL1.1 ML2027-2028'!$J:$J,'TH theo DV'!$G$3,'PL1.1 ML2027-2028'!$K:$K,'TH theo DV'!C30)/$D$1 -> 0 | H30: =SUMIFS('PL1.1 ML2027-2028'!$G:$G,'PL1.1 ML2027-2028'!$J:$J,'TH theo DV'!$H$3,'PL1.1 ML2027-2028'!$K:$K,'TH theo DV'!C30)/$D$1 -> 0.12574 | I30: =SUMIFS('PL1.1 ML2027-2028'!$G:$G,'PL1.1 ML2027-2028'!$J:$J,'TH theo DV'!$I$3,'PL1.1 ML2027-2028'!$K:$K,'TH theo DV'!C30)/$D$1 -> 0.2195421 | J30: =SUMIFS('PL1.1 ML2027-2028'!$G:$G,'PL1.1 ML2027-2028'!$J:$J,'TH theo DV'!J$3,'PL1.1 ML2027-2028'!$K:$K,'TH theo DV'!$C30)/$D$1 -> 0 | K30: =SUM(D30:J30) -> 0.6690821 | L30: =K30/$K$4 -> 0.026539283 | M30: =SUMIFS('PL1.1 ML2027-2028'!$H:$H,'PL1.1 ML2027-2028'!$J:$J,'TH theo DV'!M$3,'PL1.1 ML2027-2028'!$K:$K,'TH theo DV'!$C30)/$D$1 -> 0.2238 | N30: =SUMIFS('PL1.1 ML2027-2028'!$H:$H,'PL1.1 ML2027-2028'!$J:$J,'TH theo DV'!N$3,'PL1.1 ML2027-2028'!$K:$K,'TH theo DV'!$C30)/$D$1 -> 0.1 | O30: =SUMIFS('PL1.1 ML2027-2028'!$H:$H,'PL1.1 ML2027-2028'!$J:$J,'TH theo DV'!O$3,'PL1.1 ML2027-2028'!$K:$K,'TH theo DV'!$C30)/$D$1 -> 0 | P30: =SUMIFS('PL1.1 ML2027-2028'!$H:$H,'PL1.1 ML2027-2028'!$J:$J,'TH theo DV'!P$3,'PL1.1 ML2027-2028'!$K:$K,'TH theo DV'!$C30)/$D$1 -> 0 | Q30: =SUMIFS('PL1.1 ML2027-2028'!$H:$H,'PL1.1 ML2027-2028'!$J:$J,'TH theo DV'!Q$3,'PL1.1 ML2027-2028'!$K:$K,'TH theo DV'!$C30)/$D$1 -> 0.10424 | R30: =SUMIFS('PL1.1 ML2027-2028'!$H:$H,'PL1.1 ML2027-2028'!$J:$J,'TH theo DV'!R$3,'PL1.1 ML2027-2028'!$K:$K,'TH theo DV'!$C30)/$D$1 -> 0.2531421 | S30: =SUMIFS('PL1.1 ML2027-2028'!$H:$H,'PL1.1 ML2027-2028'!$J:$J,'TH theo DV'!S$3,'PL1.1 ML2027-2028'!$K:$K,'TH theo DV'!$C30)/$D$1 -> 0 | T30: =SUM(M30:S30) -> 0.6811821 | U30: =T30/$T$4 -> 0.027392909 | V30: =D30+M30 -> 0.4476 | W30: =E30+N30 -> 0.2 | X30: =F30+O30 -> 0 | Y30: =G30+P30 -> 0 | Z30: =H30+Q30 -> 0.22998 | AA30: =I30+R30 -> 0.4726842 | AB30: =SUM(V30:AA30) -> 1.3502642 | AC30: =AB30/$AB$4 -> 0.031157595 | AD30: 1 | AF30: 0.8 | AG30: 0.2 | AJ30: 1
A31: 2 | B31: Đảm bảo VHKT và nâng cao chất lượng mạng | C31: VHKT | D31: =SUMIFS('PL1.1 ML2027-2028'!$G:$G,'PL1.1 ML2027-2028'!$J:$J,'TH theo DV'!$D$3,'PL1.1 ML2027-2028'!$K:$K,'TH theo DV'!C31)/$D$1 -> 0.311621 | E31: =SUMIFS('PL1.1 ML2027-2028'!$G:$G,'PL1.1 ML2027-2028'!$J:$J,'TH theo DV'!$E$3,'PL1.1 ML2027-2028'!$K:$K,'TH theo DV'!C31)/$D$1 -> 0.74196192 | F31: =SUMIFS('PL1.1 ML2027-2028'!$G:$G,'PL1.1 ML2027-2028'!$J:$J,'TH theo DV'!$F$3,'PL1.1 ML2027-2028'!$K:$K,'TH theo DV'!C31)/$D$1 -> 0 | G31: =SUMIFS('PL1.1 ML2027-2028'!$G:$G,'PL1.1 ML2027-2028'!$J:$J,'TH theo DV'!$G$3,'PL1.1 ML2027-2028'!$K:$K,'TH theo DV'!C31)/$D$1 -> 0.933882 | H31: =SUMIFS('PL1.1 ML2027-2028'!$G:$G,'PL1.1 ML2027-2028'!$J:$J,'TH theo DV'!$H$3,'PL1.1 ML2027-2028'!$K:$K,'TH theo DV'!C31)/$D$1 -> 0 | I31: =SUMIFS('PL1.1 ML2027-2028'!$G:$G,'PL1.1 ML2027-2028'!$J:$J,'TH theo DV'!$I$3,'PL1.1 ML2027-2028'!$K:$K,'TH theo DV'!C31)/$D$1 -> 0.22998 | J31: =SUMIFS('PL1.1 ML2027-2028'!$G:$G,'PL1.1 ML2027-2028'!$J:$J,'TH theo DV'!J$3,'PL1.1 ML2027-2028'!$K:$K,'TH theo DV'!$C31)/$D$1 -> 0 | K31: =SUM(D31:J31) -> 2.2174449 | L31: =K31/$K$4 -> 0.08795542 | M31: =SUMIFS('PL1.1 ML2027-2028'!$H:$H,'PL1.1 ML2027-2028'!$J:$J,'TH theo DV'!M$3,'PL1.1 ML2027-2028'!$K:$K,'TH theo DV'!$C31)/$D$1 -> 0.4775 | N31: =SUMIFS('PL1.1 ML2027-2028'!$H:$H,'PL1.1 ML2027-2028'!$J:$J,'TH theo DV'!N$3,'PL1.1 ML2027-2028'!$K:$K,'TH theo DV'!$C31)/$D$1 -> 0.87104 | O31: =SUMIFS('PL1.1 ML2027-2028'!$H:$H,'PL1.1 ML2027-2028'!$J:$J,'TH theo DV'!O$3,'PL1.1 ML2027-2028'!$K:$K,'TH theo DV'!$C31)/$D$1 -> 0 | P31: =SUMIFS('PL1.1 ML2027-2028'!$H:$H,'PL1.1 ML2027-2028'!$J:$J,'TH theo DV'!P$3,'PL1.1 ML2027-2028'!$K:$K,'TH theo DV'!$C31)/$D$1 -> 0.218689 | Q31: =SUMIFS('PL1.1 ML2027-2028'!$H:$H,'PL1.1 ML2027-2028'!$J:$J,'TH theo DV'!Q$3,'PL1.1 ML2027-2028'!$K:$K,'TH theo DV'!$C31)/$D$1 -> 0 | R31: =SUMIFS('PL1.1 ML2027-2028'!$H:$H,'PL1.1 ML2027-2028'!$J:$J,'TH theo DV'!R$3,'PL1.1 ML2027-2028'!$K:$K,'TH theo DV'!$C31)/$D$1 -> 0.05225 | S31: =SUMIFS('PL1.1 ML2027-2028'!$H:$H,'PL1.1 ML2027-2028'!$J:$J,'TH theo DV'!S$3,'PL1.1 ML2027-2028'!$K:$K,'TH theo DV'!$C31)/$D$1 -> 0 | T31: =SUM(M31:S31) -> 1.619479 | U31: =T31/$T$4 -> 0.065125376 | V31: =D31+M31 -> 0.789121 | W31: =E31+N31 -> 1.6130019 | X31: =F31+O31 -> 0 | Y31: =G31+P31 -> 1.152571 | Z31: =H31+Q31 -> 0 | AA31: =I31+R31 -> 0.28223 | AB31: =SUM(V31:AA31) -> 3.8369239 | AC31: =AB31/$AB$4 -> 0.088537724 | AD31: 1 | AF31: 0.8 | AG31: 0.2 | AJ31: 1
A32: 3 | B32: Củng cố kiên cố thường trình | C32: KCTT | D32: =SUMIFS('PL1.1 ML2027-2028'!$G:$G,'PL1.1 ML2027-2028'!$J:$J,'TH theo DV'!$D$3,'PL1.1 ML2027-2028'!$K:$K,'TH theo DV'!C32)/$D$1 -> 0 | E32: =SUMIFS('PL1.1 ML2027-2028'!$G:$G,'PL1.1 ML2027-2028'!$J:$J,'TH theo DV'!$E$3,'PL1.1 ML2027-2028'!$K:$K,'TH theo DV'!C32)/$D$1 -> 0 | F32: =SUMIFS('PL1.1 ML2027-2028'!$G:$G,'PL1.1 ML2027-2028'!$J:$J,'TH theo DV'!$F$3,'PL1.1 ML2027-2028'!$K:$K,'TH theo DV'!C32)/$D$1 -> 0 | G32: =SUMIFS('PL1.1 ML2027-2028'!$G:$G,'PL1.1 ML2027-2028'!$J:$J,'TH theo DV'!$G$3,'PL1.1 ML2027-2028'!$K:$K,'TH theo DV'!C32)/$D$1 -> 0 | H32: =SUMIFS('PL1.1 ML2027-2028'!$G:$G,'PL1.1 ML2027-2028'!$J:$J,'TH theo DV'!$H$3,'PL1.1 ML2027-2028'!$K:$K,'TH theo DV'!C32)/$D$1 -> 0.2321 | I32: =SUMIFS('PL1.1 ML2027-2028'!$G:$G,'PL1.1 ML2027-2028'!$J:$J,'TH theo DV'!$I$3,'PL1.1 ML2027-2028'!$K:$K,'TH theo DV'!C32)/$D$1 -> 0.910764 | J32: =SUMIFS('PL1.1 ML2027-2028'!$G:$G,'PL1.1 ML2027-2028'!$J:$J,'TH theo DV'!J$3,'PL1.1 ML2027-2028'!$K:$K,'TH theo DV'!$C32)/$D$1 -> 0 | K32: =SUM(D32:J32) -> 1.142864 | L32: =K32/$K$4 -> 0.045331941 | M32: =SUMIFS('PL1.1 ML2027-2028'!$H:$H,'PL1.1 ML2027-2028'!$J:$J,'TH theo DV'!M$3,'PL1.1 ML2027-2028'!$K:$K,'TH theo DV'!$C32)/$D$1 -> 0 | N32: =SUMIFS('PL1.1 ML2027-2028'!$H:$H,'PL1.1 ML2027-2028'!$J:$J,'TH theo DV'!N$3,'PL1.1 ML2027-2028'!$K:$K,'TH theo DV'!$C32)/$D$1 -> 0 | O32: =SUMIFS('PL1.1 ML2027-2028'!$H:$H,'PL1.1 ML2027-2028'!$J:$J,'TH theo DV'!O$3,'PL1.1 ML2027-2028'!$K:$K,'TH theo DV'!$C32)/$D$1 -> 0 | P32: =SUMIFS('PL1.1 ML2027-2028'!$H:$H,'PL1.1 ML2027-2028'!$J:$J,'TH theo DV'!P$3,'PL1.1 ML2027-2028'!$K:$K,'TH theo DV'!$C32)/$D$1 -> 0 | Q32: =SUMIFS('PL1.1 ML2027-2028'!$H:$H,'PL1.1 ML2027-2028'!$J:$J,'TH theo DV'!Q$3,'PL1.1 ML2027-2028'!$K:$K,'TH theo DV'!$C32)/$D$1 -> 0.2321 | R32: =SUMIFS('PL1.1 ML2027-2028'!$H:$H,'PL1.1 ML2027-2028'!$J:$J,'TH theo DV'!R$3,'PL1.1 ML2027-2028'!$K:$K,'TH theo DV'!$C32)/$D$1 -> 1.53452 | S32: =SUMIFS('PL1.1 ML2027-2028'!$H:$H,'PL1.1 ML2027-2028'!$J:$J,'TH theo DV'!S$3,'PL1.1 ML2027-2028'!$K:$K,'TH theo DV'!$C32)/$D$1 -> 0 | T32: =SUM(M32:S32) -> 1.76662 | U32: =T32/$T$4 -> 0.071042473 | V32: =D32+M32 -> 0 | W32: =E32+N32 -> 0 | X32: =F32+O32 -> 0 | Y32: =G32+P32 -> 0 | Z32: =H32+Q32 -> 0.4642 | AA32: =I32+R32 -> 2.445284 | AB32: =SUM(V32:AA32) -> 2.909484 | AC32: =AB32/$AB$4 -> 0.067136878 | AD32: 1 | AF32: 1
A33: 4 | B33: Bền vững mạng lưới trong thiên tai | C33: PCTT | D33: =SUMIFS('PL1.1 ML2027-2028'!$G:$G,'PL1.1 ML2027-2028'!$J:$J,'TH theo DV'!$D$3,'PL1.1 ML2027-2028'!$K:$K,'TH theo DV'!C33)/$D$1 -> 0 | E33: =SUMIFS('PL1.1 ML2027-2028'!$G:$G,'PL1.1 ML2027-2028'!$J:$J,'TH theo DV'!$E$3,'PL1.1 ML2027-2028'!$K:$K,'TH theo DV'!C33)/$D$1 -> 0 | F33: =SUMIFS('PL1.1 ML2027-2028'!$G:$G,'PL1.1 ML2027-2028'!$J:$J,'TH theo DV'!$F$3,'PL1.1 ML2027-2028'!$K:$K,'TH theo DV'!C33)/$D$1 -> 0 | G33: =SUMIFS('PL1.1 ML2027-2028'!$G:$G,'PL1.1 ML2027-2028'!$J:$J,'TH theo DV'!$G$3,'PL1.1 ML2027-2028'!$K:$K,'TH theo DV'!C33)/$D$1 -> 0 | H33: =SUMIFS('PL1.1 ML2027-2028'!$G:$G,'PL1.1 ML2027-2028'!$J:$J,'TH theo DV'!$H$3,'PL1.1 ML2027-2028'!$K:$K,'TH theo DV'!C33)/$D$1 -> 0 | I33: =SUMIFS('PL1.1 ML2027-2028'!$G:$G,'PL1.1 ML2027-2028'!$J:$J,'TH theo DV'!$I$3,'PL1.1 ML2027-2028'!$K:$K,'TH theo DV'!C33)/$D$1 -> 0 | J33: =SUMIFS('PL1.1 ML2027-2028'!$G:$G,'PL1.1 ML2027-2028'!$J:$J,'TH theo DV'!$I$3,'PL1.1 ML2027-2028'!$K:$K,'TH theo DV'!D33)/$D$1 -> 0 | K33: =SUM(D33:J33) -> 0 | L33: =K33/$K$4 -> 0 | M33: =SUMIFS('PL1.1 ML2027-2028'!$H:$H,'PL1.1 ML2027-2028'!$J:$J,'TH theo DV'!M$3,'PL1.1 ML2027-2028'!$K:$K,'TH theo DV'!$C33)/$D$1 -> 0 | N33: =SUMIFS('PL1.1 ML2027-2028'!$H:$H,'PL1.1 ML2027-2028'!$J:$J,'TH theo DV'!N$3,'PL1.1 ML2027-2028'!$K:$K,'TH theo DV'!$C33)/$D$1 -> 0 | O33: =SUMIFS('PL1.1 ML2027-2028'!$H:$H,'PL1.1 ML2027-2028'!$J:$J,'TH theo DV'!O$3,'PL1.1 ML2027-2028'!$K:$K,'TH theo DV'!$C33)/$D$1 -> 0 | P33: =SUMIFS('PL1.1 ML2027-2028'!$H:$H,'PL1.1 ML2027-2028'!$J:$J,'TH theo DV'!P$3,'PL1.1 ML2027-2028'!$K:$K,'TH theo DV'!$C33)/$D$1 -> 0 | Q33: =SUMIFS('PL1.1 ML2027-2028'!$H:$H,'PL1.1 ML2027-2028'!$J:$J,'TH theo DV'!Q$3,'PL1.1 ML2027-2028'!$K:$K,'TH theo DV'!$C33)/$D$1 -> 0 | R33: =SUMIFS('PL1.1 ML2027-2028'!$H:$H,'PL1.1 ML2027-2028'!$J:$J,'TH theo DV'!R$3,'PL1.1 ML2027-2028'!$K:$K,'TH theo DV'!$C33)/$D$1 -> 0 | S33: =SUMIFS('PL1.1 ML2027-2028'!$H:$H,'PL1.1 ML2027-2028'!$J:$J,'TH theo DV'!S$3,'PL1.1 ML2027-2028'!$K:$K,'TH theo DV'!$C33)/$D$1 -> 0 | T33: =SUM(M33:S33) -> 0 | U33: =T33/$T$4 -> 0 | V33: =D33+M33 -> 0 | W33: =E33+N33 -> 0 | X33: =F33+O33 -> 0 | Y33: =G33+P33 -> 0 | Z33: =H33+Q33 -> 0 | AA33: =I33+R33 -> 0 | AB33: =SUM(V33:AA33) -> 0 | AC33: =AB33/$AB$4 -> 0 | AD33: 0.8 | AF33: 0.2

Sheet PL1.2 TH theo mục đích
A1: PHỤ LỤC 1.2: BẢNG TỔNG HỢP ĐẦU TƯ THEO MỤC ĐÍCH QHĐC 2027-2028 (Ban hành kèm theo Công văn số của Tổng Công ty VTNet)
A3: TT | B3: Nội dung | C3: 2027 | F3: 2028 | I3: Tổng đầu tư và triển khai 2027-2028 (triệu USD) | J3: Tỷ trọng (%)
C4: Chi phí (triệu USD) | D4: Hạng mục đầu tư, triển khai chính | E4: Tỷ trọng (%) | F4: Chi phí (triệu USD) | G4: Hạng mục đầu tư, triển khai chính | H4: Tỷ trọng (%) | M4: =C5 -> 21.797523
B5: TỔNG ĐẦU TƯ | C5: =SUBTOTAL(9,C6:C60) -> 21.797523 | E5: =C5/I5 -> 0.61082429 | F5: =SUBTOTAL(9,F7:F60) -> 13.8879 | H5: =F5/I5 -> 0.38917571 | I5: =SUBTOTAL(9,I6:I60) -> 35.685423
A6: A | B6: Công nghệ mới triển khai diện rộng cho kinh doanh | C6: =SUBTOTAL(9,C7:C14) -> 0.160426 | E6: =C6/$C$5 -> 0.0073598271 | F6: =SUBTOTAL(9,F7:F13) -> 0.031064 | H6: =F6/$F$5 -> 0.0022367673 | I6: =SUBTOTAL(9,I7:I14) -> 0.19149 | J6: =I6/$I$5 -> 0.0053660567
A7: I | B7: Mạng 5G | C7: =SUBTOTAL(9,C8:C11) -> 0.0353 | E7: =C7/$C$5 -> 0.0016194501 | F7: =SUBTOTAL(9,F8:F11) -> 0.031064 | G7: 0 | H7: =F7/$F$5 -> 0.0022367673 | I7: =SUBTOTAL(9,I8:I11) -> 0.066364 | J7: =I7/$I$5 -> 0.0018596949 | N7: ='PL1.3 Buc tranh sau QH'!D6-'PL1.2 TH theo mục đích'!C7 -> 0.031064
A8: 1 | B8: Vô tuyến | C8: =SUMIFS('PL1.1 ML2027-2028'!$G:$G,'PL1.1 ML2027-2028'!$J:$J,L8,'PL1.1 ML2027-2028'!$K:$K,'PL1.2 TH theo mục đích'!K8)/10^6 -> 0 | D8: - Đầu tư 802 gNodeB Massive MIMO dualband 2.6+3.5GHz cosite tại vị trí 4G dung lượng. | F8: =SUMIFS('PL1.1 ML2027-2028'!$H:$H,'PL1.1 ML2027-2028'!$J:$J,"VT",'PL1.1 ML2027-2028'!$K:$K,"5G",'PL1.1 ML2027-2028'!$L:$L,"VTTB")/10^6+SUMIFS('PL1.1 ML2027-2028'!$H:$H,'PL1.1 ML2027-2028'!$J:$J,"VT",'PL1.1 ML2027-2028'!$K:$K,"5G",'PL1.1 ML2027-2028'!$L:$L,"TK")/10^6 -> 0 | G8: - Đầu tư 98 gNodeB Massive MIMO dualband 2.6+3.5GHz cosite tại vị trí 4G dung lượng. | I8: =C8+F8 -> 0 | J8: =I8/$I$5 -> 0 | K8: 5G | L8: VT
A9: 2 | B9: Mạng lõi | C9: =SUMIFS('PL1.1 ML2027-2028'!$G:$G,'PL1.1 ML2027-2028'!$J:$J,L9,'PL1.1 ML2027-2028'!$K:$K,K9)/10^6 -> 0 | E9: =C9/$C$5 -> 0 | F9: =SUMIFS('PL1.1 ML2027-2028'!$H:$H,'PL1.1 ML2027-2028'!$J:$J,"ML",'PL1.1 ML2027-2028'!$K:$K,"5G",'PL1.1 ML2027-2028'!$L:$L,"VTTB")/10^6+SUMIFS('PL1.1 ML2027-2028'!$H:$H,'PL1.1 ML2027-2028'!$J:$J,"ML",'PL1.1 ML2027-2028'!$K:$K,"5G",'PL1.1 ML2027-2028'!$L:$L,"TK")/10^6 -> 0 | I9: =C9+F9 -> 0 | J9: =I9/$I$5 -> 0 | K9: 5G | L9: ML
A10: 3 | B10: Truyền dẫn | C10: ='TH theo DV'!H7 -> 0.0353 | D10: - IP: ... SRT 5G smallcell, .... SRT 100G cho 5G NEW, card 10G AGG đấu nối ring 5G NEW, .... - 262 tuyến Viba E-Band triển khai 5G cosite | E10: =C10/$C$5 -> 0.0016194501 | F10: =SUMIFS('PL1.1 ML2027-2028'!$H:$H,'PL1.1 ML2027-2028'!$J:$J,"TD",'PL1.1 ML2027-2028'!$K:$K,"5G",'PL1.1 ML2027-2028'!$L:$L,"VTTB")/10^6+SUMIFS('PL1.1 ML2027-2028'!$H:$H,'PL1.1 ML2027-2028'!$J:$J,"TD",'PL1.1 ML2027-2028'!$K:$K,"5G",'PL1.1 ML2027-2028'!$L:$L,"TK")/10^6 -> 0.031064 | G10: 0 | I10: =C10+F10 -> 0.066364 | J10: =I10/$I$5 -> 0.0018596949 | K10: 5G | L10: TD
A11: 4 | B11: Cơ điện | C11: ='TH theo DV'!I7 -> 0 | D11: Đầu tư .... bình ắc quy Lithium 48V-100Ah; .... tủ nguồn DC indoor và ... rectifier đồng bộ; 1.062 tủ Compact Minishelter;.... tủ nguồn DC mini; ...converter quang FE;.....và chi phí lắp đặt. | E11: =C11/$C$5 -> 0 | F11: =SUMIFS('PL1.1 ML2027-2028'!$H:$H,'PL1.1 ML2027-2028'!$J:$J,"CĐ",'PL1.1 ML2027-2028'!$K:$K,"5G",'PL1.1 ML2027-2028'!$L:$L,"VTTB")/10^6+SUMIFS('PL1.1 ML2027-2028'!$H:$H,'PL1.1 ML2027-2028'!$J:$J,"CĐ",'PL1.1 ML2027-2028'!$K:$K,"5G",'PL1.1 ML2027-2028'!$L:$L,"TK")/10^6 -> 0 | G11: 0 | I11: =C11+F11 -> 0 | J11: =I11/$I$5 -> 0 | K11: 5G | L11: CĐ
A12: II | B12: XGSPON | C12: =SUMIFS('PL1.1 ML2027-2028'!$G:$G,'PL1.1 ML2027-2028'!$K:$K,'PL1.2 TH theo mục đích'!K12)/10^6 -> 0 | D12: Triển khai …. trạm XGSPON combo tại nội thành, ngoại thành cho …. | E12: =C12/$C$5 -> 0 | F12: ='TH theo DV'!T8 -> 0 | G12: 0 | I12: =C12+F12 -> 0 | J12: =I12/$I$5 -> 0 | K12: XGSPON | L12: CĐBR
A13: III | B13: AI/GPU | C13: =SUMIFS('PL1.1 ML2027-2028'!$G:$G,'PL1.1 ML2027-2028'!$J:$J,L13,'PL1.1 ML2027-2028'!$K:$K,K13)/10^6 -> 0.125126 | D13: -Triển khai giải pháp AI như : Agent AI (áp dụng trong năm 2027 giải pháp Conversational AI cho CSKH); Camera AI cho Kỹ thuật …. | E13: =C13/$C$5 -> 0.005740377 | F13: ='TH theo DV'!T9 -> 0 | G13: -Triển khai giải pháp AI như : Agent AI; Camera AI cho Kỹ thuật …. | I13: =C13+F13 -> 0.125126 | J13: =I13/$I$5 -> 0.0035063617 | K13: AI/GPU | L13: CNTT
A14: IV | B14: Private Mobile Network | C14: =SUMIFS('PL1.1 ML2027-2028'!$G:$G,'PL1.1 ML2027-2028'!$K:$K,'PL1.2 TH theo mục đích'!K14)/10^6 -> 0 | D14: Đầu tư trước …. bộ 5GC Mini để đảm bảo nhu cầu kinh doanh | E14: =C14/$C$5 -> 0 | F14: ='TH theo DV'!T10 -> 0 | G14: 0 | I14: =C14+F14 -> 0 | J14: =I14/$I$5 -> 0 | K14: PMN | L14: ML
A15: B | B15: Mở rộng mạng lưới hiện tại cho kinh doanh | C15: =SUBTOTAL(9,C16:C37) -> 17.607706 | E15: =C15/$C$5 -> 0.80778472 | F15: =SUBTOTAL(9,F16:F37) -> 9.7895546 | H15: =F15/$F$5 -> 0.70489813 | I15: =SUBTOTAL(9,I16:I37) -> 27.397261 | J15: =I15/$I$5 -> 0.76774376 | N15: ='PL1.3 Buc tranh sau QH'!D10-'PL1.2 TH theo mục đích'!C15 -> 16.931648
A16: I | B16: Vô tuyến | C16: =SUBTOTAL(9,C17:C19) -> 6.1685237 | E16: =C16/C5 -> 0.28299196 | F16: =SUBTOTAL(9,F17:F19) -> 6.2622168 | G16: 0 | H16: =F16/F5 -> 0.45091173 | I16: =SUBTOTAL(9,I17:I19) -> 12.430741 | J16: =I16/$I$5 -> 0.34834225 | N16: =C16-'PL1.3 Buc tranh sau QH'!D11 -> -15.833703
A17: 1 | B17: Vùng phủ (đầu tư thiết bị) | C17: =SUMIFS('PL1.1 ML2027-2028'!$G:$G,'PL1.1 ML2027-2028'!$J:$J,"VT",'PL1.1 ML2027-2028'!$K:$K,"VPDĐ",'PL1.1 ML2027-2028'!$L:$L,"VTTB")/10^6 -> 1.1282284 | D17: Triển khai 208 vị trí triển khai vùng phủ mới cho 4G kết hợp cosite 2G | E17: =C17/$C$5 -> 0.051759475 | F17: =SUMIFS('PL1.1 ML2027-2028'!$H:$H,'PL1.1 ML2027-2028'!$J:$J,"VT",'PL1.1 ML2027-2028'!$K:$K,"VPDĐ",'PL1.1 ML2027-2028'!$L:$L,"VTTB")/10^6 -> 0.65373303 | G17: Triển khai 230 vị trí triển khai vùng phủ mới cho 4G kết hợp cosite 2G | I17: =C17+F17 -> 1.7819614 | J17: =I17/$I$5 -> 0.049935275 | K17: VT | L17: VT
A18: 2 | B18: Vùng phủ (triển khai) | C18: =SUMIFS('PL1.1 ML2027-2028'!$G:$G,'PL1.1 ML2027-2028'!$J:$J,"VT",'PL1.1 ML2027-2028'!$K:$K,"VPDĐ",'PL1.1 ML2027-2028'!$L:$L,"TK")/10^6 -> 0 | D18: Triển khai xây dựng trạm và lắp đặt thiết bị đầu tư cho vùng phủ | E18: =C18/$C$5 -> 0 | F18: =SUMIFS('PL1.1 ML2027-2028'!$H:$H,'PL1.1 ML2027-2028'!$J:$J,"VT",'PL1.1 ML2027-2028'!$K:$K,"VPDĐ",'PL1.1 ML2027-2028'!$L:$L,"TK")/10^6 -> 0 | G18: 0 | I18: =C18+F18 -> 0 | J18: =I18/$I$5 -> 0 | K18: VT | L18: VT
A19: 3 | B19: Dung lượng (đầu tư + triển khai) | C19: =SUMIFS('PL1.1 ML2027-2028'!$G:$G,'PL1.1 ML2027-2028'!$J:$J,"VT",'PL1.1 ML2027-2028'!$K:$K,"DLDĐ",'PL1.1 ML2027-2028'!$L:$L,"VTTB")/10^6 + SUMIFS('PL1.1 ML2027-2028'!$G:$G,'PL1.1 ML2027-2028'!$J:$J,"VT",'PL1.1 ML2027-2028'!$K:$K,"DLDĐ",'PL1.1 ML2027-2028'!$L:$L,"TK")/10^6 -> 5.0402954 | D19: - 2G: +) Bổ sung thêm 101 vị trí mới cho lưu lượng nhằm đáp ứng nhu cầu KD và giảm TU mạng 2G +) Bổ sung thêm 48 trạm cosite 900MHz Tổng chi phí dự kiến 2.5M USD - 4G: +) 802 tủ MM 2.6+3.5GHz, 157 card BB, 83 sector 800, 293 sector 700, 197 sector 1800. Tổng chi phí dự kiến 38M USD | E19: =C19/$C$5 -> 0.23123248 | F19: =SUMIFS('PL1.1 ML2027-2028'!$H:$H,'PL1.1 ML2027-2028'!$J:$J,"VT",'PL1.1 ML2027-2028'!$K:$K,"DLDĐ",'PL1.1 ML2027-2028'!$L:$L,"VTTB")/10^6 + SUMIFS('PL1.1 ML2027-2028'!$H:$H,'PL1.1 ML2027-2028'!$J:$J,"VT",'PL1.1 ML2027-2028'!$K:$K,"DLDĐ",'PL1.1 ML2027-2028'!$L:$L,"TK")/10^6 -> 5.6084838 | G19: - 2G: +) Bổ sung thêm 38 vị trí mới cho lưu lượng nhằm đáp ứng nhu cầu KD và giảm TU mạng 2G +) Bổ sung thêm 3 tủ 900MHz Tổng chi phí dự kiến 707K USD - 4G: +) 14 vị trí mới DL +) 98 tủ MM 2.6+3.5GHz, 25 card BB, 21 sector 800, 298 sector 700, 353 sector 1800, Tổng chi phí dự kiến 8.6M USD | I19: =C19+F19 -> 10.648779 | J19: =I19/$I$5 -> 0.29840698 | K19: VT | L19: VT
A20: III | B20: Mạng lõi | C20: =SUBTOTAL(9,C21:C21) -> 3.5683679 | E20: =C20/C5 -> 0.1637052 | F20: =SUBTOTAL(9,F21:F21) -> 0.2919 | G20: 0 | H20: =F20/F5 -> 0.021018297 | I20: =SUBTOTAL(9,I21:I21) -> 3.8602679 | J20: =I20/$I$5 -> 0.10817492 | N20: =C20-'PL1.3 Buc tranh sau QH'!D14 -> 1.5516133
A21: 1 | B21: Dung lượng (đầu tư) | C21: =SUMIFS('PL1.1 ML2027-2028'!$G:$G,'PL1.1 ML2027-2028'!$J:$J,"ML",'PL1.1 ML2027-2028'!$K:$K,"DLDĐ")/10^6 -> 3.5683679 | D21: 01 vMSC (HW:1072K ATT, 1.5M Reg, 45K Erl, SW: 572K ATT, 800K Reg, 22.857K Erl), MSC (SW: CSFB: 1M sub), UDM (SW: 200K FE 2G/3G, 400K BE 2G/3G, 300K FE 4G, 2.9M BE 4G), 1 vEPC (HW: 1M SAU, 1.5M PDP, 100 Gbps, SW: 1M SAU, 1.5M PDP, 60 Gbps). vEPC4 (SW: 650K SAU, 975K PDP, 49.4 Gbps). SMSC (SW: 1400 MOMT). 2 IMS (HW: 500K, SW: 100K). | F21: =SUMIFS('PL1.1 ML2027-2028'!$H:$H,'PL1.1 ML2027-2028'!$J:$J,"ML",'PL1.1 ML2027-2028'!$K:$K,"DLDĐ")/10^6 -> 0.2919 | G21: vEPC5 (SW: 34 Gbps). UDM (SW: 300K FE 2G/3G, 500K BE 2G/3G, 400K FE 4G, 1.9M BE 4G). | I21: =C21+F21 -> 3.8602679 | J21: =I21/$I$5 -> 0.10817492 | K21: DLDĐ | L21: ML
A22: IV | B22: CĐBR-TH | C22: =SUBTOTAL(9,C23:C27) -> 0.24886576 | E22: =C22/C5 -> 0.011417158 | F22: =SUBTOTAL(9,F23:F27) -> 0.15776484 | G22: 0 | H22: =F22/F5 -> 0.011359878 | I22: =SUBTOTAL(9,I23:I27) -> 0.4066306 | J22: =I22/$I$5 -> 0.011394866 | N22: =C22-'PL1.3 Buc tranh sau QH'!D15 -> 0.24886576
A23: 1 | B23: Vùng phủ ngoài trời (VTTB + Triển khai) | C23: =('PL1.1 ML2027-2028'!G270+'PL1.1 ML2027-2028'!G2360)/10^6 -> 0 | F23: =('PL1.1 ML2027-2028'!H270+'PL1.1 ML2027-2028'!H2360)/10^6 -> 0 | I23: =C23+F23 -> 0 | J23: =I23/$I$5 -> 0 | K23: CĐBR | L23: CĐBR
A24: 2 | B24: Vùng phủ dự án (VTTB + Triển khai) | C24: =('PL1.1 ML2027-2028'!G271+'PL1.1 ML2027-2028'!G2361)/10^6 -> 0 | G24: 0 | I24: =C24+F24 -> 0 | J24: =I24/$I$5 -> 0 | K24: CĐBR | L24: CĐBR
A25: 3 | B25: Triển khai thuê bao kênh truyền (VTTB + Triển khai) | C25: =SUMIFS('PL1.1 ML2027-2028'!$G:$G,'PL1.1 ML2027-2028'!$J:$J,$K25,'PL1.1 ML2027-2028'!$K:$K,"KT")/10^6 -> 0.24886576 | F25: =SUMIFS('PL1.1 ML2027-2028'!$H:$H,'PL1.1 ML2027-2028'!$J:$J,K25,'PL1.1 ML2027-2028'!$K:$K,"KT")/10^6 -> 0.15776484 | I25: =C25+F25 -> 0.4066306 | J25: =I25/$I$5 -> 0.011394866 | K25: CĐBR | L25: CĐBR
A26: 4 | B26: Dung lượng Internet | C26: =SUMIFS('PL1.1 ML2027-2028'!$G:$G,'PL1.1 ML2027-2028'!$J:$J,K26,'PL1.1 ML2027-2028'!$K:$K,"DLGPON")/10^6 -> 0 | G26: 0 | I26: =C26+F26 -> 0 | J26: =I26/$I$5 -> 0 | K26: CĐBR | L26: CĐBR
A27: 5 | B27: Dung lượng Truyền hình | C27: =SUMIFS('PL1.1 ML2027-2028'!$G:$G,'PL1.1 ML2027-2028'!$J:$J,K24,'PL1.1 ML2027-2028'!$K:$K,"TH")/10^6 -> 0 | G27: 0 | I27: =C27+F27 -> 0 | J27: =I27/$I$5 -> 0 | K27: CĐBR | L27: CĐBR
A28: V | B28: CNTT | C28: =SUBTOTAL(9,C29:C31) -> 2.084005 | E28: =C28/C5 -> 0.095607423 | F28: =SUBTOTAL(9,F29:F31) -> 0.013823784 | G28: 0 | H28: =F28/F5 -> 0.00099538331 | I28: =SUBTOTAL(9,I29:I31) -> 2.0978288 | J28: =I28/$I$5 -> 0.058786715 | N28: =C28-'PL1.3 Buc tranh sau QH'!D19 -> 2.084005
A29: 1 | B29: Trực tiếp kinh doanh | C29: =SUMIFS('PL1.1 ML2027-2028'!$G:$G,'PL1.1 ML2027-2028'!$J:$J,K29,'PL1.1 ML2027-2028'!$K:$K,"TTKD")/10^6 -> 0.390336 | D29: - Triển khai các hệ thống mới: Dịch vụ Betting, hệ thống cx Cloud cho doanh nghiệp… - Triển khai giải pháp ATTT SoC cho kinh doanh ngoài Movitel | F29: =SUMIFS('PL1.1 ML2027-2028'!$H:$H,'PL1.1 ML2027-2028'!$J:$J,"CNTT",'PL1.1 ML2027-2028'!$M:$M,"cloud")/1000000000 -> 0.0069118918 | G29: - Triển khai các hệ thống mới: Dịch vụ Betting, hệ thống cx Cloud cho doanh nghiệp… - Triển khai giải pháp ATTT SoC cho kinh doanh ngoài Movitel | I29: =C29+F29 -> 0.39724789 | J29: =I29/$I$5 -> 0.011131937 | K29: CNTT | L29: CNTT
A30: 2 | B30: Hỗ trợ kinh doanh và quản trị | C30: =SUMIFS('PL1.1 ML2027-2028'!$G:$G,'PL1.1 ML2027-2028'!$J:$J,K30,'PL1.1 ML2027-2028'!$K:$K,"HTKD")/10^6 -> 1.693669 | D30: + OCS4.0: Tổng chi phí đầu tư dự kiến : 19.12tr $ - Phần mềm : 19M với đơn giá 0.48$/subs --.> Nhằm đảm bảo năng lực license cho phép cắt chuyển toàn bộ 20M subs từ hệ thống vOCS 3.0 hiện tại sang vOCS 4.0 - Phần cứng : Đầu tư cụm DR với dung lượng 20M  Do chi phí phần cứng tăng cao nên em đang để mục này là x3 lần giá ký HĐ trong năm 2026 là ~ 0.5$/subs + Triển khai các giải pháp số hóa cho các lĩnh vực : VAS, Đâu tư, Tài chính, CSKH … + Triển khai mới 03 hệ thống OSS: DCIM, NCMS , vDCIM … + Cloud: Triển khai cho cụm hệ thống SENSOR - NSM, cụm máy chủ hệ thống Cloudrity, cụm máy chủ hệ thống PAM, Proxy - Thực hiện mở rộng 30 VM cụm USSDGW/VASGW + Process/Sender dịch vụ USSD155 cho đầu số 88x - Triển khai mở rộng 20 VM mở rộng cụm provisioning + SMSGW - Triển khai mở rộng 10 VM cho hệ thống SuperApp đảm bảo chạy 2 chân cho các cụm webservice Triển khai DB Standby cho cặp DB VAS 155 và DB VASCPn (Vas public) | F30: =SUMIFS('PL1.1 ML2027-2028'!$H:$H,'PL1.1 ML2027-2028'!$J:$J,"CNTT",'PL1.1 ML2027-2028'!$M:$M,"cloud")/1000000000 -> 0.0069118918 | G30: OCS 4.0: Tổng chi phí đầu tư dự kiến : 3.2tr $ - Thực hiện mở rộng license phần mềm hêm 2M (nâng tổng số license là 22M) với đơn giá 0.35$/subs (đơn giá này là đơn giá của Kinh doanh VHT gửi) - Thực hiện mở rộng phần cứng thêm 5M nâng tổng năng lực phần cứng hỗ trợ lên 25M với đơn giá 0.5$/subs + Triển khai các giải pháp số hóa cho các lĩnh vực : VAS, Đâu tư, Tài chính, CSKH … + Triển khai mới 03 hệ thống OSS: DCIM, NCMS , vDCIM … | I30: =C30+F30 -> 1.7005809 | J30: =I30/$I$5 -> 0.047654778 | K30: CNTT | L30: CNTT
A31: 3 | B31: An toàn thông tin | C31: =SUMIFS('PL1.1 ML2027-2028'!$G:$G,'PL1.1 ML2027-2028'!$J:$J,"CNTT",'PL1.1 ML2027-2028'!$K:$K,"ATTT")/10^6 -> 0 | D31: Đầu tư giải pháp WAF và giải pháp DDoS | F31: =SUMIFS('PL1.1 ML2027-2028'!$H:$H,'PL1.1 ML2027-2028'!$J:$J,"CNTT",'PL1.1 ML2027-2028'!$M:$M,"Bigdata")/1000000000 -> 0 | G31: 0 | I31: =C31+F31 -> 0 | J31: =I31/$I$5 -> 0 | K31: CNTT | L31: CNTT
A32: VII | B32: Truyền dẫn | C32: =SUBTOTAL(9,C33:C34) -> 3.6325999 | E32: =C32/C5 -> 0.16665196 | F32: =SUBTOTAL(9,F33:F34) -> 1.2327063 | G32: 0 | H32: =F32/F5 -> 0.088761176 | I32: =SUBTOTAL(9,I33:I34) -> 4.8653062 | J32: =I32/$I$5 -> 0.13633876 | N32: =C32-'PL1.3 Buc tranh sau QH'!D24 -> 3.6325999
A33: 1 | B33: Vùng phủ (đầu tư thiết bị + triển khai) | C33: ='TH theo DV'!H13+'TH theo DV'!H16 -> 0.834259 | D33: 2200km Cáp quang phụ kiện + viba đáp ứng 1730 4G, 2G trạm lưu lượng, vùng phủ | F33: ='TH theo DV'!Q13+'TH theo DV'!Q16 -> 1.1404723 | G33: 0 | I33: =C33+F33 -> 1.9747313 | J33: =I33/$I$5 -> 0.055337198 | K33: TD | L33: TD
A34: 2 | B34: Dung lượng (đầu tư + triển khai) | C34: ='TH theo DV'!H17+'TH theo DV'!H18+'TH theo DV'!H19+'TH theo DV'!H20+'TH theo DV'!H21 -> 2.7983409 | D34: - Đáp ứng nhu cầu tăng trưởng dung lượng mạng 2/3/4G từ 400Gbps lên 700Gbps. - Đáp ứng nhu cầu dung lượng CĐBR toàn mạng lũy kế 70G | F34: ='TH theo DV'!Q14+'TH theo DV'!Q17 -> 0.092234 | G34: 0 | I34: =C34+F34 -> 2.8905749 | J34: =I34/$I$5 -> 0.081001561 | K34: TD | L34: TD
A35: VII | B35: Cơ điện | C35: =SUBTOTAL(9,C36:C37) -> 1.9053437 | E35: =C35/$C$5 -> 0.087411019 | F35: =SUBTOTAL(9,F36:F37) -> 1.8311428 | G35: 0 | H35: =F35/$F$5 -> 0.13185168 | I35: =SUBTOTAL(9,I36:I37) -> 3.7364865 | J35: =I35/$I$5 -> 0.10470624 | N35: =C35-'PL1.3 Buc tranh sau QH'!#REF! -> #REF!
A36: 1 | B36: Vùng phủ (đầu tư thiết bị + triển khai) | C36: ='TH theo DV'!I13 -> 1.4700764 | D36: - Vùng phủ trạm mới: đầu tư ... bình ắc quy Lithium 48V-100Ah; ... tủ nguồn DC indoor và 1.188 rectifier đồng bộ; ... tủ Compact Minishelter; ... tủ nguồn DC mini; ... converter quang FE; 479 module SFP quang; ... tủ nguồn AC V5-3P; ... bộ DAQ; ... bộ converter quang FE loại 1G; ... bộ iACV; ... bộ cảnh báo khói + cảnh báo mở cửa và chi phí triển khai. - Vùng phủ cosite: đầu tư tài nguyên cho ... trạm trục/hub (... hệ thống micro datacenter outdoor; ... bình ắc quy Lithium 48V-100Ah; ... tủ nguồn DC indoor và ... rectifier đồng bộ; ... điều hòa ... BTU/h; ... tủ nguồn AC V5-3P; ... và chi phí triển khai | F36: ='TH theo DV'!R13+'TH theo DV'!R16 -> 0.9702167 | G36: 0 | I36: =C36+F36 -> 2.4402931 | J36: =I36/$I$5 -> 0.068383472 | K36: CĐ | L36: CĐ
A37: 2 | B37: Dung lượng (đầu tư + triển khai) | C37: ='TH theo DV'!I14+'TH theo DV'!I17+'TH theo DV'!I18 -> 0.43526727 | F37: ='TH theo DV'!R14+'TH theo DV'!R17+'TH theo DV'!R18 -> 0.86092614 | I37: =C37+F37 -> 1.2961934 | J37: =I37/$I$5 -> 0.03632277 | K37: CĐ | L37: CĐ
A38: C | B38: Đảm bảo dự phòng ƯCTT | C38: =SUBTOTAL(9,C39:C44) -> 0.6690821 | E38: =C38/$C$5 -> 0.030695327 | F38: =SUBTOTAL(9,F39:F44) -> 0.6811821 | H38: =F38/$F$5 -> 0.049048605 | I38: =SUBTOTAL(9,I39:I44) -> 1.3502642 | J38: =I38/$I$5 -> 0.037837977 | N38: ='PL1.3 Buc tranh sau QH'!D18-'PL1.2 TH theo mục đích'!C38 -> -0.2624515
A39: 1 | B39: Vô tuyến | C39: =SUMIFS('PL1.1 ML2027-2028'!$G:$G,'PL1.1 ML2027-2028'!$J:$J,K39,'PL1.1 ML2027-2028'!$K:$K,"ƯCTT")/10^6 -> 0.2238 | D39: Gói UCTT: dự kiến 2.5M USD | F39: =SUMIFS('PL1.1 ML2027-2028'!$H:$H,'PL1.1 ML2027-2028'!$J:$J,"VT",'PL1.1 ML2027-2028'!$K:$K,"ƯCTT")/10^6 -> 0.2238 | G39: Gói UCTT: dự kiến 2.5M USD | I39: =C39+F39 -> 0.4476 | J39: =I39/$I$5 -> 0.012542937 | K39: VT | L39: VT
A40: 2 | B40: Mạng lõi | C40: =SUMIFS('PL1.1 ML2027-2028'!$G:$G,'PL1.1 ML2027-2028'!$J:$J,K40,'PL1.1 ML2027-2028'!$K:$K,"ƯCTT")/10^6 -> 0.1 | F40: =SUMIFS('PL1.1 ML2027-2028'!$H:$H,'PL1.1 ML2027-2028'!$J:$J,"ML",'PL1.1 ML2027-2028'!$K:$K,"ƯCTT")/10^6 -> 0.1 | I40: =C40+F40 -> 0.2 | J40: =I40/$I$5 -> 0.0056045294 | K40: ML | L40: ML
A41: 3 | B41: CNTT | C41: =SUMIFS('PL1.1 ML2027-2028'!$G:$G,'PL1.1 ML2027-2028'!$J:$J,K41,'PL1.1 ML2027-2028'!$K:$K,"ƯCTT")/10^6 -> 0 | D41: Nâng cao chất lượng mạng lưới (thay thế, bổ sung dung lượng dự phòng,...) với 119 máy chủ, 8 thiết bị lưu trữ SAN, 0,308 PB lưu trữ NAS, 4,7 PB lưu trữ Object và thiết bị mạng. | F41: =SUMIFS('PL1.1 ML2027-2028'!$H:$H,'PL1.1 ML2027-2028'!$J:$J,K41,'PL1.1 ML2027-2028'!$K:$K,"ƯCTT")/10^6 -> 0 | G41: 0 | I41: =C41+F41 -> 0 | J41: =I41/$I$5 -> 0 | K41: CNTT | L41: CNTT
A42: 4 | B42: Truyền dẫn | C42: =SUMIFS('PL1.1 ML2027-2028'!$G:$G,'PL1.1 ML2027-2028'!$J:$J,K42,'PL1.1 ML2027-2028'!$K:$K,"ƯCTT")/10^6 -> 0.12574 | D42: 600km cáp quang+ card quang+ phụ kiện các loại dp uctt hàng năm | F42: =SUMIFS('PL1.1 ML2027-2028'!$H:$H,'PL1.1 ML2027-2028'!$J:$J,K42,'PL1.1 ML2027-2028'!$K:$K,"ƯCTT")/10^6 -> 0.10424 | G42: 0 | I42: =C42+F42 -> 0.22998 | J42: =I42/$I$5 -> 0.0064446483 | K42: TD | L42: TD
A43: 5 | B43: CĐBR-TH | C43: =SUMIFS('PL1.1 ML2027-2028'!$G:$G,'PL1.1 ML2027-2028'!$J:$J,K43,'PL1.1 ML2027-2028'!$K:$K,"ƯCTT")/10^6 -> 0 | D43: - Swap thay thế 08 thiết bị máy chủ của Headend đã EoL, EoS đầu tư từ 2017(~119 kênh); - Triển khai multi-site Headend (2 site KV2, KV3); - Đầu tư bổ sung hệ thống đo kiểm chất lượng kênh truyền hình triển khai đến POP CDN (dung lượng 216 kênh OTT và 4 POP) --> Giúp tăng dự phòng, khả năng giám sát và nâng cao chất lượng dịch vụ truyền hình OTT. | F43: =SUMIFS('PL1.1 ML2027-2028'!$H:$H,'PL1.1 ML2027-2028'!$J:$J,K43,'PL1.1 ML2027-2028'!$K:$K,"ƯCTT")/10^6 -> 0 | G43: 0 | I43: =C43+F43 -> 0 | J43: =I43/$I$5 -> 0 | K43: CĐBR | L43: CĐBR
A44: 5 | B44: Cơ điện | C44: =SUMIFS('PL1.1 ML2027-2028'!$G:$G,'PL1.1 ML2027-2028'!$J:$J,K44,'PL1.1 ML2027-2028'!$K:$K,"ƯCTT")/10^6 -> 0.2195421 | D44: Đầu tư thay thế các thiết bị EOL, đến ngưỡng (12 hệ thống UPS frame 200kVA; 16 hệ thống tủ nguồn DC 2000A; 20 hệ thống ĐHCX 150.000 BTU/h; 33 tổ ắc quy chì 2V-2000Ah; 15 tổ ắc quy chì 2V-1000Ah) và các giải pháp đo kiểm, đánh giá, nâng cao chất lượng VHKT các tổng trạm khu vực | F44: =SUMIFS('PL1.1 ML2027-2028'!$H:$H,'PL1.1 ML2027-2028'!$J:$J,K44,'PL1.1 ML2027-2028'!$K:$K,"ƯCTT")/10^6 -> 0.2531421 | G44: 0 | I44: =C44+F44 -> 0.4726842 | J44: =I44/$I$5 -> 0.013245862 | K44: CĐ | L44: CĐ
A45: C | B45: Đảm bảo VHKT và chất lượng mạng | C45: =SUBTOTAL(9,C46:C51) -> 2.2174449 | E45: =C45/$C$5 -> 0.10172922 | F45: =SUBTOTAL(9,F46:F51) -> 1.619479 | H45: =F45/$F$5 -> 0.11661079 | I45: =SUBTOTAL(9,I46:I51) -> 3.8369239 | J45: =I45/$I$5 -> 0.10752076 | N45: ='PL1.3 Buc tranh sau QH'!D25-'PL1.2 TH theo mục đích'!C45 -> 4.528963
A46: 1 | B46: Vô tuyến | C46: =SUMIFS('PL1.1 ML2027-2028'!$G:$G,'PL1.1 ML2027-2028'!$J:$J,K46,'PL1.1 ML2027-2028'!$K:$K,"VHKT")/10^6 -> 0.311621 | D46: +) Gói công cụ tối ưu mạng thử nghiệm (CEM): dự kiến 200K USD +) Swap anten đa băng 200tram/năm: 360K USD | F46: =SUMIFS('PL1.1 ML2027-2028'!$H:$H,'PL1.1 ML2027-2028'!$J:$J,K46,'PL1.1 ML2027-2028'!$K:$K,"VHKT")/10^6 -> 0.4775 | G46: +) Gói công cụ tối ưu mạng thử nghiệm (CEM): dự kiến 200K USD +) Swap anten đa băng 200tram/năm: 360K USD | I46: =C46+F46 -> 0.789121 | J46: =I46/$I$5 -> 0.022113259 | K46: VT | L46: VT
A47: 2 | B47: Mạng lõi | C47: =SUMIFS('PL1.1 ML2027-2028'!$G:$G,'PL1.1 ML2027-2028'!$J:$J,K47,'PL1.1 ML2027-2028'!$K:$K,"VHKT")/10^6 -> 0.74196192 | D47: Swap EoS BUMS03, BUMW03 bằng 1 vMSC (HW:1072K ATT, 1.5M Reg, 45K Erl, SW: 835K ATT, 1.15M Reg, 34.5K Erl). | F47: =SUMIFS('PL1.1 ML2027-2028'!$H:$H,'PL1.1 ML2027-2028'!$J:$J,K47,'PL1.1 ML2027-2028'!$K:$K,"VHKT")/10^6 -> 0.87104 | G47: Chuyển 01/02 UDM từ tổng trạng cũ sang tổng trạm mới và hiện đại hóa 01 cặp HSS cũ (thông qua mở rộng UDM với DL tương ứng của HSS cũ) | I47: =C47+F47 -> 1.6130019 | J47: =I47/$I$5 -> 0.045200583 | K47: ML | L47: ML
A48: 3 | B48: CNTT | C48: =SUMIFS('PL1.1 ML2027-2028'!$G:$G,'PL1.1 ML2027-2028'!$J:$J,K48,'PL1.1 ML2027-2028'!$K:$K,"VHKT")/10^6 -> 0.933882 | D48: Nâng cao chất lượng mạng lưới (thay thế, bổ sung dung lượng dự phòng,...) với 119 máy chủ, 8 thiết bị lưu trữ SAN, 0,308 PB lưu trữ NAS, 4,7 PB lưu trữ Object và thiết bị mạng. | F48: =SUMIFS('PL1.1 ML2027-2028'!$H:$H,'PL1.1 ML2027-2028'!$J:$J,K48,'PL1.1 ML2027-2028'!$K:$K,"VHKT")/10^6 -> 0.218689 | G48: 0 | I48: =C48+F48 -> 1.152571 | J48: =I48/$I$5 -> 0.03229809 | K48: CNTT | L48: CNTT
A49: 4 | B49: Truyền dẫn | C49: ='TH theo DV'!H31 -> 0 | F49: =SUMIFS('PL1.1 ML2027-2028'!$H:$H,'PL1.1 ML2027-2028'!$J:$J,K49,'PL1.1 ML2027-2028'!$K:$K,"VHKT")/10^6 -> 0 | G49: 0 | I49: =C49+F49 -> 0 | J49: =I49/$I$5 -> 0 | K49: TD | L49: TD
A50: 5 | B50: CĐBR-TH | C50: =SUMIFS('PL1.1 ML2027-2028'!$G:$G,'PL1.1 ML2027-2028'!$J:$J,K50,'PL1.1 ML2027-2028'!$K:$K,"VHKT")/10^6 -> 0 | F50: =SUMIFS('PL1.1 ML2027-2028'!$H:$H,'PL1.1 ML2027-2028'!$J:$J,K50,'PL1.1 ML2027-2028'!$K:$K,"VHKT")/10^6 -> 0 | G50: 0 | I50: =C50+F50 -> 0 | J50: =I50/$I$5 -> 0 | K50: CĐBR | L50: CĐBR
A51: 5 | B51: Cơ điện | C51: ='TH theo DV'!I31 -> 0.22998 | D51: Đầu tư thay thế các thiết bị EOL, đến ngưỡng (12 hệ thống UPS frame 200kVA; 16 hệ thống tủ nguồn DC 2000A; 20 hệ thống ĐHCX 150.000 BTU/h; 33 tổ ắc quy chì 2V-2000Ah; 15 tổ ắc quy chì 2V-1000Ah) và các giải pháp đo kiểm, đánh giá, nâng cao chất lượng VHKT các tổng trạm khu vực | F51: =SUMIFS('PL1.1 ML2027-2028'!$H:$H,'PL1.1 ML2027-2028'!$J:$J,K51,'PL1.1 ML2027-2028'!$K:$K,"VHKT")/10^6 -> 0.05225 | G51: 0 | I51: =C51+F51 -> 0.28223 | J51: =I51/$I$5 -> 0.0079088316 | K51: CĐ | L51: CĐ
A52: D | B52: Củng cố kiên cố | C52: =SUBTOTAL(9,C53:C56) -> 1.142864 | E52: =C52/$C$5 -> 0.052430912 | F52: =SUBTOTAL(9,F53:F56) -> 0 | H52: =F52/$F$5 -> 0 | I52: =SUBTOTAL(9,I53:I56) -> 1.142864 | J52: =I52/$I$5 -> 0.032026074 | N52: ='PL1.3 Buc tranh sau QH'!#REF!-'PL1.2 TH theo mục đích'!C52 -> #REF!
A53: 1 | B53: Vô tuyến | C53: =SUMIFS('PL1.1 ML2027-2028'!G:G,'PL1.1 ML2027-2028'!J:J,$L53,'PL1.1 ML2027-2028'!K:K,$K53)/10^6 -> 0 | D53: Triển khai kiên cố cho 550 trạm quá tải trọng hàng năm | F53: =SUMIFS('PL1.1 ML2027-2028'!$H:$H,'PL1.1 ML2027-2028'!$J:$J,"VT",'PL1.1 ML2027-2028'!$K:$K,"CCKC",'PL1.1 ML2027-2028'!$L:$L,"VTTB")/10^6 +SUMIFS('PL1.1 ML2027-2028'!$H:$H,'PL1.1 ML2027-2028'!$J:$J,"VT",'PL1.1 ML2027-2028'!$K:$K,"CCKC",'PL1.1 ML2027-2028'!$L:$L,"TK")/10^6+ SUMIFS('PL1.1 ML2027-2028'!$H:$H,'PL1.1 ML2027-2028'!$J:$J,"VT",'PL1.1 ML2027-2028'!$K:$K,"VHKT&CLM",'PL1.1 ML2027-2028'!$L:$L,"VTTB")/10^6 -> 0 | G53: 0 | I53: =C53+F53 -> 0 | J53: =I53/$I$5 -> 0 | K53: KCTT | L53: VT
A54: 2 | B54: CĐBR-TH | C54: =SUMIFS('PL1.1 ML2027-2028'!G:G,'PL1.1 ML2027-2028'!J:J,$L54,'PL1.1 ML2027-2028'!K:K,$K54)/10^6 -> 0 | D54: Triển khai cho 1.136 km cáp quang trong đó: Tách cáp chung lộ 139.8 km; ngầm hoá tuyến cáp 996.2 km | F54: =SUMIFS('PL1.1 ML2027-2028'!$H:$H,'PL1.1 ML2027-2028'!$J:$J,"CĐBR",'PL1.1 ML2027-2028'!$K:$K,"CCKC",'PL1.1 ML2027-2028'!$L:$L,"VTTB")/10^6 + SUMIFS('PL1.1 ML2027-2028'!$H:$H,'PL1.1 ML2027-2028'!$J:$J,"CĐBR",'PL1.1 ML2027-2028'!$K:$K,"CCKC",'PL1.1 ML2027-2028'!$L:$L,"TK")/10^6 -> 0 | G54: 0 | I54: =C54+F54 -> 0 | J54: =I54/$I$5 -> 0 | K54: KCTT | L54: CĐBR
A55: 3 | B55: Truyền dẫn | C55: ='TH theo DV'!H32 -> 0.2321 | D55: 1. Triển khai mạng DWDM 1C (34 node) + ngầm hóa 700km 2. Ngầm trục 1B, 1C 300km/năm 3. Mỗi năm thay thế 300km cáp xuống cấp, 12km cột gỗ + 450km cáp vu hồi, tách ring. Ngầm trục 1B, 1C 300km/năm | F55: ='TH theo DV'!Q23 -> 0 | G55: 0 | I55: =C55+F55 -> 0.2321 | J55: =I55/$I$5 -> 0.0065040564 | K55: KCTT | L55: TD
A56: 4 | B56: Cơ điện | C56: ='TH theo DV'!I32 -> 0.910764 | D56: Cải tạo điện yếu cho 1.535 trạm; Đầu tư 1.275 tủ nguồn tích hợp AC V5-3P và attomat 3 pha 4 cực 63A cho các trạm cải tạo lên 3 pha; Cải tạo tiếp địa cho 10 trạm; Đầu tư 50 tủ cắt sét 200kA; 1.058 tủ cắt sét 3 pha; 2.320 bộ CLS 1 pha; 1.655 bộ CLS 3 pha; 918 bộ SPD 1 pha (cho tủ AC box RRU kéo dài); 3.232 bộ giám sát tủ nguồn DC; 1.161 ATS 3 pha 63A; 12 tủ MSB 250A; 672 bình (28 tổ) ắc quy chì 2V-500Ah; Xây mới 1.161 bệ đặt MPĐ dầu; Đầu tư 3.647 bộ iACV; 300 tổ ắc quy Sodium và chi phí triển khai. | F56: ='TH theo DV'!R23 -> 0 | G56: 0 | I56: =C56+F56 -> 0.910764 | J56: =I56/$I$5 -> 0.025522018 | K56: KCTT | L56: CĐ
A57: E | B57: Bền vững mạng lưới trong thiên tai | C57: =SUBTOTAL(9,C58:C60) -> 0 | E57: =C57/$C$5 -> 0 | F57: =SUBTOTAL(9,F58:F60) -> 1.76662 | H57: =F57/$F$5 -> 0.1272057 | I57: =SUBTOTAL(9,I58:I60) -> 1.76662 | J57: =I57/$I$5 -> 0.049505369 | N57: ='PL1.3 Buc tranh sau QH'!#REF!-'PL1.2 TH theo mục đích'!C57 -> #REF!
A58: 1 | B58: Vô tuyến | C58: =SUMIFS('PL1.1 ML2027-2028'!G:G,'PL1.1 ML2027-2028'!J:J,$L58,'PL1.1 ML2027-2028'!K:K,$K58)/10^6 -> 0 | D58: Đầu tư gá antena, gia cố jumper, dây quang; thực hiện kiên cố hạ tầng cột, nhà trạm theo cho 321 trạm theo ưu tiên 1 và đầu tư xe phát sóng chỉ huy, dã chiến đảm bảo hoạt động liên tục trong thiên tai | F58: =SUMIFS('PL1.1 ML2027-2028'!$H:$H,'PL1.1 ML2027-2028'!$J:$J,"VT",'PL1.1 ML2027-2028'!$K:$K,"CCKC",'PL1.1 ML2027-2028'!$L:$L,"VTTB")/10^6 +SUMIFS('PL1.1 ML2027-2028'!$H:$H,'PL1.1 ML2027-2028'!$J:$J,"VT",'PL1.1 ML2027-2028'!$K:$K,"CCKC",'PL1.1 ML2027-2028'!$L:$L,"TK")/10^6+ SUMIFS('PL1.1 ML2027-2028'!$H:$H,'PL1.1 ML2027-2028'!$J:$J,"VT",'PL1.1 ML2027-2028'!$K:$K,"VHKT&CLM",'PL1.1 ML2027-2028'!$L:$L,"VTTB")/10^6 -> 0 | G58: 0 | I58: =C58+F58 -> 0 | J58: =I58/$I$5 -> 0 | K58: PCTT | L58: VT
A59: 2 | B59: Truyền dẫn | C59: ='TH theo DV'!H33 -> 0 | D59: - Swap Metro QNH và QNM (swap AGG, CT); đấu CT mới 02 tỉnh QNH và QNM; bổ sung thiết bị Viba, VSAT; - Triển khai kiên cố TD liên tỉnh (vùng gió III, IV; Sạt lở) ~ 38/63 tỉnh/TP ~ 56%; liên huyện: (vùng gió IV và sạt lở) ~ 207/704 huyện~30% ; Trạm UT (vùng gió 4, sạt lở) ~ 1293/3530 trạm UT vùng gói III, IV ~ 37% | F59: ='TH theo DV'!Q32 -> 0.2321 | G59: 0 | I59: =C59+F59 -> 0.2321 | J59: =I59/$I$5 -> 0.0065040564 | K59: PCTT | L59: TD
A60: 3 | B60: Cơ điện | C60: ='TH theo DV'!I33 -> 0 | D60: Đầu tư 600 máy phát điện dầu 20kVA; 1.662 máy phát điện dầu 12kVA; 2.262 ATS 3 pha 63A; 4.623 bình ắc quy Lithium 48V-100Ah; 2.486 bình portable battery Lithium; Xây mới 1.884 bệ đặt máy phát điện + 348 nhà đặt máy phát điện vượt lũ và chi phí triển khai | F60: ='TH theo DV'!R32 -> 1.53452 | G60: 0 | I60: =C60+F60 -> 1.53452 | J60: =I60/$I$5 -> 0.043001312 | K60: PCTT | L60: CĐ

Sheet PL1.3 Buc tranh sau QH
A1: PHỤ LỤC 1.3: BẢNG TỔNG HỢP ĐẦU TƯ THEO DỊCH VỤ VÀ BỨC TRANH SAU QHĐC 2027-2028 (Ban hành kèm theo Công văn số của Tổng Công ty VTNet)
A3: TT | B3: Lĩnh vực | C3: Khối lượng các hạng mục đầu tư chính | D3: Chi phí (triệu USD) | E3: Tỷ trọng | F3: Bức tranh mạng lưới sau QHĐC
B4: TỔNG ĐẦU TƯ | D4: =SUBTOTAL(9,D5:D29) -> 42.827516
A5: I | B5: Công nghệ mới triển khai diện rộng cho kinh doanh | D5: =SUBTOTAL(9,D6:D9) -> 0.19149 | E5: =D5/$D$4 -> 0.0044711909
A6: 1 | B6: Mạng 5G | C6: - Vô tuyến: Đầu tư .... gNodeB (... trạm loại 64T64R, .... trạm 32T32R), .... RRU classic cho IBD, ... card Baseband, ... small cell, nâng cấp 01 hệ thống 5G cho tòa ..... Chi phí lắp đặt thiết bị và kiên cố ... trạm cho 5G. - Mạng lõi: Đầu tư bổ sung ..... - Truyền dẫn: ... SRT 5G smallcell, .... SRT 100G cho 5G NEW, card 10G AGG đấu nối ring 5G NEW, .... - Cơ điện: Đầu tư .... bình ắc quy Lithium 48V-100Ah; .... tủ nguồn DC indoor và ... rectifier đồng bộ; 1.062 tủ Compact Minishelter;.... tủ nguồn DC mini; ...converter quang FE;..... | D6: ='TH theo DV'!AB7 -> 0.066364 | E6: =D6/$D$4 -> 0.0015495645 | F6: - Vùng phủ: Sau khi triển khai ...., vùng phủ 5G đạt vùng phủ ~....% dân số tại TPT/TTH/KCN/KDL với tốc độ biên cell DL/UL 50Mbps/1Mbps; ~...% dân số tại khu vực nông thôn .... - Dung lượng mạng lõi đáp ứng .... - Mạng cáp đáp ứng luỹ kế .... trạm vô tuyến 5G. - Đảm bảo hạ tầng cơ điện cho triển khai 5G; các trạm 5G chạy mixed-mode với 4G và các trạm 5G quan trọng phục vụ khu vực hot/vip được đầu tư bổ sung ắc quy backup; các trạm theo quy hoạch đặt MPĐ cố định được tính toán đảm bảo công suất sẵn sàng UCTT khi mất điện. | G6: 5G
A7: 2 | B7: XGSPON | C7: Triển khai …. trạm XGSPON combo tại nội thành, ngoại thành cho …. | D7: ='TH theo DV'!AB8 -> 0 | E7: =D7/$D$4 -> 0 | F7: Mở rộng vùng phủ XGSPON đáp ứng nhu cầu kinh doanh gói cước ARPU cao
A8: 3 | B8: AI/GPU | C8: -Triển khai giải pháp AI như : Agent AI (áp dụng trong năm 2027 giải pháp Conversational AI cho CSKH); Camera AI cho Kỹ thuật …. | D8: ='TH theo DV'!AB9 -> 0.125126 | E8: =D8/$D$4 -> 0.0029216264 | F8: Đầu tư thiết bị GPU phục vụ nhu cầu kinh doanh toàn Tập đoàn, lũy kế 554 máy chủ | G8: CNTT
A9: 4 | B9: Private Mobile Network | C9: Đầu tư trước …. bộ 5GC Mini để đảm bảo nhu cầu kinh doanh | D9: ='TH theo DV'!AB10 -> 0 | E9: =D9/$D$4 -> 0 | F9: Đây là dịch vụ mới, chi phí đầu tư cao, cần có thêm đánh giá hiệu quả đầu tư thực tế mới có thể triển khai đại trà | G9: PMN
A10: II | B10: Mở rộng mạng lưới hiện tại cho kinh doanh | D10: =SUBTOTAL(9,D11:D24) -> 34.539354 | E10: =D10/D4 -> 0.80647577
A11: 1 | B11: Mạng 4G | D11: =SUBTOTAL(9,D12:D13) -> 22.002226 | E11: =D11/$D$4 -> 0.51374043
A12: - | B12: 4G vùng phủ | C12: - Vô tuyến: - Truyền dẫn: . - Cơ điện: | D12: ='TH theo DV'!AB13 -> 6.1969858 | E12: =D12/$D$4 -> 0.14469636 | F12: - Vùng phủ: Sau khi triển khai: .... vị trí mới (... macro, ... RRU, 191 inbuilding), và ... vị trí di dời; .... trạm cosite băng thấp. => Vùng phủ 4G tăng từ ... lên ...%. - Cáp quang: Luỹ kế toàn mạng là ... nghìn km. Tỷ lệ quang hoá đạt ...%. ...% xã đất liền được quang hoá. - Cơ điện: Lũy kế có .... MPĐ/..... trạm Macro - đạt tỷ lệ ...%. có .../.... trạm Macro sử dụng ắc quy Lib, đạt tỷ lệ ~...%. ....% trạm Macro hoàn thành giám sát hệ thống nguồn DC, ắc quy lithium. | G12: VT
A13: - | B13: 4G dung lượng | C13: - Vô tuyến - Mạng lõi: Năm 2027: 01 vMSC (HW:1072K ATT, 1.5M Reg, 45K Erl, SW: 572K ATT, 800K Reg, 22.857K Erl), MSC (SW: CSFB: 1M sub), UDM (SW: 200K FE 2G/3G, 400K BE 2G/3G, 300K FE 4G, 2.9M BE 4G), 1 vEPC (HW: 1M SAU, 1.5M PDP, 100 Gbps, SW: 1M SAU, 1.5M PDP, 60 Gbps). vEPC4 (SW: 650K SAU, 975K PDP, 49.4 Gbps). SMSC (SW: 1400 MOMT). 2 IMS (HW: 500K, SW: 100K). Năm 2028: vEPC5 (SW: 34 Gbps). UDM (SW: 300K FE 2G/3G, 500K BE 2G/3G, 400K FE 4G, 1.9M BE 4G). - Truyền dẫn: - Cơ điện: | D13: ='TH theo DV'!AB14 -> 15.80524 | E13: =D13/$D$4 -> 0.36904406 | F13: - Vô tuyến - Mạng lõi: Có thêm 01 cloud MSC mới, 1 vEPC mới, 2 node IMS mới đáp ứng như cầu tăng trưởng dung lượng. Các node MSC, vEPC và 1 node IMS sẽ lắp tại tổng trạm mới. - cáp quang: - Cơ điện: | G13: ML
A14: 2 | B14: Mạng BRCĐ&TH | D14: =SUBTOTAL(9,D15:D18) -> 2.0167546 | E14: =D14/$D$4 -> 0.047090161
A15: - | B15: Vùng phủ GPON | C15: Triển khai …. triệu cổng GPON (...tr cổng năm 2025, ...k cổng năm 2026) và ... dự án toà nhà mới ~ ...k cổng. | D15: ='TH theo DV'!AB16 -> 0 | E15: =D15/$D$4 -> 0 | F15: Vùng phủ lũy kế toàn mạng đạt ... triệu cổng, nâng tỷ lệ phủ dân đạt ...%, lũy kế toàn mạng thực hiện ... dự án trên tổng số ... dự án ~ ... % số dự án và lũy kế triển khai được ...trạm, phủ toàn bộ ...., các vị trí đông dân cư tại ngoại thành ...và thủ phủ tỉnh, trung tâm huyện. | G15: CĐBR
A16: - | B16: Dung lượng Internet | C16: - BRCĐ-TH: Đầu tư .... đáp ứng cho ... triệu thuê bao, đầu tư ... hệ thống DPI cho ...K subs, mở rộng hệ thống AAA với .... nghìn subs, đầu tư hệ thống Analytics quản trị tập trung dữ liệu mạng BRCĐ, mở rộng hệ thống DNS đáp ứng cho ...nghìn subs; đầu tư CGNAT đáp ứng cho tăng trưởng băng thông và đổ tải ... triệu subs FTTH, bổ sung tính năng mới cho ACS tích hợp với AP multivendor, đầu tư phần cứng cho các hệ thống ITO, VQT, ICP. - Truyền dẫn: SRT 100G cho OLT không trùng 5G ~ ... SRT, .... tỷ card AGG 100G đấu ring OLT, ... tỷ card Core tỉnh, CKV, PECĐ) theo tỷ lệ dưới Metro, trên Metro; WDM theo nhu cầu tăng dung lượng liên huyện, liên tỉnh, KNQT với tỷ lệ Internet là ...% theo tỷ lệ di động trên Metro, dưới Metro | D16: ='TH theo DV'!AB17 -> 1.610124 | E16: =D16/$D$4 -> 0.03759555 | F16: - Đáp ứng lũy kế đạt .... triệu thuê bao Internet. - Dung lượng và hiệu suất từng phân lớp: Lớp xã/huyện có dung lượng ...Tbps, hiệu suất lớp xã đạt ...%, hiệu suất lớp huyện đạt ...%; lớp liên tỉnh tăng từ ... Tbps lên .... Tbps, hiệu suất ~...%. Lớp trục ....Tbps. | G16: CĐBR
A17: - | B17: Dung lượng Truyền hình | C17: - BRCĐ-TH: Đầu tư nâng cấp tính năng mới cho CDN OTT; đầu tư thiết bị và license upmap, frame rate conversion (FRC) cho ... kênh tại Headend; đầu tư 01 hệ thống Water marking; đầu tư Backend và ứng dụng Trợ lý ảo TV360. - Truyền dẫn: SRT 100G cho OLT không trùng 5G ~ ... SRT, card AGG 100G, Core tỉnh, CKV, PECĐ, PETH) theo tỷ lệ truyền hình ...% của CĐBR; WDM theo nhu cầu tăng dung lượng liên huyện, liên tỉnh, KNQT với tỷ lệ TH là ....% | D17: ='TH theo DV'!AB18 -> 0 | E17: =D17/$D$4 -> 0 | F17: Đáp ứng lũy kế ... triệu thuê bao truyền hình (... triệu thuê bao OTT và …. triệu thuê bao IPTV) và lũy kế đáp ứng …. kênh truyền hình cho dịch vụ OTT (….HD, ... UHD/4K) đến hết 2026 | G17: CĐBR
A18: - | B18: Kênh truyền | C18: Đầu tư thiết bị IP theo nhu cầu đấu nối của VTS và thiết bị DWDM theo nhu cầu kênh thuê riêng VTS. | D18: ='TH theo DV'!AB19 -> 0.4066306 | E18: =D18/$D$4 -> 0.009494611 | F18: Đáp ứng nhu cầu kinh doanh kênh thuê riêng của VTS | G18: TD
A19: 3 | B19: Phục vụ kinh doanh Cloud | C19: - CNTT: - Truyền dẫn: | D19: ='TH theo DV'!AB20 -> 0 | E19: =D19/$D$4 -> 0 | F19: - | G19: CNTT
A20: 4 | B20: Data Center | C20: - Truyền dẫn: Đầu tư thiết bị IP tại tổng trạm ... và thiết bị WDM theo nhu cầu triển khai tại tổng trạm mới … | D20: ='TH theo DV'!AB21 -> 1.7431649 | F20: - Phục vụ kết nối liên tổng trạm mới … | G20: DC
A21: 5 | B21: Triển khai hạ tầng CNTT | D21: =SUBTOTAL(9,D22:D24) -> 8.7772078
A22: - | B22: Trực tiếp kinh doanh | C22: - Triển khai các hệ thống mới: Dịch vụ Betting, hệ thống CX Cloud cho doanh nghiệp… - Triển khai giải pháp ATTT SoC cho kinh doanh ngoài Movitel | D22: ='TH theo DV'!AB23 -> 2.251351 | F22: Lũy kế đầu tư …. máy chủ vật lý, ... PB dung lượng lưu trữ, đảm bảo các nhu cầu triển khai hạ tầng CNTT của Viettel | G22: CNTT
A23: - | B23: Hỗ trợ kinh doanh và quản trị | C23: - Triển khai các giải pháp số hóa cho các lĩnh vực : VAS, Đâu tư, Tài chính, CSKH … - Triển khai mới 03 hệ thống OSS: DCIM, NCMS , vDCIM … '- Triển khai cặp DB Active-Standby (oracle) Số hóa, DB hệ thống SMSFW/Voice Firewall | D23: ='TH theo DV'!AB24 -> 6.5258568 | G23: CNTT
A24: - | B24: ATTT | C24: Đầu tư giải pháp WAF và giải pháp DDoS | D24: ='TH theo DV'!AB25 -> 0 | E24: =D24/$D$4 -> 0 | F24: Hạ tầng CNTT được bảo vệ bằng các biện pháp ATTT triển khai đồng bộ theo tiêu chuẩn NIST Cyber Securiy Framework. | G24: CNTT
A25: III | B25: Đảm bảo VHKT, kiên cố, bền vững trong thiên tai | D25: =SUBTOTAL(9,D27:D29) -> 6.7464079 | E25: =D25/$D$4 -> 0.15752508
A26: 1 | B26: Đảm bảo dự phòng ƯCTT | C26: - Vô tuyến:... - Mạng lõi: Mối năm có budget 100K USD để mua hàng dự phòng - BRCĐ-TH: ... - CNTT: ... - Truyền dẫn: - Cơ điện: … | D26: ='TH theo DV'!AB30 -> 1.3502642 | F26: Mạng lõi: Đảm bảo hàng dự phòng
A27: 2 | B27: Đảm bảo VHKT và nâng cao chất lượng mạng | C27: - Vô tuyến:... - Mạng lõi: Năm 2027: Swap EoS BUMS03, BUMW03 bằng 1 vMSC (HW:1072K ATT, 1.5M Reg, 45K Erl, SW: 835K ATT, 1.15M Reg, 34.5K Erl). Năm 2028: Chuyển 01/02 UDM từ tổng trạng cũ sang tổng trạm mới và hiện đại hóa 01 cặp HSS cũ (thông qua mở rộng UDM với DL tương ứng của HSS cũ). - BRCĐ-TH: ... - CNTT: ... - Truyền dẫn: - Cơ điện: … | D27: ='TH theo DV'!AB31 -> 3.8369239 | F27: - Thêm 01 cloud MSC mới để hiện đại hóa 1 MSC cũ đã hết niên hạn sử dụng. Hiện đại hóa hệ thống HLR/HSS cũ để năm 2028 chạy hết trên hệ thống UDM mới.
A28: 3 | B28: Củng cố kiên cố thường trình | C28: - Vô tuyến: Triển khai kiên cố cho 550 trạm quá tải trọng hàng năm - BRCĐ: Triển khai cho 1.136 km cáp quang trong đó: Tách cáp chung lộ 139.8 km; ngầm hoá tuyến cáp 996.2 km. - Truyền dẫn: Triển khai ngầm XHH tại 10 tỉnh ~ 455 km cống bể/ trên 234km đường theo đề xuất VT tỉnh TP (đã trừ 7 tỉnh ven biển trùng chương trình kiên cố bão ~ 230km cống bể/120 km đường). - Cơ điện: Cải tạo điện yếu cho 1.535 trạm; Đầu tư 1.275 tủ nguồn tích hợp AC V5-3P và attomat 3 pha 4 cực 63A cho các trạm cải tạo lên 3 pha; Cải tạo tiếp địa cho 10 trạm; Đầu tư 50 tủ cắt sét 200kA; 1.058 tủ cắt sét 3 pha; 2.320 bộ CLS 1 pha; 1.655 bộ CLS 3 pha; 918 bộ SPD 1 pha (cho tủ AC box RRU kéo dài); 3.232 bộ giám sát tủ nguồn DC; 1.161 ATS 3 pha 63A; 12 tủ MSB 250A; 672 bình (28 tổ) ắc quy chì 2V-500Ah; Xây mới 1.161 bệ đặt MPĐ dầu; Đầu tư 3.647 bộ iACV; 300 tổ ắc quy Sodium. | D28: ='TH theo DV'!AB32 -> 2.909484 | F28: - Ngầm hoá theo yêu cầu của UBND tỉnh/TP góp phần làm đẹp cảnh quan đô thị và bền vững mạng lưới truyền dẫn. - Cơ điện: Củng cố hạ tầng cơ điện trạm BTS đáp ứng yêu cầu thiết kế cũng như vận hành khai thác
A29: 4 | B29: Bền vững mạng lưới trong thiên tai | C29: - Vô tuyến: Đầu tư gá antena, gia cố jumper, dây quang; thực hiện kiên cố hạ tầng cột, nhà trạm theo cho 321 trạm theo ưu tiên 1 và đầu tư xe phát sóng chỉ huy, dã chiến đảm bảo hoạt động liên tục trong thiên tai - Truyền dẫn: Swap Metro QNH và QNM (swap AGG, CT); đấu CT mới 02 tỉnh QNH và QNM; bổ sung thiết bị Viba, VSAT; Triển khai kiên cố TD liên tỉnh (vùng gió III, IV; Sạt lở) ~ 38/63 tỉnh/TP ~ 56%; liên huyện: (vùng gió IV và sạt lở) ~ 207/704 huyện~30% ; Trạm UT (vùng gió 4, sạt lở) ~ 1293/3530 trạm UT vùng gói III, IV ~ 37% - Cơ điện: Đầu tư 600 máy phát điện dầu 20kVA; 1.662 máy phát điện dầu 12kVA; 2.262 ATS 3 pha 63A; 4.623 bình ắc quy Lithium 48V-100Ah; 2.486 bình portable battery Lithium; Xây mới 1.884 bệ đặt máy phát điện + 348 nhà đặt máy phát điện vượt lũ. | D29: ='TH theo DV'!AB33 -> 0 | F29: - Đảm bảo kiên cố hạ tầng cột, nhà trạm và truyền dẫn trục Quốc gia theo kiến trúc mới. - 33/63 tỉnh có 02 cáp kiên cố là của Viettel. 207/705 huyện vùng gió IV và sạt lở đảm bảo kiên cố. - Swap thiết bị AGG/CT Metro QNH và QNM theo thiết kế kiến cố mới, vật tư swap ra tiếp tục triển khai nâng cấp dung lượng và kiên cố các tỉnh khác. - Đảm bảo tài nguyên cơ điện cho 25 tỉnh ven biển và 11 tỉnh thường xuyên lũ lụt, sạt lở, giúp duy trì mạng lưới xuyên suốt ngay cả trong thiên tai => Đảm bảo vùng phủ outdoor 4G đạt tối thiểu 90% trong và sau thiên tai tại khu vực vùng gió IV và sạt lở.

Sheet Mã
B2: Không xóa
B3: Mã mảng | C3: Mã DV | D3: Mã loại
B4: VT | C4: 5G | D4: VTTB | G4: I | H4: Công nghệ mới triển khai diện rộng cho kinh doanh
C5: DV5G | G5: 1 | H5: Mạng 5G
B6: ML | D6: TK | G6: 2 | H6: XGSPON
B7: CĐBR | C7: Cloud_KD | G7: 3 | H7: AI/GPU
B8: HT | G8: 4 | H8: Private Mobile Network
C9: BigData | G9: II | H9: Mở rộng mạng lưới hiện tại cho kinh doanh
B10: CNTT | C10: DC | G10: 2 | H10: Mạng 4G
B11: TD | C11: VPDĐ | G11: - | H11: 4G vùng phủ
B12: CĐ | C12: DLDĐ | G12: - | H12: 4G dung lượng
B13: Datacenter | C13: VPGPON | G13: 3 | H13: Mạng BRCĐ&TH
C14: DLGPON | G14: - | H14: Vùng phủ GPON
C15: XGSPON | G15: - | H15: Dung lượng Internet
C16: TH | G16: - | H16: Dung lượng Truyền hình
C17: TTKD | G17: - | H17: Kênh truyền
C18: HTKD | G18: 4 | H18: Phục vụ kinh doanh Cloud
C19: ERP | G19: 5 | H19: Data Center
C20: VAS | G20: 6 | H20: Triển khai hạ tầng CNTT
C21: IoT | G21: - | H21: Trực tiếp kinh doanh
C22: KT | G22: - | H22: Hỗ trợ kinh doanh và quản trị
C23: AI/GPU | G23: - | H23: ATTT
C24: PMN | G24: III | H24: Đảm bảo VHKT, kiên cố, bền vững trong thiên tai
C25: Fintech | G25: 1 | H25: Đảm bảo VHKT
C26: ATTT | G26: 2 | H26: Kiên cố thường trình
C27: ƯCTT
C28: VHKT | G28: 3 | H28: Bền vững mạng lưới trong thiên tai
C29: PCTT
C30: KCTT
C31: DLMETRO
C32: DLIPBN
C33: DC_X
