Workbook
Name \p: #REF!
Name __atn1: #REF!
Name __atn10: #REF!
Name __atn2: #REF!
Name __atn3: #REF!
Name __atn4: #REF!
Name __atn5: #REF!
Name __atn6: #REF!
Name __atn7: #REF!
Name __atn8: #REF!
Name __atn9: #REF!
Name __boi1: #REF!
Name __boi2: #REF!
Name __CON1: #REF!
Name __CON2: #REF!
Name __cpd1: #REF!
Name __cpd2: #REF!
Name __deo1: #REF!
Name __deo10: #REF!
Name __deo2: #REF!
Name __deo3: #REF!
Name __deo4: #REF!
Name __deo5: #REF!
Name __deo6: #REF!
Name __deo7: #REF!
Name __deo8: #REF!
Name __deo9: #REF!
Name __lap1: #REF!
Name __lap2: #REF!
Name __nc151: #REF!
Name __NET2: #REF!
Name __SHR1: #REF!
Name __SHR2: #REF!
Name __tax1: #REF!
Name __tax2: #REF!
Name __tax3: #REF!
Name __tax4: #REF!
Name __tct5: #REF!
Name __tg427: #REF!
Name __TH20: #REF!
Name _1: #REF!
Name _1000A01: #REF!
Name _2: #REF!
Name _atn2: #REF!
Name _atn3: #REF!
Name _atn4: #REF!
Name _atn5: #REF!
Name _atn6: #REF!
Name _atn7: #REF!
Name _atn8: #REF!
Name _atn9: #REF!
Name _ATT_REG_DCOM_3G: #REF!
Name _ATT_REG_MI_3G: #REF!
Name _ATT_REG_voice_2G: #REF!
Name _ATT_REG_voice_3G: #REF!
Name _boi1: #REF!
Name _boi2: #REF!
Name _C_Lphi_4ab: #REF!
Name _chk1: #REF!
Name _CON1: #REF!

Sheet PL1.1 ML2027-2028
A1: PHỤ LỤC 1.1: BẢNG TỔNG HỢP CHI TIẾT NHU CẦU ĐẦU TƯ, MUA SẮM THEO QHĐC NĂM 2027-2028 (Ban hành kèm theo Tờ trình số của Tập đoàn CNVTQĐ) | P1: Ghi chú
G3: KHÔNG XÓA | J3: KHÔNG XÓA
A4: TT | B4: Nội dung/ hạng mục đầu tư, mua sắm | C4: Đơn vị tính | D4: Khối lượng | F4: Đơn giá dự kiến | G4: Thành tiền dự kiến (VNĐ) | I4: Dự kiến đơn vị đầu tư, mua sắm | J4: Mã mảng | K4: Mã DV | L4: Mã loại
D6: 2027 | E6: 2028 | F6: USD | G6: 2027 | H6: 2028
C7: 6 | F7: 7 | G7: =SUBTOTAL(9,G8:G2592) -> 1.2335528e+08 | H7: =SUBTOTAL(9,H8:H2592) -> 1.0102088e+08
B8: TỔNG ĐẦU TƯ VTTB VÀ XÂY LẮP 2027-2028 | G8: =SUBTOTAL(9,G9:G2592) -> 1.2335528e+08 | H8: =SUBTOTAL(9,H9:H2592) -> 1.0102088e+08
A9: P1 | B9: TỔNG ĐẦU TƯ VTTB 2027-2028 | G9: =SUBTOTAL(9,G10:G2053) -> 1.1274853e+08 | H9: =SUBTOTAL(9,H10:H2053) -> 94869816
A10: A | B10: VÔ TUYẾN | G10: =SUBTOTAL(9,G11:G92) -> 41358286 | H10: =SUBTOTAL(9,H11:H92) -> 26886814
A11: A1 | B11: Mạng 5G | G11: =SUBTOTAL(9,G12:G21) -> 0 | H11: =SUBTOTAL(9,H12:H21) -> 0 | P11: Cosite trên 802 vị trí triển khai 4G DL
A12: 1 | B12: Thiết bị macro 5G
A13: - | B13: Bộ Gá đa năng (gồm 3 gá đơn lẻ và các phụ kiện) | C13: Bộ | D13: 622 | E13: 458 | G13: =F13*D13 -> 0 | H13: =F13*E13 -> 0 | J13: VT | K13: 5G | L13: VTTB | P13: Tính trong DL 4G
A14: - | B14: NodeB Massive MIMO 2.6GHz+3.5GHz | C14: Tủ | D14: 622 | E14: 458 | G14: =F14*D14 -> 0 | H14: =F14*E14 -> 0 | J14: VT | K14: 5G | L14: VTTB | P14: Tính trong DL 4G
A15: 2 | B15: Thiết bị RRU 5G
A16: - | B16: RRU 5G triển khai IBD | C16: Chiếc | G16: =F16*D16 -> 0 | H16: =F16*E16 -> 0 | J16: VT | K16: 5G | L16: VTTB
A17: 3 | B17: Thiết bị smallcell 5G
A18: - | B18: Thiết bị vô tuyến 5G 4T4R | C18: Chiếc | G18: =F18*D18 -> 0 | H18: =F18*E18 -> 0 | J18: VT | K18: 5G | L18: VTTB
A19: 4 | B19: Card Baseband
A20: - | B20: Card Baseband cho 5G | C20: Chiếc | G20: =F20*D20 -> 0 | H20: =F20*E20 -> 0 | J20: VT | K20: 5G | L20: VTTB
A21: 5 | B21: Nâng cấp hệ thống Inbuilding lên 5G
A22: A2 | B22: Mạng 2/3/4G | G22: =SUBTOTAL(9,G23:G44) -> 4178882 | H22: =SUBTOTAL(9,H23:H44) -> 3876778
A23: I | B23: Vùng phủ | G23: =SUBTOTAL(9,G24:G44) -> 4178882 | H23: =SUBTOTAL(9,H24:H44) -> 3876778 | P23: Triển khai 208 vị trí triển khai vùng phủ mới cho 4G kết hợp cosite 2G, tổng chi phí dự kiến 3.5M USD
A24: 1 | B24: Thiết bị 4G | G24: =SUBTOTAL(9,G25:G31) -> 4178882 | H24: =SUBTOTAL(9,H25:H31) -> 3876778
A25: - | B25: Mixmode 2G 4G 800/900_Huawei | C25: Tủ | D25: 182 | E25: 178 | F25: 14893 | G25: =F25*D25 -> 2710526 | H25: =F25*E25 -> 2650954 | J25: VT | K25: VPDĐ | L25: VTTB
A26: - | B26: BTS 2G 900MHz 4T4R 4*40W (3 RRU 4T4R, S4/4/4) _ ZTE | C26: Tủ | D26: 93 | E26: 72 | F26: 8692 | G26: =F26*D26 -> 808356 | H26: =F26*E26 -> 625824 | J26: VT | K26: VPDĐ | L26: VTTB
A27: - | B27: eNodeB 800MHz@10MHz 4T4R 4*40W (3 RRU 4T4R, 3 cell 10MHz) Huawei | C27: Tủ | D27: 0 | E27: 0 | F27: 9064 | G27: =F27*D27 -> 0 | H27: =F27*E27 -> 0 | J27: VT | K27: VPDĐ | L27: VTTB
A28: - | B28: Diplexer 800-900 | C28: Chiếc | D28: 0 | E28: 0 | F28: 100 | G28: =F28*D28 -> 0 | H28: =F28*E28 -> 0 | J28: VT | K28: VPDĐ | L28: VTTB
A29: - | B29: Anten đa băng | C29: Chiếc | D29: 825 | E29: 750 | F29: 650 | G29: =F29*D29 -> 536250 | H29: =F29*E29 -> 487500 | J29: VT | K29: VPDĐ | L29: VTTB
A30: - | B30: Jumper | C30: Chiếc | D30: 3300 | E30: 3000 | F30: 20 | G30: =F30*D30 -> 66000 | H30: =F30*E30 -> 60000 | J30: VT | K30: VPDĐ | L30: VTTB
A31: - | B31: Bộ Gá đa năng (gồm 3 gá đơn lẻ và các phụ kiện) | C31: Chiếc | D31: 275 | E31: 250 | F31: 210 | G31: =F31*D31 -> 57750 | H31: =F31*E31 -> 52500 | J31: VT | K31: VPDĐ | L31: VTTB
A32: 2 | B32: Thiết bị 3G | G32: =SUBTOTAL(9,G33:G39) -> 0 | H32: =SUBTOTAL(9,H33:H39) -> 0
A33: - | B33: NodeB 3G dualband_Cosite | C33: Tủ | G33: =F33*D33 -> 0 | H33: =F33*E33 -> 0 | J33: VT | K33: VPDĐ | L33: VTTB
A34: - | B34: NodeB 3G dualband_New site | C34: Tủ | G34: =F34*D34 -> 0 | H34: =F34*E34 -> 0 | J34: VT | K34: VPDĐ | L34: VTTB
A35: - | B35: Card baseband | C35: Chiếc | G35: =F35*D35 -> 0 | H35: =F35*E35 -> 0 | J35: VT | K35: VPDĐ | L35: VTTB
A36: - | B36: Anten đa băng | C36: Chiếc | G36: =F36*D36 -> 0 | H36: =F36*E36 -> 0 | J36: VT | K36: VPDĐ | L36: VTTB
A37: - | B37: Jumper | C37: Chiếc | G37: =F37*D37 -> 0 | H37: =F37*E37 -> 0 | J37: VT | K37: VPDĐ | L37: VTTB
A38: - | B38: Bộ Gá đa năng (gồm 3 gá đơn lẻ và các phụ kiện) | C38: Chiếc | G38: =F38*D38 -> 0 | H38: =F38*E38 -> 0 | J38: VT | K38: VPDĐ | L38: VTTB
A39: 3 | B39: Thiết bị 2G | G39: =SUBTOTAL(9,G40:G46) -> 0 | H39: =SUBTOTAL(9,H40:H46) -> 0
A40: - | B40: BTS 2G dualband_Cosite | C40: Tủ | G40: =F40*D40 -> 0 | H40: =F40*E40 -> 0 | J40: VT | K40: VPDĐ | L40: VTTB
A41: - | B41: BTS 2G dualband_New site 2G | C41: Tủ | G41: =F41*D41 -> 0 | H41: =F41*E41 -> 0 | J41: VT | K41: VPDĐ | L41: VTTB
A42: - | B42: Anten đa băng | C42: Chiếc | G42: =F42*D42 -> 0 | H42: =F42*E42 -> 0 | J42: VT | K42: VPDĐ | L42: VTTB
A43: - | B43: Jumper | C43: Chiếc | G43: =F43*D43 -> 0 | H43: =F43*E43 -> 0 | J43: VT | K43: VPDĐ | L43: VTTB
A44: - | B44: Bộ Gá đa năng (gồm 3 gá đơn lẻ và các phụ kiện) | C44: Chiếc | G44: =F44*D44 -> 0 | H44: =F44*E44 -> 0 | J44: VT | K44: VPDĐ | L44: VTTB
A45: II | B45: Dung lượng | G45: =SUBTOTAL(9,G46:G74) -> 35433108 | H45: =SUBTOTAL(9,H46:H74) -> 20014220 | P45: - 2G: +) Bổ sung thêm 101 vị trí mới cho lưu lượng nhằm đáp ứng nhu cầu KD và giảm TU mạng 2G +) Bổ sung thêm 48 trạm cosite 900MHz - 4/5G: +) 802 tủ MM 2.6+3.5GHz, 157 card BB, 83 sector 800, 293 sector 700, 197 sector 1800.
A46: 1 | B46: Thiết bị 4G | G46: =SUBTOTAL(9,G47:G60) -> 35433108 | H46: =SUBTOTAL(9,H47:H60) -> 20014220
A47: - | B47: eNodeb dualband 4G 1.8+2.1GHz_new site | C47: Tủ | E47: 38 | F47: 14744 | G47: =F47*D47 -> 0 | H47: =F47*E47 -> 560272 | J47: VT | K47: DLDĐ | L47: VTTB
A48: - | B48: NodeB 8T8R MIMO 2.6GHz | C48: Tủ | D48: 0 | E48: 189 | F48: 6400 | G48: =F48*D48 -> 0 | H48: =F48*E48 -> 1209600 | J48: VT | K48: DLDĐ | L48: VTTB
A49: - | B49: Baseband card hỗ trợ MM | C49: Card | D49: 100 | E49: 154 | F49: 6120 | G49: =F49*D49 -> 612000 | H49: =F49*E49 -> 942480 | J49: VT | K49: DLDĐ | L49: VTTB
A50: - | B50: License 20MHz MM | C50: Cell | D50: 605 | E50: 1584 | F50: 710 | G50: =F50*D50 -> 429550 | H50: =F50*E50 -> 1124640 | J50: VT | K50: DLDĐ | L50: VTTB
A51: - | B51: Sector 700/800/900MHz | C51: sector | D51: 177 | E51: 0 | F51: 5865 | G51: =F51*D51 -> 1038105 | H51: =F51*E51 -> 0 | J51: VT | K51: DLDĐ | L51: VTTB
A52: - | B52: Sector 700/800MHz | C52: sector | D52: 90 | E52: 390 | F52: 3904.25 | G52: =F52*D52 -> 351382.5 | H52: =F52*E52 -> 1522657.5 | J52: VT | K52: DLDĐ | L52: VTTB
A53: - | B53: Sector 1800+2100MHz | C53: sector | D53: 300 | E53: 380 | F53: 4000 | G53: =F53*D53 -> 1200000 | H53: =F53*E53 -> 1520000 | J53: VT | K53: DLDĐ | L53: VTTB
A54: - | B54: Tủ Massive MIMO 2.6GHz+3.5GHz 64T64R | C54: Cell | D54: 100 | E54: 0 | F54: 59040 | G54: =F54*D54 -> 5904000 | H54: =F54*E54 -> 0 | J54: VT | K54: DLDĐ | L54: VTTB
A55: - | B55: Tủ Massive MIMO 2.6GHz+3.5GHz 32T32R | C55: sector | D55: 522 | E55: 0 | F55: 49200 | G55: =F55*D55 -> 25682400 | H55: =F55*E55 -> 0 | J55: VT | K55: DLDĐ | L55: VTTB
A56: - | B56: Tủ Massive MIMO 2.6GHz 32T32R | C56: sector | D56: 0 | E56: 458 | F56: 27600 | G56: =F56*D56 -> 0 | H56: =F56*E56 -> 12640800 | J56: VT | K56: DLDĐ | L56: VTTB
A57: - | B57: Anten 8T8R | C57: Cái | D57: 0 | E57: 189 | F57: 800 | G57: =F57*D57 -> 0 | H57: =F57*E57 -> 151200 | J57: VT | K57: DLDĐ | L57: VTTB
A58: - | B58: Anten đa băng | C58: Cái | D58: 0 | E58: 114 | F58: 650 | G58: =F58*D58 -> 0 | H58: =F58*E58 -> 74100 | J58: VT | K58: DLDĐ | L58: VTTB
A59: - | B59: Jumper | C59: Cái | D59: 2268 | E59: 3536 | F59: 20 | G59: =F59*D59 -> 45360 | H59: =F59*E59 -> 70720 | J59: VT | K59: DLDĐ | L59: VTTB
A60: - | B60: Bộ Gá đa năng (gồm 3 gá đơn lẻ và các phụ kiện) | C60: Cái | D60: 811 | E60: 941.66667 | F60: 210 | G60: =F60*D60 -> 170310 | H60: =F60*E60 -> 197750 | J60: VT | K60: DLDĐ | L60: VTTB
A61: 1 | B61: Thiết bị 3G | G61: =SUBTOTAL(9,G62:G67) -> 0 | H61: =SUBTOTAL(9,H62:H67) -> 0
A62: - | B62: NodeB 3G dualband_Cosite | C62: Tủ | G62: =F62*D62 -> 0 | H62: =F62*E62 -> 0 | J62: VT | K62: DLDĐ | L62: VTTB
A63: - | B63: NodeB 3G dualband_New site | C63: Tủ | G63: =F63*D63 -> 0 | H63: =F63*E63 -> 0 | J63: VT | K63: DLDĐ | L63: VTTB
A64: - | B64: Card baseband | C64: Chiếc | G64: =F64*D64 -> 0 | H64: =F64*E64 -> 0 | J64: VT | K64: DLDĐ | L64: VTTB
A65: - | B65: Anten đa băng | C65: Chiếc | G65: =F65*D65 -> 0 | H65: =F65*E65 -> 0 | J65: VT | K65: DLDĐ | L65: VTTB
A66: - | B66: Jumper | C66: Chiếc | G66: =F66*D66 -> 0 | H66: =F66*E66 -> 0 | J66: VT | K66: DLDĐ | L66: VTTB
A67: - | B67: Bộ Gá đa năng (gồm 3 gá đơn lẻ và các phụ kiện) | C67: Chiếc | G67: =F67*D67 -> 0 | H67: =F67*E67 -> 0 | J67: VT | K67: DLDĐ | L67: VTTB
A68: 3 | B68: Thiết bị 2G | G68: =SUBTOTAL(9,G69:G74) -> 0 | H68: =SUBTOTAL(9,H69:H74) -> 0
A69: - | B69: BTS 2G 1800_Cosite (exclued BB) | C69: Tủ | F69: 11800 | G69: =F69*D69 -> 0 | H69: =F69*E69 -> 0 | J69: VT | K69: DLDĐ | L69: VTTB
A70: - | B70: BTS 2G 900_Cosite (exclued BB) | C70: Tủ | F70: 8692 | G70: =F70*D70 -> 0 | H70: =F70*E70 -> 0 | J70: VT | K70: DLDĐ | L70: VTTB
A71: - | B71: BTS 2G 900MHz 4T4R 4*40W (3 RRU 4T4R, S4/4/4) _ ZTE | C71: Tủ | F71: 9064 | G71: =F71*D71 -> 0 | H71: =F71*E71 -> 0 | J71: VT | K71: DLDĐ | L71: VTTB
A72: - | B72: Anten đa băng | C72: Chiếc | F72: 600 | G72: =F72*D72 -> 0 | H72: =F72*E72 -> 0 | J72: VT | K72: DLDĐ | L72: VTTB
A73: - | B73: Jumper | C73: Chiếc | F73: 20 | G73: =F73*D73 -> 0 | H73: =F73*E73 -> 0 | J73: VT | K73: DLDĐ | L73: VTTB
A74: - | B74: Bộ Gá đa năng (gồm 3 gá đơn lẻ và các phụ kiện) | C74: Chiếc | F74: 210 | G74: =F74*D74 -> 0 | H74: =F74*E74 -> 0 | J74: VT | K74: DLDĐ | L74: VTTB
A75: II | B75: Hiện đại hóa mạng lưới | G75: =SUBTOTAL(9,G76:G77) -> 0 | H75: =SUBTOTAL(9,H76:H77) -> 864000 | P75: +) Swap anten đa băng 200tram/năm: 360K USD
A76: - | B76: Bộ gá đa năng (gồm 3 gá đơn lẻ và các phụ kiện) | C76: Bộ | D76: 0 | E76: 400 | F76: 210 | G76: =F76*D76 -> 0 | H76: =F76*E76 -> 84000 | J76: VT | K76: VHKT | L76: VTTB
A77: - | B77: Anten đa băng | C77: Chiếc | D77: 0 | E77: 1200 | F77: 650 | G77: =F77*D77 -> 0 | H77: =F77*E77 -> 780000 | J77: VT | K77: VHKT | L77: VTTB
A78: III | B78: Nâng cao chất lượng mạng | G78: =SUBTOTAL(9,G79:G84) -> 500000 | H78: =SUBTOTAL(9,H79:H84) -> 0 | P78: +) Gói công cụ tối ưu mạng thử nghiệm (CEM): dự kiến 200K USD
A79: 1 | B79: Phần mềm, công cụ | G79: =SUBTOTAL(9,G80:G81) -> 500000
A80: - | B80: Công cụ tối ưu CEM 4G/5G | C80: Gói | D80: 1 | E80: 0 | F80: 500000 | G80: =F80*D80 -> 500000 | H80: =F80*E80 -> 0 | J80: VT | K80: VHKT | L80: VTTB
A81: - | B81: Nâng cấp, mở rộng phầm mềm GEO cho 5G | C81: Hệ thống | G81: =F81*D81 -> 0 | H81: =F81*E81 -> 0 | J81: VT | K81: VHKT | L81: VTTB
A82: 2 | B82: Xe cơ động phục vụ LHSK | G82: =SUBTOTAL(9,G83:G84) -> 0
A83: - | B83: Xe phát sóng cơ động | C83: Chiếc | G83: =F83*D83 -> 0 | H83: =F83*E83 -> 0 | J83: VT | K83: VPDĐ | L83: VTTB
A84: - | B84: Xe phát sóng chỉ huy, dã chiến đảm bảo hoạt động liên tục trong thiên tai, địch họa | C84: Chiếc | G84: =F84*D84 -> 0 | H84: =F84*E84 -> 0 | J84: VT | K84: PCTT | L84: VTTB
A85: A3 | B85: Đảm bảo dự phòng ƯCTT | G85: =SUBTOTAL(9,G86:G92) -> 1246296 | H85: =SUBTOTAL(9,H86:H92) -> 2131817 | P85: +) Gói UCTT: dự kiến 2.5M USD
A86: - | B86: BTS 900MHz Huawei 4T4R (ko gồm phụ kiện, BBU, card UMPT) | C86: Tủ | D86: 20 | E86: 60 | F86: 6073 | G86: =F86*D86 -> 121460 | H86: =F86*E86 -> 364380 | J86: VT | K86: ƯCTT | L86: VTTB
A87: - | B87: eNodeB 800MHz 4T4R(ko gồm phụ kiện, BBU, card UMPT) | C87: Tủ | D87: 30 | E87: 65 | F87: 6073 | G87: =F87*D87 -> 182190 | H87: =F87*E87 -> 394745 | J87: VT | K87: ƯCTT | L87: VTTB
A88: - | B88: eNodeB 1800MHz 4T4R (ko gồm phụ kiện, BBU, card UMPT) | C88: Tủ | D88: 0 | E88: 70 | F88: 6633.9 | G88: =F88*D88 -> 0 | H88: =F88*E88 -> 464373 | J88: VT | K88: ƯCTT | L88: VTTB
A89: - | B89: Dualband 1800 + 2100MHz 4T4R(ko gồm phụ kiện, BBU, card UMPT) | C89: Tủ | D89: 40 | E89: 35 | F89: 9515.4 | G89: =F89*D89 -> 380616 | H89: =F89*E89 -> 333039 | J89: VT | K89: ƯCTT | L89: VTTB
A90: - | B90: Dualband 800 + 900MHz 4T4R (ko gồm phụ kiện, BBU, card UMPT) | C90: Tủ | D90: 40 | E90: 35 | F90: 9496 | G90: =F90*D90 -> 379840 | H90: =F90*E90 -> 332360 | J90: VT | K90: ƯCTT | L90: VTTB
A91: - | B91: BTS 900MHz ZTE 4T4R (ko gồm phụ kiện, BBU, card UMPT) | C91: Tủ | D91: 30 | E91: 40 | F91: 6073 | G91: =F91*D91 -> 182190 | H91: =F91*E91 -> 242920 | J91: VT | K91: ƯCTT | L91: VTTB
A92: - | C92: Tủ | F92: 8692 | G92: =F92*D92 -> 0 | H92: =F92*E92 -> 0 | J92: VT | K92: ƯCTT | L92: VTTB
A93: B | B93: MẠNG LÕI | G93: =SUBTOTAL(9,G94:G247) -> 8950010 | H93: =SUBTOTAL(9,H94:H247) -> 0
A94: I | B94: Dung lượng | G94: =SUBTOTAL(9,G95:G156) -> 2982350 | H94: =SUBTOTAL(9,H95:H156) -> 0
A95: 1 | B95: Đầu tư 5GC Mini cho khách hàng PMN | C95: Bộ | G95: =SUBTOTAL(9,G96) -> 0 | H95: =F95*E95 -> 0 | J95: ML | K95: PMN | L95: VTTB
A96: 2 | B96: MSC | C96: Session | G96: =SUBTOTAL(9,G97:G103) -> 0 | H96: =F96*E96 -> 0 | J96: ML | K96: DLDĐ | L96: VTTB
A97: - | B97: MSC ATT SW | C97: Sub | F97: 0.39 | G97: =F97*D97 -> 0 | H97: =F97*E97 -> 0 | J97: ML | K97: DLDĐ | L97: VTTB
A98: - | B98: MSC ATT HW | C98: Sub | F98: 0.26 | G98: =F98*D98 -> 0 | H98: =F98*E98 -> 0 | J98: ML | K98: DLDĐ | L98: VTTB
A99: - | B99: MSC CSFB SW | C99: Sub | F99: 0.05 | G99: =F99*D99 -> 0 | H99: =F99*E99 -> 0 | J99: ML | K99: DLDĐ | L99: VTTB
A100: - | B100: MGW newbuid service | C100: Gói | F100: 110000 | G100: =F100*D100 -> 0 | H100: =F100*E100 -> 0 | J100: ML | K100: DLDĐ | L100: VTTB
A101: - | B101: MSC newbuid service | C101: Gói | F101: 160000 | G101: =F101*D101 -> 0 | H101: =F101*E101 -> 0 | J101: ML | K101: DLDĐ | L101: VTTB
A102: - | B102: Feature - GMSC | C102: Gói | F102: 50000 | G102: =F102*D102 -> 0 | H102: =F102*E102 -> 0 | J102: ML | K102: DLDĐ | L102: VTTB
...

Sheet TH theo dich vu
D1: 1000000
A2: STT | B2: Nội dung | C2: Ko xóa | D2: 2027 (triệu USD) | O2: 2028 (triệu USD) | Z2: 2027-2028 (triệu USD) | AJ2: Tỷ trọng theo dịch vụ
B3: Mảng | C3: Mã DV | D3: VT | E3: ML | F3: CĐBR | G3: CNTT | H3: IP | I3: TD | J3: CĐ | K3: HT | L3: Tổng (Movitel) | M3: Tổng (Có ví) | N3: Tỷ trọng (%) | O3: VT | P3: ML | Q3: CĐBR | R3: CNTT | S3: IP | T3: TD | U3: CĐ | V3: HT | W3: Tổng (Movitel) | X3: Tổng (Có ví) | Y3: Tỷ trọng (%) | Z3: VT | AA3: ML | AB3: CĐBR | AC3: CNTT | AD3: IP | AE3: TD | AF3: CĐ | AG3: HT | AH3: Tổng | AI3: Tỷ trọng (%) | AJ3: 4G | AK3: 5G | AL3: CĐBR | AM3: Truyền hình | AN3: DC | AO3: Cloud | AP3: CNTT
A4: * | B4: Tổng | D4: =SUBTOTAL(9,D6:D33) -> 41.358286 | E4: =SUBTOTAL(9,E6:E33) -> 8.95001 | F4: =SUBTOTAL(9,F6:F33) -> 1.2385273 | G4: =SUBTOTAL(9,G6:G33) -> 18.305994 | H4: =SUBTOTAL(9,H6:H33) -> 11.033791 | I4: =SUBTOTAL(9,I6:I33) -> 10.692601 | J4: =SUBTOTAL(9,J6:J33) -> 8.6180833 | K4: =SUBTOTAL(9,K6:K33) -> 10.606754 | L4: =SUBTOTAL(9,L6:L33) -> 110.80405 | M4: =SUBTOTAL(9,M6:M34) -> 123.35528 | O4: =SUBTOTAL(9,O6:O33) -> 26.886814 | P4: =SUBTOTAL(9,P6:P33) -> 0 | Q4: =SUBTOTAL(9,Q6:Q33) -> 0.56333736 | R4: =SUBTOTAL(9,R6:R33) -> 22.441326 | S4: =SUBTOTAL(9,S6:S33) -> 10.616615 | T4: =SUBTOTAL(9,T6:T33) -> 8.0845519 | U4: =SUBTOTAL(9,U6:U33) -> 15.425907 | V4: =SUBTOTAL(9,V6:V33) -> 6.1510614 | W4: =SUBTOTAL(9,W6:W33) -> 90.169613 | X4: =SUBTOTAL(9,X6:X34) -> 101.02088 | Z4: =SUBTOTAL(9,Z6:Z33) -> 68.2451 | AA4: =SUBTOTAL(9,AA6:AA33) -> 8.95001 | AB4: =SUBTOTAL(9,AB6:AB33) -> 1.8018647 | AC4: =SUBTOTAL(9,AC6:AC33) -> 40.74732 | AD4: =SUBTOTAL(9,AD6:AD33) -> 21.650407 | AE4: =SUBTOTAL(9,AE6:AE33) -> 18.777153 | AF4: =SUBTOTAL(9,AF6:AF33) -> 24.04399 | AG4: =SUBTOTAL(9,AG6:AG33) -> 16.757815 | AH4: =SUBTOTAL(9,AH6:AH33) -> 200.97366 | AI4: =AH4/$AH$4 -> 1 | AJ4: =AH10*AJ10+AH12*AJ12+AH21*AJ21+AH24*AJ24+AH25*AJ25+(Z30+AA30+AD30+AF30)*AJ30+(Z31+AA31+AD31+AF31)*AJ31+(Z32+AA32+AD32+AF32)*AJ32+AH33*AJ33 -> 175.28548 | AK4: =AK7*AH7 -> 0 | AL4: =AH8*AL8+AH16*AL16+AH17*AL17+AH19*AL19+AB30*AL30+AB31*AL31+AB32*AL32+AH33*AL33 -> 2.8912809 | AM4: =AH18*AM18+AH21*AM21+AB30*AM30+AB31*AM31 -> 0.1356972 | AN4: =AH21*AN21 -> 1.910828 | AO4: =AH9*AO9+AH20*AO20 -> 0.86982688 | AP4: =AH23*AP23+AH9*AP9+AC30*AP30+AC31*AP31 -> 8.9408041
B5: Tỷ trọng theo mảng | D5: =D4/$L$4 -> 0.37325609 | E5: =E4/$L$4 -> 0.080773313 | F5: =F4/$L$4 -> 0.011177636 | G5: =G4/$L$4 -> 0.16521052 | H5: =H4/$L$4 -> 0.099579318 | I5: =I4/$L$4 -> 0.096500099 | J5: =J4/$L$4 -> 0.077777694 | K5: =K4/$L$4 -> 0.095725329 | ... M5: =M4/$L$4 -> 1.1132741 | O5: =O4/$X$4 -> 0.26615107 | P5: =P4/$X$4 -> 0 | Q5: =Q4/$X$4 -> 0.005576445 | R5: =R4/$X$4 -> 0.22214543 | S5: =S4/$X$4 -> 0.10509328 | T5: =T4/$X$4 -> 0.080028526 | U5: =U4/$X$4 -> 0.15270019 | V5: =V4/$X$4 -> 0.060889012 | ... X5: =X4/$X$4 -> 1 | Z5: =Z4/$AH$4 -> 0.33957236 | AA5: =AA4/$AH$4 -> 0.044533249 | AB5: =AB4/$AH$4 -> 0.0089656757 | AC5: =AC4/$AH$4 -> 0.20274955 | AD5: =AD4/$AH$4 -> 0.10772758 | AE5: =AE4/$AH$4 -> 0.093430917 | AF5: =AF4/$AH$4 -> 0.11963752 | AG5: =AG4/$AH$4 -> 0.083383142 | AH5: =AH4/$AH$4 -> 1
A6: I | B6: Công nghệ mới triển khai diện rộng cho kinh doanh | D6: =SUBTOTAL(9,D7:D10) -> 0 | E6: =SUBTOTAL(9,E7:E10) -> 0 | F6: =SUBTOTAL(9,F7:F10) -> 0 | G6: =SUBTOTAL(9,G7:G10) -> 0.836372 | H6: =SUBTOTAL(9,H7:H10) -> 0 | I6: =SUBTOTAL(9,I7:I10) -> 0 | J6: =SUBTOTAL(9,J7:J10) -> 0 | K6: =SUBTOTAL(9,K7:K10) -> 0 | ... M6: =SUBTOTAL(9,M7:M10) -> 0.836372 | N6: =L6/$L$4 -> 0.0075482081 | O6: =SUBTOTAL(9,O7:O10) -> 0 | P6: =SUBTOTAL(9,P7:P10) -> 0 | Q6: =SUBTOTAL(9,Q7:Q10) -> 0 | R6: =SUBTOTAL(9,R7:R10) -> 0.836372 | S6: =SUBTOTAL(9,S7:S10) -> 0 | T6: =SUBTOTAL(9,T7:T10) -> 0 | U6: =SUBTOTAL(9,U7:U10) -> 0 | V6: =SUBTOTAL(9,V7:V10) -> 0 | ... X6: =SUBTOTAL(9,X7:X10) -> 0.836372 | Y6: =W6/$W$4 -> 0.0092755416 | Z6: =SUBTOTAL(9,Z7:Z9) -> 0 | AA6: =SUBTOTAL(9,AA7:AA9) -> 0 | AB6: =SUBTOTAL(9,AB7:AB9) -> 0 | AC6: =SUBTOTAL(9,AC7:AC9) -> 1.672744 | AD6: =SUBTOTAL(9,AD7:AD9) -> 0 | AE6: =SUBTOTAL(9,AE7:AE9) -> 0 | AF6: =SUBTOTAL(9,AF7:AF9) -> 0 | AG6: =SUBTOTAL(9,AG7:AG9) -> 0 | AH6: =SUBTOTAL(9,AH7:AH10) -> 1.672744 | AI6: =AH6/$AH$4 -> 0.0083232002
A7: 1 | B7: Mạng 5G | C7: 5G | D7: =SUMIFS('PL1.1 ML2027-2028'!$G:$G,'PL1.1 ML2027-2028'!$J:$J,'TH theo dich vu'!$D$3,'PL1.1 ML2027-2028'!$K:$K,'TH theo dich vu'!C7)/$D$1 -> 0 | E7: =SUMIFS('PL1.1 ML2027-2028'!$G:$G,'PL1.1 ML2027-2028'!$J:$J,'TH theo dich vu'!$E$3,'PL1.1 ML2027-2028'!$K:$K,'TH theo dich vu'!C7)/$D$1 -> 0 | F7: =SUMIFS('PL1.1 ML2027-2028'!$G:$G,'PL1.1 ML2027-2028'!$J:$J,'TH theo dich vu'!$F$3,'PL1.1 ML2027-2028'!$K:$K,'TH theo dich vu'!C7)/$D$1 -> 0 | G7: =SUMIFS('PL1.1 ML2027-2028'!$G:$G,'PL1.1 ML2027-2028'!$J:$J,'TH theo dich vu'!$G$3,'PL1.1 ML2027-2028'!$K:$K,'TH theo dich vu'!C7)/$D$1 -> 0 | H7: =SUMIFS('PL1.1 ML2027-2028'!$G:$G,'PL1.1 ML2027-2028'!$J:$J,"TD",'PL1.1 ML2027-2028'!$M:$M,"IP",'PL1.1 ML2027-2028'!$K:$K,'TH theo dich vu'!C7)/$D$1 -> 0 | I7: =SUMIFS('PL1.1 ML2027-2028'!$G:$G,'PL1.1 ML2027-2028'!$J:$J,"TD",'PL1.1 ML2027-2028'!$M:$M,"Mạng cáp",'PL1.1 ML2027-2028'!$K:$K,'TH theo dich vu'!C7)/$D$1 -> 0 | J7: =SUMIFS('PL1.1 ML2027-2028'!$G:$G,'PL1.1 ML2027-2028'!$J:$J,'TH theo dich vu'!$J$3,'PL1.1 ML2027-2028'!$K:$K,'TH theo dich vu'!C7)/$D$1 -> 0 | K7: =SUMIFS('PL1.1 ML2027-2028'!$G:$G,'PL1.1 ML2027-2028'!$J:$J,'TH theo dich vu'!K$3,'PL1.1 ML2027-2028'!$K:$K,'TH theo dich vu'!C7)/$D$1 -> 0 | L7: =SUM(D7:K7) -> 0 | M7: =SUM(D7:K7) -> 0 | N7: =L7/$L$4 -> 0 | O7: =SUMIFS('PL1.1 ML2027-2028'!$H:$H,'PL1.1 ML2027-2028'!$J:$J,'TH theo dich vu'!O$3,'PL1.1 ML2027-2028'!$K:$K,'TH theo dich vu'!$C7)/$D$1 -> 0 | P7: =SUMIFS('PL1.1 ML2027-2028'!$H:$H,'PL1.1 ML2027-2028'!$J:$J,'TH theo dich vu'!P$3,'PL1.1 ML2027-2028'!$K:$K,'TH theo dich vu'!$C7)/$D$1 -> 0 | Q7: =SUMIFS('PL1.1 ML2027-2028'!$H:$H,'PL1.1 ML2027-2028'!$J:$J,'TH theo dich vu'!Q$3,'PL1.1 ML2027-2028'!$K:$K,'TH theo dich vu'!$C7)/$D$1 -> 0 | R7: =SUMIFS('PL1.1 ML2027-2028'!$H:$H,'PL1.1 ML2027-2028'!$J:$J,'TH theo dich vu'!R$3,'PL1.1 ML2027-2028'!$K:$K,'TH theo dich vu'!$C7)/$D$1 -> 0 | S7: =SUMIFS('PL1.1 ML2027-2028'!$H:$H,'PL1.1 ML2027-2028'!$J:$J,"TD",'PL1.1 ML2027-2028'!$M:$M,"IP",'PL1.1 ML2027-2028'!$K:$K,'TH theo dich vu'!C7)/$D$1 -> 0 | T7: =SUMIFS('PL1.1 ML2027-2028'!$H:$H,'PL1.1 ML2027-2028'!$J:$J,"TD",'PL1.1 ML2027-2028'!$M:$M,"Mạng cáp",'PL1.1 ML2027-2028'!$K:$K,'TH theo dich vu'!C7)/$D$1 -> 0 | U7: =SUMIFS('PL1.1 ML2027-2028'!$H:$H,'PL1.1 ML2027-2028'!$J:$J,'TH theo dich vu'!U$3,'PL1.1 ML2027-2028'!$K:$K,'TH theo dich vu'!$C7)/$D$1 -> 0 | V7: =SUMIFS('PL1.1 ML2027-2028'!$H:$H,'PL1.1 ML2027-2028'!$J:$J,'TH theo dich vu'!V$3,'PL1.1 ML2027-2028'!$K:$K,'TH theo dich vu'!$C7)/$D$1 -> 0 | W7: =SUM(O7:V7) -> 0 | X7: =SUM(O7:V7) -> 0 | Z7: =D7+O7 -> 0 | AA7: =E7+P7 -> 0 | AB7: =F7+Q7 -> 0 | AC7: =G7+R7 -> 0 | AD7: =H7+S7 -> 0 | AE7: =I7+T7 -> 0 | AF7: =J7+U7 -> 0 | AG7: =K7+V7 -> 0 | AH7: =SUM(Z7:AG7) -> 0 | AI7: =AH7/$AH$4 -> 0 | AK7: 1
A8: 2 | B8: XGSPON | C8: XGSPON | D8: =SUMIFS('PL1.1 ML2027-2028'!$G:$G,'PL1.1 ML2027-2028'!$J:$J,'TH theo dich vu'!$D$3,'PL1.1 ML2027-2028'!$K:$K,'TH theo dich vu'!C8)/$D$1 -> 0 | E8: =SUMIFS('PL1.1 ML2027-2028'!$G:$G,'PL1.1 ML2027-2028'!$J:$J,'TH theo dich vu'!$E$3,'PL1.1 ML2027-2028'!$K:$K,'TH theo dich vu'!C8)/$D$1 -> 0 | F8: =SUMIFS('PL1.1 ML2027-2028'!$G:$G,'PL1.1 ML2027-2028'!$J:$J,'TH theo dich vu'!$F$3,'PL1.1 ML2027-2028'!$K:$K,'TH theo dich vu'!C8)/$D$1 -> 0 | G8: =SUMIFS('PL1.1 ML2027-2028'!$G:$G,'PL1.1 ML2027-2028'!$J:$J,'TH theo dich vu'!$G$3,'PL1.1 ML2027-2028'!$K:$K,'TH theo dich vu'!C8)/$D$1 * 0.43287 -> 0 | H8: =SUMIFS('PL1.1 ML2027-2028'!$G:$G,'PL1.1 ML2027-2028'!$J:$J,"TD",'PL1.1 ML2027-2028'!$M:$M,"IP",'PL1.1 ML2027-2028'!$K:$K,'TH theo dich vu'!C8)/$D$1 -> 0 | I8: =SUMIFS('PL1.1 ML2027-2028'!$G:$G,'PL1.1 ML2027-2028'!$J:$J,"TD",'PL1.1 ML2027-2028'!$M:$M,"Mạng cáp",'PL1.1 ML2027-2028'!$K:$K,'TH theo dich vu'!C8)/$D$1 -> 0 | J8: =SUMIFS('PL1.1 ML2027-2028'!$G:$G,'PL1.1 ML2027-2028'!$J:$J,'TH theo dich vu'!$J$3,'PL1.1 ML2027-2028'!$K:$K,'TH theo dich vu'!C8)/$D$1 -> 0 | K8: =SUMIFS('PL1.1 ML2027-2028'!$G:$G,'PL1.1 ML2027-2028'!$J:$J,'TH theo dich vu'!K$3,'PL1.1 ML2027-2028'!$K:$K,'TH theo dich vu'!C8)/$D$1 -> 0 | L8: =SUM(D8:K8) -> 0 | M8: =SUM(D8:K8) -> 0 | N8: =L8/$L$4 -> 0 | O8: =SUMIFS('PL1.1 ML2027-2028'!$H:$H,'PL1.1 ML2027-2028'!$J:$J,'TH theo dich vu'!O$3,'PL1.1 ML2027-2028'!$K:$K,'TH theo dich vu'!$C8)/$D$1 -> 0 | P8: =SUMIFS('PL1.1 ML2027-2028'!$H:$H,'PL1.1 ML2027-2028'!$J:$J,'TH theo dich vu'!P$3,'PL1.1 ML2027-2028'!$K:$K,'TH theo dich vu'!$C8)/$D$1 -> 0 | Q8: =SUMIFS('PL1.1 ML2027-2028'!$H:$H,'PL1.1 ML2027-2028'!$J:$J,'TH theo dich vu'!Q$3,'PL1.1 ML2027-2028'!$K:$K,'TH theo dich vu'!$C8)/$D$1 -> 0 | R8: =SUMIFS('PL1.1 ML2027-2028'!$H:$H,'PL1.1 ML2027-2028'!$J:$J,'TH theo dich vu'!R$3,'PL1.1 ML2027-2028'!$K:$K,'TH theo dich vu'!$C8)/$D$1 -> 0 | S8: =SUMIFS('PL1.1 ML2027-2028'!$H:$H,'PL1.1 ML2027-2028'!$J:$J,"TD",'PL1.1 ML2027-2028'!$M:$M,"IP",'PL1.1 ML2027-2028'!$K:$K,'TH theo dich vu'!C8)/$D$1 -> 0 | T8: =SUMIFS('PL1.1 ML2027-2028'!$H:$H,'PL1.1 ML2027-2028'!$J:$J,"TD",'PL1.1 ML2027-2028'!$M:$M,"Mạng cáp",'PL1.1 ML2027-2028'!$K:$K,'TH theo dich vu'!C8)/$D$1 -> 0 | U8: =SUMIFS('PL1.1 ML2027-2028'!$H:$H,'PL1.1 ML2027-2028'!$J:$J,'TH theo dich vu'!U$3,'PL1.1 ML2027-2028'!$K:$K,'TH theo dich vu'!$C8)/$D$1 -> 0 | V8: =SUMIFS('PL1.1 ML2027-2028'!$H:$H,'PL1.1 ML2027-2028'!$J:$J,'TH theo dich vu'!V$3,'PL1.1 ML2027-2028'!$K:$K,'TH theo dich vu'!$C8)/$D$1 -> 0 | W8: =SUM(O8:V8) -> 0 | X8: =SUM(O8:V8) -> 0 | Z8: =D8+O8 -> 0 | AA8: =E8+P8 -> 0 | AB8: =F8+Q8 -> 0 | AC8: =G8+R8 -> 0 | AD8: =H8+S8 -> 0 | AE8: =I8+T8 -> 0 | AF8: =J8+U8 -> 0 | AG8: =K8+V8 -> 0 | AH8: =SUM(Z8:AG8) -> 0 | AI8: =AH8/$AH$4 -> 0 | AL8: 1
A9: 3 | B9: AI/GPU | C9: AI/GPU | D9: =SUMIFS('PL1.1 ML2027-2028'!$G:$G,'PL1.1 ML2027-2028'!$J:$J,'TH theo dich vu'!$D$3,'PL1.1 ML2027-2028'!$K:$K,'TH theo dich vu'!C9)/$D$1 -> 0 | E9: =SUMIFS('PL1.1 ML2027-2028'!$G:$G,'PL1.1 ML2027-2028'!$J:$J,'TH theo dich vu'!$E$3,'PL1.1 ML2027-2028'!$K:$K,'TH theo dich vu'!C9)/$D$1 -> 0 | F9: =SUMIFS('PL1.1 ML2027-2028'!$G:$G,'PL1.1 ML2027-2028'!$J:$J,'TH theo dich vu'!$F$3,'PL1.1 ML2027-2028'!$K:$K,'TH theo dich vu'!C9)/$D$1 -> 0 | G9: =SUMIFS('PL1.1 ML2027-2028'!$G:$G,'PL1.1 ML2027-2028'!$J:$J,'TH theo dich vu'!G$3,'PL1.1 ML2027-2028'!$K:$K,'TH theo dich vu'!$C9)/$D$1 -> 0.836372 | H9: =SUMIFS('PL1.1 ML2027-2028'!$G:$G,'PL1.1 ML2027-2028'!$J:$J,"TD",'PL1.1 ML2027-2028'!$M:$M,"IP",'PL1.1 ML2027-2028'!$K:$K,'TH theo dich vu'!C9)/$D$1 -> 0 | I9: =SUMIFS('PL1.1 ML2027-2028'!$G:$G,'PL1.1 ML2027-2028'!$J:$J,"TD",'PL1.1 ML2027-2028'!$M:$M,"Mạng cáp",'PL1.1 ML2027-2028'!$K:$K,'TH theo dich vu'!C9)/$D$1 -> 0 | J9: =SUMIFS('PL1.1 ML2027-2028'!$G:$G,'PL1.1 ML2027-2028'!$J:$J,'TH theo dich vu'!$J$3,'PL1.1 ML2027-2028'!$K:$K,'TH theo dich vu'!C9)/$D$1 -> 0 | K9: =SUMIFS('PL1.1 ML2027-2028'!$G:$G,'PL1.1 ML2027-2028'!$J:$J,'TH theo dich vu'!K$3,'PL1.1 ML2027-2028'!$K:$K,'TH theo dich vu'!C9)/$D$1 -> 0 | L9: =SUM(D9:K9) -> 0.836372 | M9: =SUM(D9:K9) -> 0.836372 | N9: =L9/$L$4 -> 0.0075482081 | O9: =SUMIFS('PL1.1 ML2027-2028'!$H:$H,'PL1.1 ML2027-2028'!$J:$J,'TH theo dich vu'!O$3,'PL1.1 ML2027-2028'!$K:$K,'TH theo dich vu'!$C9)/$D$1 -> 0 | P9: =SUMIFS('PL1.1 ML2027-2028'!$H:$H,'PL1.1 ML2027-2028'!$J:$J,'TH theo dich vu'!P$3,'PL1.1 ML2027-2028'!$K:$K,'TH theo dich vu'!$C9)/$D$1 -> 0 | Q9: =SUMIFS('PL1.1 ML2027-2028'!$H:$H,'PL1.1 ML2027-2028'!$J:$J,'TH theo dich vu'!Q$3,'PL1.1 ML2027-2028'!$K:$K,'TH theo dich vu'!$C9)/$D$1 -> 0 | R9: =SUMIFS('PL1.1 ML2027-2028'!$H:$H,'PL1.1 ML2027-2028'!$J:$J,'TH theo dich vu'!R$3,'PL1.1 ML2027-2028'!$K:$K,'TH theo dich vu'!$C9)/$D$1 -> 0.836372 | S9: =SUMIFS('PL1.1 ML2027-2028'!$H:$H,'PL1.1 ML2027-2028'!$J:$J,"TD",'PL1.1 ML2027-2028'!$M:$M,"IP",'PL1.1 ML2027-2028'!$K:$K,'TH theo dich vu'!C9)/$D$1 -> 0 | T9: =SUMIFS('PL1.1 ML2027-2028'!$H:$H,'PL1.1 ML2027-2028'!$J:$J,"TD",'PL1.1 ML2027-2028'!$M:$M,"Mạng cáp",'PL1.1 ML2027-2028'!$K:$K,'TH theo dich vu'!C9)/$D$1 -> 0 | U9: =SUMIFS('PL1.1 ML2027-2028'!$H:$H,'PL1.1 ML2027-2028'!$J:$J,'TH theo dich vu'!U$3,'PL1.1 ML2027-2028'!$K:$K,'TH theo dich vu'!$C9)/$D$1 -> 0 | V9: =SUMIFS('PL1.1 ML2027-2028'!$H:$H,'PL1.1 ML2027-2028'!$J:$J,'TH theo dich vu'!V$3,'PL1.1 ML2027-2028'!$K:$K,'TH theo dich vu'!$C9)/$D$1 -> 0 | W9: =SUM(O9:V9) -> 0.836372 | X9: =SUM(O9:V9) -> 0.836372 | Z9: =D9+O9 -> 0 | AA9: =E9+P9 -> 0 | AB9: =F9+Q9 -> 0 | AC9: =G9+R9 -> 1.672744 | AD9: =H9+S9 -> 0 | AE9: =I9+T9 -> 0 | AF9: =J9+U9 -> 0 | AG9: =K9+V9 -> 0 | AH9: =SUM(Z9:AG9) -> 1.672744 | AI9: =AH9/$AH$4 -> 0.0083232002 | AO9: 0.52 | AP9: 0.48
A10: 4 | B10: Private Mobile Network | C10: PMN | D10: =SUMIFS('PL1.1 ML2027-2028'!$G:$G,'PL1.1 ML2027-2028'!$J:$J,'TH theo dich vu'!$D$3,'PL1.1 ML2027-2028'!$K:$K,'TH theo dich vu'!C10)/$D$1 -> 0 | E10: =SUMIFS('PL1.1 ML2027-2028'!$G:$G,'PL1.1 ML2027-2028'!$J:$J,'TH theo dich vu'!$E$3,'PL1.1 ML2027-2028'!$K:$K,'TH theo dich vu'!C10)/$D$1 -> 0 | F10: =SUMIFS('PL1.1 ML2027-2028'!$G:$G,'PL1.1 ML2027-2028'!$J:$J,'TH theo dich vu'!$F$3,'PL1.1 ML2027-2028'!$K:$K,'TH theo dich vu'!C10)/$D$1 -> 0 | G10: =SUMIFS('PL1.1 ML2027-2028'!$G:$G,'PL1.1 ML2027-2028'!$J:$J,'TH theo dich vu'!$G$3,'PL1.1 ML2027-2028'!$K:$K,'TH theo dich vu'!C10)/$D$1 -> 0 | H10: =SUMIFS('PL1.1 ML2027-2028'!$G:$G,'PL1.1 ML2027-2028'!$J:$J,"TD",'PL1.1 ML2027-2028'!$M:$M,"IP",'PL1.1 ML2027-2028'!$K:$K,'TH theo dich vu'!C10)/$D$1 -> 0 | I10: =SUMIFS('PL1.1 ML2027-2028'!$G:$G,'PL1.1 ML2027-2028'!$J:$J,"TD",'PL1.1 ML2027-2028'!$M:$M,"Mạng cáp",'PL1.1 ML2027-2028'!$K:$K,'TH theo dich vu'!C10)/$D$1 -> 0 | J10: =SUMIFS('PL1.1 ML2027-2028'!$G:$G,'PL1.1 ML2027-2028'!$J:$J,'TH theo dich vu'!$J$3,'PL1.1 ML2027-2028'!$K:$K,'TH theo dich vu'!C10)/$D$1 -> 0 | K10: =SUMIFS('PL1.1 ML2027-2028'!$G:$G,'PL1.1 ML2027-2028'!$J:$J,'TH theo dich vu'!K$3,'PL1.1 ML2027-2028'!$K:$K,'TH theo dich vu'!C10)/$D$1 -> 0 | L10: =SUM(D10:K10) -> 0 | M10: =SUM(D10:K10) -> 0 | N10: =L10/$L$4 -> 0 | O10: =SUMIFS('PL1.1 ML2027-2028'!$H:$H,'PL1.1 ML2027-2028'!$J:$J,'TH theo dich vu'!O$3,'PL1.1 ML2027-2028'!$K:$K,'TH theo dich vu'!$C10)/$D$1 -> 0 | P10: =SUMIFS('PL1.1 ML2027-2028'!$H:$H,'PL1.1 ML2027-2028'!$J:$J,'TH theo dich vu'!P$3,'PL1.1 ML2027-2028'!$K:$K,'TH theo dich vu'!$C10)/$D$1 -> 0 | Q10: =SUMIFS('PL1.1 ML2027-2028'!$H:$H,'PL1.1 ML2027-2028'!$J:$J,'TH theo dich vu'!Q$3,'PL1.1 ML2027-2028'!$K:$K,'TH theo dich vu'!$C10)/$D$1 -> 0 | R10: =SUMIFS('PL1.1 ML2027-2028'!$H:$H,'PL1.1 ML2027-2028'!$J:$J,'TH theo dich vu'!R$3,'PL1.1 ML2027-2028'!$K:$K,'TH theo dich vu'!$C10)/$D$1 -> 0 | S10: =SUMIFS('PL1.1 ML2027-2028'!$H:$H,'PL1.1 ML2027-2028'!$J:$J,"TD",'PL1.1 ML2027-2028'!$M:$M,"IP",'PL1.1 ML2027-2028'!$K:$K,'TH theo dich vu'!C10)/$D$1 -> 0 | T10: =SUMIFS('PL1.1 ML2027-2028'!$H:$H,'PL1.1 ML2027-2028'!$J:$J,"TD",'PL1.1 ML2027-2028'!$M:$M,"Mạng cáp",'PL1.1 ML2027-2028'!$K:$K,'TH theo dich vu'!C10)/$D$1 -> 0 | U10: =SUMIFS('PL1.1 ML2027-2028'!$H:$H,'PL1.1 ML2027-2028'!$J:$J,'TH theo dich vu'!U$3,'PL1.1 ML2027-2028'!$K:$K,'TH theo dich vu'!$C10)/$D$1 -> 0 | V10: =SUMIFS('PL1.1 ML2027-2028'!$H:$H,'PL1.1 ML2027-2028'!$J:$J,'TH theo dich vu'!V$3,'PL1.1 ML2027-2028'!$K:$K,'TH theo dich vu'!$C10)/$D$1 -> 0 | W10: =SUM(O10:V10) -> 0 | X10: =SUM(O10:V10) -> 0 | Z10: =D10+O10 -> 0 | AA10: =E10+P10 -> 0 | AB10: =F10+Q10 -> 0 | AC10: =G10+R10 -> 0 | AD10: =H10+S10 -> 0 | AE10: =I10+T10 -> 0 | AF10: =J10+U10 -> 0 | AG10: =K10+V10 -> 0 | AH10: =SUM(Z10:AG10) -> 0 | AI10: =AH10/$AH$4 -> 0 | AJ10: 1
A11: II | B11: Mở rộng mạng lưới hiện tại cho kinh doanh | D11: =SUBTOTAL(9,D12:D28) -> 39.611989 | E11: =SUBTOTAL(9,E12:E28) -> 2.98235 | F11: =SUBTOTAL(9,F12:F28) -> 1.0754468 | G11: =SUBTOTAL(9,G12:G28) -> 15.582282 | H11: =SUBTOTAL(9,H12:H28) -> 8.4989447 | I11: =SUBTOTAL(9,I12:I28) -> 5.43998 | J11: =SUBTOTAL(9,J12:J28) -> 5.8563325 | K11: =SUBTOTAL(9,K12:K28) -> 10.606754 | L11: =SUBTOTAL(9,L13:L28) -> 89.654079 | M11: =SUBTOTAL(9,M13:M28) -> 89.654079 | N11: =L11/$L$4 -> 0.80912279 | O11: =SUBTOTAL(9,O12:O25) -> 23.890997 | P11: =SUBTOTAL(9,P12:P25) -> 0 | Q11: =SUBTOTAL(9,Q12:Q25) -> 0.43173884 | R11: =SUBTOTAL(9,R12:R25) -> 17.900934 | S11: =SUBTOTAL(9,S12:S28) -> 4.87838 | T11: =SUBTOTAL(9,T12:T28) -> 2.3974304 | U11: =SUBTOTAL(9,U12:U25) -> 5.1952654 | V11: =SUBTOTAL(9,V12:V28) -> 6.1510614 | W11: =SUBTOTAL(9,W13:W28) -> 60.845808 | X11: =SUBTOTAL(9,X13:X28) -> 60.845808 | Y11: =W11/$W$4 -> 0.67479282 | Z11: =SUBTOTAL(9,Z12:Z32) -> 68.2451 | AA11: =SUBTOTAL(9,AA12:AA32) -> 8.95001 | AB11: =SUBTOTAL(9,AB12:AB32) -> 1.8018647 | AC11: =SUBTOTAL(9,AC12:AC32) -> 39.074576 | AD11: =SUBTOTAL(9,AD12:AD32) -> 21.650407 | AE11: =SUBTOTAL(9,AE12:AE32) -> 18.777153 | AF11: =SUBTOTAL(9,AF12:AF32) -> 24.04399 | AG11: =SUBTOTAL(9,AG12:AG32) -> 16.757815 | AH11: =SUBTOTAL(9,AH12:AH25) -> 150.49989 | AI11: =AH11/$AH$4 -> 0.74885379
A12: 1 | B12: Mạng 2/3/4G | D12: =SUBTOTAL(9,D13:D14) -> 39.611989 | E12: =SUBTOTAL(9,E13:E14) -> 2.98235 | F12: =SUBTOTAL(9,F13:F14) -> 0 | G12: =SUBTOTAL(9,G13:G14) -> 0 | H12: =SUBTOTAL(9,H13:H14) -> 6.3373152 | I12: =SUBTOTAL(9,I13:I14) -> 4.5213812 | J12: =SUBTOTAL(9,J13:J14) -> 5.8563325 | K12: =SUBTOTAL(9,K13:K14) -> 10.606754 | ... M12: =SUBTOTAL(9,M13:M14) -> 69.916122 | N12: =L12/$L$4 -> 0.63098889 | O12: =SUBTOTAL(9,O13:O14) -> 23.890997 | P12: =SUBTOTAL(9,P13:P14) -> 0 | Q12: =SUBTOTAL(9,Q13:Q14) -> 0 | R12: =SUBTOTAL(9,R13:R14) -> 0 | S12: =SUBTOTAL(9,S13:S14) -> 4.5843471 | T12: =SUBTOTAL(9,T13:T14) -> 2.2535846 | U12: =SUBTOTAL(9,U13:U14) -> 5.1952654 | V12: =SUBTOTAL(9,V13:V14) -> 6.1510614 | ... X12: =SUBTOTAL(9,X13:X14) -> 42.075256 | Y12: =W12/$W$4 -> 0.46662345 | Z12: =SUBTOTAL(9,Z13:Z14) -> 63.502987 | AA12: =SUBTOTAL(9,AA13:AA14) -> 2.98235 | AB12: =SUBTOTAL(9,AB13:AB14) -> 0 | AC12: =SUBTOTAL(9,AC13:AC14) -> 0 | AD12: =SUBTOTAL(9,AD13:AD14) -> 10.921662 | AE12: =SUBTOTAL(9,AE13:AE14) -> 6.7749658 | AF12: =SUBTOTAL(9,AF13:AF14) -> 11.051598 | AG12: =SUBTOTAL(9,AG13:AG14) -> 16.757815 | AH12: =SUBTOTAL(9,AH13:AH14) -> 111.99138 | AI12: =AH12/$AH$4 -> 0.55724406 | AJ12: 1
A13: - | B13: 2/3/4G vùng phủ | C13: VPDĐ | D13: =SUMIFS('PL1.1 ML2027-2028'!$G:$G,'PL1.1 ML2027-2028'!$J:$J,'TH theo dich vu'!$D$3,'PL1.1 ML2027-2028'!$K:$K,'TH theo dich vu'!C13)/$D$1 -> 4.178882 | E13: =SUMIFS('PL1.1 ML2027-2028'!$G:$G,'PL1.1 ML2027-2028'!$J:$J,'TH theo dich vu'!$E$3,'PL1.1 ML2027-2028'!$K:$K,'TH theo dich vu'!C13)/$D$1 -> 0 | F13: =SUMIFS('PL1.1 ML2027-2028'!$G:$G,'PL1.1 ML2027-2028'!$J:$J,'TH theo dich vu'!$F$3,'PL1.1 ML2027-2028'!$K:$K,'TH theo dich vu'!C13)/$D$1 -> 0 | G13: =SUMIFS('PL1.1 ML2027-2028'!$G:$G,'PL1.1 ML2027-2028'!$J:$J,'TH theo dich vu'!$G$3,'PL1.1 ML2027-2028'!$K:$K,'TH theo dich vu'!C13)/$D$1 -> 0 | H13: =SUMIFS('PL1.1 ML2027-2028'!$G:$G,'PL1.1 ML2027-2028'!$J:$J,"TD",'PL1.1 ML2027-2028'!$M:$M,"IP",'PL1.1 ML2027-2028'!$K:$K,'TH theo dich vu'!C13)/$D$1 -> 0.47038034 | I13: =SUMIFS('PL1.1 ML2027-2028'!$G:$G,'PL1.1 ML2027-2028'!$J:$J,"TD",'PL1.1 ML2027-2028'!$M:$M,"Mạng cáp",'PL1.1 ML2027-2028'!$K:$K,'TH theo dich vu'!C13)/$D$1 -> 0.79282 | J13: =SUMIFS('PL1.1 ML2027-2028'!$G:$G,'PL1.1 ML2027-2028'!$J:$J,'TH theo dich vu'!$J$3,'PL1.1 ML2027-2028'!$K:$K,'TH theo dich vu'!C13)/$D$1 -> 4.3349205 | K13: =SUMIFS('PL1.1 ML2027-2028'!$G:$G,'PL1.1 ML2027-2028'!$J:$J,'TH theo dich vu'!K$3,'PL1.1 ML2027-2028'!$K:$K,'TH theo dich vu'!C13)/$D$1 -> 6.8656099 | L13: =SUM(D13:K13) -> 16.642613 | M13: =SUM(D13:K13) -> 16.642613 | N13: =L13/$L$4 -> 0.1501986 | O13: =SUMIFS('PL1.1 ML2027-2028'!$H:$H,'PL1.1 ML2027-2028'!$J:$J,'TH theo dich vu'!O$3,'PL1.1 ML2027-2028'!$K:$K,'TH theo dich vu'!$C13)/$D$1 -> 3.876778 | P13: =SUMIFS('PL1.1 ML2027-2028'!$H:$H,'PL1.1 ML2027-2028'!$J:$J,'TH theo dich vu'!P$3,'PL1.1 ML2027-2028'!$K:$K,'TH theo dich vu'!$C13)/$D$1 -> 0 | Q13: =SUMIFS('PL1.1 ML2027-2028'!$H:$H,'PL1.1 ML2027-2028'!$J:$J,'TH theo dich vu'!Q$3,'PL1.1 ML2027-2028'!$K:$K,'TH theo dich vu'!$C13)/$D$1 -> 0 | R13: =SUMIFS('PL1.1 ML2027-2028'!$H:$H,'PL1.1 ML2027-2028'!$J:$J,'TH theo dich vu'!R$3,'PL1.1 ML2027-2028'!$K:$K,'TH theo dich vu'!$C13)/$D$1 -> 0 | S13: =SUMIFS('PL1.1 ML2027-2028'!$H:$H,'PL1.1 ML2027-2028'!$J:$J,"TD",'PL1.1 ML2027-2028'!$M:$M,"IP",'PL1.1 ML2027-2028'!$K:$K,'TH theo dich vu'!C13)/$D$1 -> 0.57228616 | T13: =SUMIFS('PL1.1 ML2027-2028'!$H:$H,'PL1.1 ML2027-2028'!$J:$J,"TD",'PL1.1 ML2027-2028'!$M:$M,"Mạng cáp",'PL1.1 ML2027-2028'!$K:$K,'TH theo dich vu'!C13)/$D$1 -> 0.8756884 | U13: =SUMIFS('PL1.1 ML2027-2028'!$H:$H,'PL1.1 ML2027-2028'!$J:$J,'TH theo dich vu'!U$3,'PL1.1 ML2027-2028'!$K:$K,'TH theo dich vu'!$C13)/$D$1 -> 4.62254 | V13: =SUMIFS('PL1.1 ML2027-2028'!$H:$H,'PL1.1 ML2027-2028'!$J:$J,'TH theo dich vu'!V$3,'PL1.1 ML2027-2028'!$K:$K,'TH theo dich vu'!$C13)/$D$1 -> 5.855102 | W13: =SUM(O13:V13) -> 15.802395 | X13: =SUM(O13:V13) -> 15.802395 | Z13: =D13+O13 -> 8.05566 | AA13: =E13+P13 -> 0 | AB13: =F13+Q13 -> 0 | AC13: =G13+R13 -> 0 | AD13: =H13+S13 -> 1.0426665 | AE13: =I13+T13 -> 1.6685084 | AF13: =J13+U13 -> 8.9574605 | AG13: =K13+V13 -> 12.720712 | AH13: =SUM(Z13:AG13) -> 32.445007 | AI13: =AH13/$AH$4 -> 0.1614391
A14: - | B14: 2/3/4G dung lượng | C14: DLDĐ | D14: =SUMIFS('PL1.1 ML2027-2028'!$G:$G,'PL1.1 ML2027-2028'!$J:$J,'TH theo dich vu'!$D$3,'PL1.1 ML2027-2028'!$K:$K,'TH theo dich vu'!C14)/$D$1 -> 35.433107 | E14: =SUMIFS('PL1.1 ML2027-2028'!$G:$G,'PL1.1 ML2027-2028'!$J:$J,'TH theo dich vu'!$E$3,'PL1.1 ML2027-2028'!$K:$K,'TH theo dich vu'!C14)/$D$1 -> 2.98235 | F14: =SUMIFS('PL1.1 ML2027-2028'!$G:$G,'PL1.1 ML2027-2028'!$J:$J,'TH theo dich vu'!$F$3,'PL1.1 ML2027-2028'!$K:$K,'TH theo dich vu'!C14)/$D$1 -> 0 | G14: =SUMIFS('PL1.1 ML2027-2028'!$G:$G,'PL1.1 ML2027-2028'!$J:$J,'TH theo dich vu'!$G$3,'PL1.1 ML2027-2028'!$K:$K,'TH theo dich vu'!C14)/$D$1 -> 0 | H14: =(SUMIFS('PL1.1 ML2027-2028'!$G:$G,'PL1.1 ML2027-2028'!$J:$J,"TD",'PL1.1 ML2027-2028'!$M:$M,"IP",'PL1.1 ML2027-2028'!$K:$K,'TH theo dich vu'!C27)/$D$1+SUMIFS('PL1.1 ML2027-2028'!$G:$G,'PL1.1 ML2027-2028'!$J:$J,"TD",'PL1.1 ML2027-2028'!$M:$M,"IP",'PL1.1 ML2027-2028'!$K:$K,'TH theo dich vu'!C28)/$D$1+SUMIFS('PL1.1 ML2027-2028'!$G:$G,'PL1.1 ML2027-2028'!$J:$J,"TD",'PL1.1 ML2027-2028'!$M:$M,"IP",'PL1.1 ML2027-2028'!$K:$K,'TH theo dich vu'!C14)/$D$1+SUMIFS('PL1.1 ML2027-2028'!$G:$G,'PL1.1 ML2027-2028'!$J:$J,"TD",'PL1.1 ML2027-2028'!$M:$M,"IP",'PL1.1 ML2027-2028'!$K:$K,'TH theo dich vu'!C13)/$D$1)*0.94-H13 -> 5.8669349 | I14: =(SUMIFS('PL1.1 ML2027-2028'!$G:$G,'PL1.1 ML2027-2028'!$J:$J,"TD",'PL1.1 ML2027-2028'!$M:$M,"Mạng cáp",'PL1.1 ML2027-2028'!$K:$K,'TH theo dich vu'!C27)/$D$1+SUMIFS('PL1.1 ML2027-2028'!$G:$G,'PL1.1 ML2027-2028'!$J:$J,"TD",'PL1.1 ML2027-2028'!$M:$M,"Mạng cáp",'PL1.1 ML2027-2028'!$K:$K,'TH theo dich vu'!C28)/$D$1+SUMIFS('PL1.1 ML2027-2028'!$G:$G,'PL1.1 ML2027-2028'!$J:$J,"TD",'PL1.1 ML2027-2028'!$M:$M,"Mạng cáp",'PL1.1 ML2027-2028'!$K:$K,'TH theo dich vu'!C14)/$D$1+SUMIFS('PL1.1 ML2027-2028'!$G:$G,'PL1.1 ML2027-2028'!$J:$J,"TD",'PL1.1 ML2027-2028'!$M:$M,"Mạng cáp",'PL1.1 ML2027-2028'!$K:$K,'TH theo dich vu'!C13)/$D$1)*0.94-I13 -> 3.7285612 | J14: =SUMIFS('PL1.1 ML2027-2028'!$G:$G,'PL1.1 ML2027-2028'!$J:$J,'TH theo dich vu'!$J$3,'PL1.1 ML2027-2028'!$K:$K,'TH theo dich vu'!C14)/$D$1 -> 1.521412 | K14: =SUMIFS('PL1.1 ML2027-2028'!$G:$G,'PL1.1 ML2027-2028'!$J:$J,'TH theo dich vu'!K$3,'PL1.1 ML2027-2028'!$K:$K,'TH theo dich vu'!C14)/$D$1 -> 3.7411439 | L14: =SUM(D14:K14) -> 53.273509 | M14: =SUM(D14:K14) -> 53.273509 | N14: =L14/$L$4 -> 0.48079029 | O14: =SUMIFS('PL1.1 ML2027-2028'!$H:$H,'PL1.1 ML2027-2028'!$J:$J,'TH theo dich vu'!O$3,'PL1.1 ML2027-2028'!$K:$K,'TH theo dich vu'!$C14)/$D$1 -> 20.014219 | P14: =SUMIFS('PL1.1 ML2027-2028'!$H:$H,'PL1.1 ML2027-2028'!$J:$J,'TH theo dich vu'!P$3,'PL1.1 ML2027-2028'!$K:$K,'TH theo dich vu'!$C14)/$D$1 -> 0 | Q14: =SUMIFS('PL1.1 ML2027-2028'!$H:$H,'PL1.1 ML2027-2028'!$J:$J,'TH theo dich vu'!Q$3,'PL1.1 ML2027-2028'!$K:$K,'TH theo dich vu'!$C14)/$D$1 -> 0 | R14: =SUMIFS('PL1.1 ML2027-2028'!$H:$H,'PL1.1 ML2027-2028'!$J:$J,'TH theo dich vu'!R$3,'PL1.1 ML2027-2028'!$K:$K,'TH theo dich vu'!$C14)/$D$1 -> 0 | S14: =(SUMIFS('PL1.1 ML2027-2028'!$H:$H,'PL1.1 ML2027-2028'!$J:$J,"TD",'PL1.1 ML2027-2028'!$M:$M,"IP",'PL1.1 ML2027-2028'!$K:$K,'TH theo dich vu'!C27)/$D$1+SUMIFS('PL1.1 ML2027-2028'!$H:$H,'PL1.1 ML2027-2028'!$J:$J,"TD",'PL1.1 ML2027-2028'!$M:$M,"IP",'PL1.1 ML2027-2028'!$K:$K,'TH theo dich vu'!C28)/$D$1+SUMIFS('PL1.1 ML2027-2028'!$H:$H,'PL1.1 ML2027-2028'!$J:$J,"TD",'PL1.1 ML2027-2028'!$M:$M,"IP",'PL1.1 ML2027-2028'!$K:$K,'TH theo dich vu'!C14)/$D$1+SUMIFS('PL1.1 ML2027-2028'!$H:$H,'PL1.1 ML2027-2028'!$J:$J,"TD",'PL1.1 ML2027-2028'!$M:$M,"IP",'PL1.1 ML2027-2028'!$K:$K,'TH theo dich vu'!C13)/$D$1)*0.94-S13 -> 4.012061 | T14: =(SUMIFS('PL1.1 ML2027-2028'!$H:$H,'PL1.1 ML2027-2028'!$J:$J,"TD",'PL1.1 ML2027-2028'!$M:$M,"Mạng cáp",'PL1.1 ML2027-2028'!$K:$K,'TH theo dich vu'!C27)/$D$1+SUMIFS('PL1.1 ML2027-2028'!$H:$H,'PL1.1 ML2027-2028'!$J:$J,"TD",'PL1.1 ML2027-2028'!$M:$M,"Mạng cáp",'PL1.1 ML2027-2028'!$K:$K,'TH theo dich vu'!C28)/$D$1+SUMIFS('PL1.1 ML2027-2028'!$H:$H,'PL1.1 ML2027-2028'!$J:$J,"TD",'PL1.1 ML2027-2028'!$M:$M,"Mạng cáp",'PL1.1 ML2027-2028'!$K:$K,'TH theo dich vu'!C14)/$D$1+SUMIFS('PL1.1 ML2027-2028'!$H:$H,'PL1.1 ML2027-2028'!$J:$J,"TD",'PL1.1 ML2027-2028'!$M:$M,"Mạng cáp",'PL1.1 ML2027-2028'!$K:$K,'TH theo dich vu'!C13)/$D$1)*0.94-T13 -> 1.3778962 | U14: =SUMIFS('PL1.1 ML2027-2028'!$H:$H,'PL1.1 ML2027-2028'!$J:$J,'TH theo dich vu'!U$3,'PL1.1 ML2027-2028'!$K:$K,'TH theo dich vu'!$C14)/$D$1 -> 0.5727254 | V14: =SUMIFS('PL1.1 ML2027-2028'!$H:$H,'PL1.1 ML2027-2028'!$J:$J,'TH theo dich vu'!V$3,'PL1.1 ML2027-2028'!$K:$K,'TH theo dich vu'!$C14)/$D$1 -> 0.29595936 | W14: =SUM(O14:V14) -> 26.272861 | X14: =SUM(O14:V14) -> 26.272861 | Z14: =D14+O14 -> 55.447327 | AA14: =E14+P14 -> 2.98235 | AB14: =F14+Q14 -> 0 | AC14: =G14+R14 -> 0 | AD14: =H14+S14 -> 9.8789959 | AE14: =I14+T14 -> 5.1064574 | AF14: =J14+U14 -> 2.0941374 | AG14: =K14+V14 -> 4.0371033 | AH14: =SUM(Z14:AG14) -> 79.546371 | AI14: =AH14/$AH$4 -> 0.39580496
A15: 2 | B15: Mạng BRCĐ&TH | D15: =SUBTOTAL(9,D16:D19) -> 0 | E15: =SUBTOTAL(9,E16:E19) -> 0 | F15: =SUBTOTAL(9,F16:F19) -> 1.0754468 | G15: =SUBTOTAL(9,G16:G19) -> 0 | H15: =SUBTOTAL(9,H16:H19) -> 0.40450948 | I15: =SUBTOTAL(9,I16:I19) -> 0.2885988 | J15: =SUBTOTAL(9,J16:J19) -> 0 | K15: =SUBTOTAL(9,K16:K19) -> 0 | ... M15: =SUBTOTAL(9,M16:M19) -> 1.7685551 | N15: =L15/$L$4 -> 0.015961106 | O15: =SUBTOTAL(9,O16:O19) -> 0 | P15: =SUBTOTAL(9,P16:P19) -> 0 | Q15: =SUBTOTAL(9,Q16:Q19) -> 0.43173884 | R15: =SUBTOTAL(9,R16:R19) -> 0 | S15: =SUBTOTAL(9,S16:S19) -> 0.2926179 | T15: =SUBTOTAL(9,T16:T19) -> 0.14384582 | U15: =SUBTOTAL(9,U16:U19) -> 0 | V15: =SUBTOTAL(9,V16:V19) -> 0 | ... X15: =SUBTOTAL(9,X16:X19) -> 0.86820256 | Y15: =W15/$W$4 -> 0.0096285493 | Z15: =SUBTOTAL(9,Z16:Z19) -> 0 | AA15: =SUBTOTAL(9,AA16:AA19) -> 0 | AB15: =SUBTOTAL(9,AB16:AB19) -> 1.5071857 | AC15: =SUBTOTAL(9,AC16:AC19) -> 0 | AD15: =SUBTOTAL(9,AD16:AD19) -> 0.69712738 | AE15: =SUBTOTAL(9,AE16:AE19) -> 0.43244462 | AF15: =SUBTOTAL(9,AF16:AF19) -> 0 | AG15: =SUBTOTAL(9,AG16:AG19) -> 0 | AH15: =SUBTOTAL(9,AH16:AH19) -> 2.6367577 | AI15: =AH15/$AH$4 -> 0.013119917
A16: - | B16: Vùng phủ GPON | C16: VPGPON | D16: =SUMIFS('PL1.1 ML2027-2028'!$G:$G,'PL1.1 ML2027-2028'!$J:$J,'TH theo dich vu'!$D$3,'PL1.1 ML2027-2028'!$K:$K,'TH theo dich vu'!C16)/$D$1 -> 0 | E16: =SUMIFS('PL1.1 ML2027-2028'!$G:$G,'PL1.1 ML2027-2028'!$J:$J,'TH theo dich vu'!$E$3,'PL1.1 ML2027-2028'!$K:$K,'TH theo dich vu'!C16)/$D$1 -> 0 | F16: =SUMIFS('PL1.1 ML2027-2028'!$G:$G,'PL1.1 ML2027-2028'!$J:$J,'TH theo dich vu'!$F$3,'PL1.1 ML2027-2028'!$K:$K,'TH theo dich vu'!C16)/$D$1 -> 0.77179484 | G16: =SUMIFS('PL1.1 ML2027-2028'!$G:$G,'PL1.1 ML2027-2028'!$J:$J,'TH theo dich vu'!$G$3,'PL1.1 ML2027-2028'!$K:$K,'TH theo dich vu'!C16)/$D$1 -> 0 | H16: =SUMIFS('PL1.1 ML2027-2028'!$G:$G,'PL1.1 ML2027-2028'!$J:$J,"TD",'PL1.1 ML2027-2028'!$M:$M,"IP",'PL1.1 ML2027-2028'!$K:$K,'TH theo dich vu'!C16)/$D$1 -> 0 | I16: =SUMIFS('PL1.1 ML2027-2028'!$G:$G,'PL1.1 ML2027-2028'!$J:$J,"TD",'PL1.1 ML2027-2028'!$M:$M,"Mạng cáp",'PL1.1 ML2027-2028'!$K:$K,'TH theo dich vu'!C16)/$D$1 -> 0 | J16: =SUMIFS('PL1.1 ML2027-2028'!$G:$G,'PL1.1 ML2027-2028'!$J:$J,'TH theo dich vu'!$J$3,'PL1.1 ML2027-2028'!$K:$K,'TH theo dich vu'!C16)/$D$1 -> 0 | K16: =SUMIFS('PL1.1 ML2027-2028'!$G:$G,'PL1.1 ML2027-2028'!$J:$J,'TH theo dich vu'!K$3,'PL1.1 ML2027-2028'!$K:$K,'TH theo dich vu'!C16)/$D$1 -> 0 | L16: =SUM(D16:K16) -> 0.77179484 | M16: =SUM(D16:K16) -> 0.77179484 | N16: =L16/$L$4 -> 0.006965403 | O16: =SUMIFS('PL1.1 ML2027-2028'!$H:$H,'PL1.1 ML2027-2028'!$J:$J,'TH theo dich vu'!O$3,'PL1.1 ML2027-2028'!$K:$K,'TH theo dich vu'!$C16)/$D$1 -> 0 | P16: =SUMIFS('PL1.1 ML2027-2028'!$H:$H,'PL1.1 ML2027-2028'!$J:$J,'TH theo dich vu'!P$3,'PL1.1 ML2027-2028'!$K:$K,'TH theo dich vu'!$C16)/$D$1 -> 0 | Q16: =SUMIFS('PL1.1 ML2027-2028'!$H:$H,'PL1.1 ML2027-2028'!$J:$J,'TH theo dich vu'!Q$3,'PL1.1 ML2027-2028'!$K:$K,'TH theo dich vu'!$C16)/$D$1 -> 0.17173884 | R16: =SUMIFS('PL1.1 ML2027-2028'!$H:$H,'PL1.1 ML2027-2028'!$J:$J,'TH theo dich vu'!R$3,'PL1.1 ML2027-2028'!$K:$K,'TH theo dich vu'!$C16)/$D$1 -> 0 | S16: =SUMIFS('PL1.1 ML2027-2028'!$H:$H,'PL1.1 ML2027-2028'!$J:$J,"TD",'PL1.1 ML2027-2028'!$M:$M,"IP",'PL1.1 ML2027-2028'!$K:$K,'TH theo dich vu'!C16)/$D$1 -> 0 | T16: =SUMIFS('PL1.1 ML2027-2028'!$H:$H,'PL1.1 ML2027-2028'!$J:$J,"TD",'PL1.1 ML2027-2028'!$M:$M,"Mạng cáp",'PL1.1 ML2027-2028'!$K:$K,'TH theo dich vu'!C16)/$D$1 -> 0 | U16: =SUMIFS('PL1.1 ML2027-2028'!$H:$H,'PL1.1 ML2027-2028'!$J:$J,'TH theo dich vu'!U$3,'PL1.1 ML2027-2028'!$K:$K,'TH theo dich vu'!$C16)/$D$1 -> 0 | V16: =SUMIFS('PL1.1 ML2027-2028'!$H:$H,'PL1.1 ML2027-2028'!$J:$J,'TH theo dich vu'!V$3,'PL1.1 ML2027-2028'!$K:$K,'TH theo dich vu'!$C16)/$D$1 -> 0 | W16: =SUM(O16:V16) -> 0.17173884 | X16: =SUM(O16:V16) -> 0.17173884 | Z16: =D16+O16 -> 0 | AA16: =E16+P16 -> 0 | AB16: =F16+Q16 -> 0.94353368 | AC16: =G16+R16 -> 0 | AD16: =H16+S16 -> 0 | AE16: =I16+T16 -> 0 | AF16: =J16+U16 -> 0 | AG16: =K16+V16 -> 0 | AH16: =SUM(Z16:AG16) -> 0.94353368 | AI16: =AH16/$AH$4 -> 0.0046948126 | AL16: 1
A17: - | B17: Dung lượng Internet | C17: DLGPON | D17: =SUMIFS('PL1.1 ML2027-2028'!$G:$G,'PL1.1 ML2027-2028'!$J:$J,'TH theo dich vu'!$D$3,'PL1.1 ML2027-2028'!$K:$K,'TH theo dich vu'!C17)/$D$1 -> 0 | E17: =SUMIFS('PL1.1 ML2027-2028'!$G:$G,'PL1.1 ML2027-2028'!$J:$J,'TH theo dich vu'!$E$3,'PL1.1 ML2027-2028'!$K:$K,'TH theo dich vu'!C17)/$D$1 -> 0 | F17: =SUMIFS('PL1.1 ML2027-2028'!$G:$G,'PL1.1 ML2027-2028'!$J:$J,'TH theo dich vu'!$F$3,'PL1.1 ML2027-2028'!$K:$K,'TH theo dich vu'!C17)/$D$1 -> 0.303652 | G17: =SUMIFS('PL1.1 ML2027-2028'!$G:$G,'PL1.1 ML2027-2028'!$J:$J,'TH theo dich vu'!$G$3,'PL1.1 ML2027-2028'!$K:$K,'TH theo dich vu'!C17)/$D$1 -> 0 | H17: =(SUMIFS('PL1.1 ML2027-2028'!$G:$G,'PL1.1 ML2027-2028'!$J:$J,"TD",'PL1.1 ML2027-2028'!$M:$M,"IP",'PL1.1 ML2027-2028'!$K:$K,'TH theo dich vu'!C27)/$D$1+SUMIFS('PL1.1 ML2027-2028'!$G:$G,'PL1.1 ML2027-2028'!$J:$J,"TD",'PL1.1 ML2027-2028'!$M:$M,"IP",'PL1.1 ML2027-2028'!$K:$K,'TH theo dich vu'!C28)/$D$1+SUMIFS('PL1.1 ML2027-2028'!$G:$G,'PL1.1 ML2027-2028'!$J:$J,"TD",'PL1.1 ML2027-2028'!$M:$M,"IP",'PL1.1 ML2027-2028'!$K:$K,'TH theo dich vu'!C14)/$D$1+SUMIFS('PL1.1 ML2027-2028'!$G:$G,'PL1.1 ML2027-2028'!$J:$J,"TD",'PL1.1 ML2027-2028'!$M:$M,"IP",'PL1.1 ML2027-2028'!$K:$K,'TH theo dich vu'!C13)/$D$1)*0.06 -> 0.40450948 | I17: =(SUMIFS('PL1.1 ML2027-2028'!$G:$G,'PL1.1 ML2027-2028'!$J:$J,"TD",'PL1.1 ML2027-2028'!$M:$M,"Mạng cáp",'PL1.1 ML2027-2028'!$K:$K,'TH theo dich vu'!C27)/$D$1+SUMIFS('PL1.1 ML2027-2028'!$G:$G,'PL1.1 ML2027-2028'!$J:$J,"TD",'PL1.1 ML2027-2028'!$M:$M,"Mạng cáp",'PL1.1 ML2027-2028'!$K:$K,'TH theo dich vu'!C28)/$D$1+SUMIFS('PL1.1 ML2027-2028'!$G:$G,'PL1.1 ML2027-2028'!$J:$J,"TD",'PL1.1 ML2027-2028'!$M:$M,"Mạng cáp",'PL1.1 ML2027-2028'!$K:$K,'TH theo dich vu'!C14)/$D$1+SUMIFS('PL1.1 ML2027-2028'!$G:$G,'PL1.1 ML2027-2028'!$J:$J,"TD",'PL1.1 ML2027-2028'!$M:$M,"Mạng cáp",'PL1.1 ML2027-2028'!$K:$K,'TH theo dich vu'!C13)/$D$1)*0.06 -> 0.2885988 | J17: =SUMIFS('PL1.1 ML2027-2028'!$G:$G,'PL1.1 ML2027-2028'!$J:$J,'TH theo dich vu'!$J$3,'PL1.1 ML2027-2028'!$K:$K,'TH theo dich vu'!C17)/$D$1 -> 0 | K17: =SUMIFS('PL1.1 ML2027-2028'!$G:$G,'PL1.1 ML2027-2028'!$J:$J,'TH theo dich vu'!K$3,'PL1.1 ML2027-2028'!$K:$K,'TH theo dich vu'!C17)/$D$1 -> 0 | L17: =SUM(D17:K17) -> 0.99676028 | M17: =SUM(D17:K17) -> 0.99676028 | N17: =L17/$L$4 -> 0.0089957029 | O17: =SUMIFS('PL1.1 ML2027-2028'!$H:$H,'PL1.1 ML2027-2028'!$J:$J,'TH theo dich vu'!O$3,'PL1.1 ML2027-2028'!$K:$K,'TH theo dich vu'!$C17)/$D$1 -> 0 | P17: =SUMIFS('PL1.1 ML2027-2028'!$H:$H,'PL1.1 ML2027-2028'!$J:$J,'TH theo dich vu'!P$3,'PL1.1 ML2027-2028'!$K:$K,'TH theo dich vu'!$C17)/$D$1 -> 0 | Q17: =SUMIFS('PL1.1 ML2027-2028'!$H:$H,'PL1.1 ML2027-2028'!$J:$J,'TH theo dich vu'!Q$3,'PL1.1 ML2027-2028'!$K:$K,'TH theo dich vu'!$C17)/$D$1 -> 0.26 | R17: =SUMIFS('PL1.1 ML2027-2028'!$H:$H,'PL1.1 ML2027-2028'!$J:$J,'TH theo dich vu'!R$3,'PL1.1 ML2027-2028'!$K:$K,'TH theo dich vu'!$C17)/$D$1 -> 0 | S17: =(SUMIFS('PL1.1 ML2027-2028'!$H:$H,'PL1.1 ML2027-2028'!$J:$J,"TD",'PL1.1 ML2027-2028'!$M:$M,"IP",'PL1.1 ML2027-2028'!$K:$K,'TH theo dich vu'!C27)/$D$1+SUMIFS('PL1.1 ML2027-2028'!$H:$H,'PL1.1 ML2027-2028'!$J:$J,"TD",'PL1.1 ML2027-2028'!$M:$M,"IP",'PL1.1 ML2027-2028'!$K:$K,'TH theo dich vu'!C28)/$D$1+SUMIFS('PL1.1 ML2027-2028'!$H:$H,'PL1.1 ML2027-2028'!$J:$J,"TD",'PL1.1 ML2027-2028'!$M:$M,"IP",'PL1.1 ML2027-2028'!$K:$K,'TH theo dich vu'!C14)/$D$1+SUMIFS('PL1.1 ML2027-2028'!$H:$H,'PL1.1 ML2027-2028'!$J:$J,"TD",'PL1.1 ML2027-2028'!$M:$M,"IP",'PL1.1 ML2027-2028'!$K:$K,'TH theo dich vu'!C13)/$D$1)*0.06 -> 0.2926179 | T17: =(SUMIFS('PL1.1 ML2027-2028'!$H:$H,'PL1.1 ML2027-2028'!$J:$J,"TD",'PL1.1 ML2027-2028'!$M:$M,"Mạng cáp",'PL1.1 ML2027-2028'!$K:$K,'TH theo dich vu'!C27)/$D$1+SUMIFS('PL1.1 ML2027-2028'!$H:$H,'PL1.1 ML2027-2028'!$J:$J,"TD",'PL1.1 ML2027-2028'!$M:$M,"Mạng cáp",'PL1.1 ML2027-2028'!$K:$K,'TH theo dich vu'!C28)/$D$1+SUMIFS('PL1.1 ML2027-2028'!$H:$H,'PL1.1 ML2027-2028'!$J:$J,"TD",'PL1.1 ML2027-2028'!$M:$M,"Mạng cáp",'PL1.1 ML2027-2028'!$K:$K,'TH theo dich vu'!C14)/$D$1+SUMIFS('PL1.1 ML2027-2028'!$H:$H,'PL1.1 ML2027-2028'!$J:$J,"TD",'PL1.1 ML2027-2028'!$M:$M,"Mạng cáp",'PL1.1 ML2027-2028'!$K:$K,'TH theo dich vu'!C13)/$D$1)*0.06 -> 0.14384582 | U17: =SUMIFS('PL1.1 ML2027-2028'!$H:$H,'PL1.1 ML2027-2028'!$J:$J,'TH theo dich vu'!U$3,'PL1.1 ML2027-2028'!$K:$K,'TH theo dich vu'!$C17)/$D$1 -> 0 | V17: =SUMIFS('PL1.1 ML2027-2028'!$H:$H,'PL1.1 ML2027-2028'!$J:$J,'TH theo dich vu'!V$3,'PL1.1 ML2027-2028'!$K:$K,'TH theo dich vu'!$C17)/$D$1 -> 0 | W17: =SUM(O17:V17) -> 0.69646372 | X17: =SUM(O17:V17) -> 0.69646372 | Z17: =D17+O17 -> 0 | AA17: =E17+P17 -> 0 | AB17: =F17+Q17 -> 0.563652 | AC17: =G17+R17 -> 0 | AD17: =H17+S17 -> 0.69712738 | AE17: =I17+T17 -> 0.43244462 | AF17: =J17+U17 -> 0 | AG17: =K17+V17 -> 0 | AH17: =SUM(Z17:AG17) -> 1.693224 | AI17: =AH17/$AH$4 -> 0.0084251041 | AL17: 1
A18: - | B18: Dung lượng Truyền hình | C18: TH | D18: =SUMIFS('PL1.1 ML2027-2028'!$G:$G,'PL1.1 ML2027-2028'!$J:$J,'TH theo dich vu'!$D$3,'PL1.1 ML2027-2028'!$K:$K,'TH theo dich vu'!C18)/$D$1 -> 0 | E18: =SUMIFS('PL1.1 ML2027-2028'!$G:$G,'PL1.1 ML2027-2028'!$J:$J,'TH theo dich vu'!$E$3,'PL1.1 ML2027-2028'!$K:$K,'TH theo dich vu'!C18)/$D$1 -> 0 | F18: =SUMIFS('PL1.1 ML2027-2028'!$G:$G,'PL1.1 ML2027-2028'!$J:$J,'TH theo dich vu'!$F$3,'PL1.1 ML2027-2028'!$K:$K,'TH theo dich vu'!C18)/$D$1 -> 0 | G18: =SUMIFS('PL1.1 ML2027-2028'!$G:$G,'PL1.1 ML2027-2028'!$J:$J,'TH theo dich vu'!$G$3,'PL1.1 ML2027-2028'!$K:$K,'TH theo dich vu'!C18)/$D$1 -> 0 | H18: =SUMIFS('PL1.1 ML2027-2028'!$G:$G,'PL1.1 ML2027-2028'!$J:$J,"TD",'PL1.1 ML2027-2028'!$M:$M,"IP",'PL1.1 ML2027-2028'!$K:$K,'TH theo dich vu'!C18)/$D$1 -> 0 | I18: =SUMIFS('PL1.1 ML2027-2028'!$G:$G,'PL1.1 ML2027-2028'!$J:$J,"TD",'PL1.1 ML2027-2028'!$M:$M,"Mạng cáp",'PL1.1 ML2027-2028'!$K:$K,'TH theo dich vu'!C18)/$D$1 -> 0 | J18: =SUMIFS('PL1.1 ML2027-2028'!$G:$G,'PL1.1 ML2027-2028'!$J:$J,'TH theo dich vu'!$J$3,'PL1.1 ML2027-2028'!$K:$K,'TH theo dich vu'!C18)/$D$1 -> 0 | K18: =SUMIFS('PL1.1 ML2027-2028'!$G:$G,'PL1.1 ML2027-2028'!$J:$J,'TH theo dich vu'!K$3,'PL1.1 ML2027-2028'!$K:$K,'TH theo dich vu'!C18)/$D$1 -> 0 | L18: =SUM(D18:J18) -> 0 | M18: =SUM(D18:K18) -> 0 | N18: =L18/$L$4 -> 0 | O18: =SUMIFS('PL1.1 ML2027-2028'!$H:$H,'PL1.1 ML2027-2028'!$J:$J,'TH theo dich vu'!O$3,'PL1.1 ML2027-2028'!$K:$K,'TH theo dich vu'!$C18)/$D$1 -> 0 | P18: =SUMIFS('PL1.1 ML2027-2028'!$H:$H,'PL1.1 ML2027-2028'!$J:$J,'TH theo dich vu'!P$3,'PL1.1 ML2027-2028'!$K:$K,'TH theo dich vu'!$C18)/$D$1 -> 0 | Q18: =SUMIFS('PL1.1 ML2027-2028'!$H:$H,'PL1.1 ML2027-2028'!$J:$J,'TH theo dich vu'!Q$3,'PL1.1 ML2027-2028'!$K:$K,'TH theo dich vu'!$C18)/$D$1 -> 0 | R18: =SUMIFS('PL1.1 ML2027-2028'!$H:$H,'PL1.1 ML2027-2028'!$J:$J,'TH theo dich vu'!R$3,'PL1.1 ML2027-2028'!$K:$K,'TH theo dich vu'!$C18)/$D$1 -> 0 | S18: =SUMIFS('PL1.1 ML2027-2028'!$H:$H,'PL1.1 ML2027-2028'!$J:$J,"TD",'PL1.1 ML2027-2028'!$M:$M,"IP",'PL1.1 ML2027-2028'!$K:$K,'TH theo dich vu'!C18)/$D$1 -> 0 | T18: =SUMIFS('PL1.1 ML2027-2028'!$H:$H,'PL1.1 ML2027-2028'!$J:$J,"TD",'PL1.1 ML2027-2028'!$M:$M,"Mạng cáp",'PL1.1 ML2027-2028'!$K:$K,'TH theo dich vu'!C18)/$D$1 -> 0 | U18: =SUMIFS('PL1.1 ML2027-2028'!$H:$H,'PL1.1 ML2027-2028'!$J:$J,'TH theo dich vu'!U$3,'PL1.1 ML2027-2028'!$K:$K,'TH theo dich vu'!$C18)/$D$1 -> 0 | V18: =SUMIFS('PL1.1 ML2027-2028'!$H:$H,'PL1.1 ML2027-2028'!$J:$J,'TH theo dich vu'!V$3,'PL1.1 ML2027-2028'!$K:$K,'TH theo dich vu'!$C18)/$D$1 -> 0 | W18: =SUM(O18:U18) -> 0 | X18: =SUM(O18:V18) -> 0 | Z18: =D18+O18 -> 0 | AA18: =E18+P18 -> 0 | AB18: =F18+Q18 -> 0 | AC18: =G18+R18 -> 0 | AD18: =H18+S18 -> 0 | AE18: =I18+T18 -> 0 | AF18: =J18+U18 -> 0 | AG18: =K18+V18 -> 0 | AH18: =SUM(Z18:AG18) -> 0 | AI18: =AH18/$AH$4 -> 0 | AM18: 1
A19: - | B19: Kênh truyền | C19: KT | D19: =SUMIFS('PL1.1 ML2027-2028'!$G:$G,'PL1.1 ML2027-2028'!$J:$J,'TH theo dich vu'!$D$3,'PL1.1 ML2027-2028'!$K:$K,'TH theo dich vu'!C19)/$D$1 -> 0 | E19: =SUMIFS('PL1.1 ML2027-2028'!$G:$G,'PL1.1 ML2027-2028'!$J:$J,'TH theo dich vu'!$E$3,'PL1.1 ML2027-2028'!$K:$K,'TH theo dich vu'!C19)/$D$1 -> 0 | F19: =SUMIFS('PL1.1 ML2027-2028'!$G:$G,'PL1.1 ML2027-2028'!$J:$J,'TH theo dich vu'!$F$3,'PL1.1 ML2027-2028'!$K:$K,'TH theo dich vu'!C19)/$D$1 -> 0 | G19: =SUMIFS('PL1.1 ML2027-2028'!$G:$G,'PL1.1 ML2027-2028'!$J:$J,'TH theo dich vu'!$G$3,'PL1.1 ML2027-2028'!$K:$K,'TH theo dich vu'!C19)/$D$1 -> 0 | H19: =SUMIFS('PL1.1 ML2027-2028'!$G:$G,'PL1.1 ML2027-2028'!$J:$J,"TD",'PL1.1 ML2027-2028'!$M:$M,"IP",'PL1.1 ML2027-2028'!$K:$K,'TH theo dich vu'!C19)/$D$1 -> 0 | I19: =SUMIFS('PL1.1 ML2027-2028'!$G:$G,'PL1.1 ML2027-2028'!$J:$J,"TD",'PL1.1 ML2027-2028'!$M:$M,"Mạng cáp",'PL1.1 ML2027-2028'!$K:$K,'TH theo dich vu'!C19)/$D$1 -> 0 | J19: =SUMIFS('PL1.1 ML2027-2028'!$G:$G,'PL1.1 ML2027-2028'!$J:$J,'TH theo dich vu'!$J$3,'PL1.1 ML2027-2028'!$K:$K,'TH theo dich vu'!C19)/$D$1 -> 0 | K19: =SUMIFS('PL1.1 ML2027-2028'!$G:$G,'PL1.1 ML2027-2028'!$J:$J,'TH theo dich vu'!K$3,'PL1.1 ML2027-2028'!$K:$K,'TH theo dich vu'!C19)/$D$1 -> 0 | L19: =SUM(D19:J19) -> 0 | M19: =SUM(D19:K19) -> 0 | N19: =L19/$L$4 -> 0 | O19: =SUMIFS('PL1.1 ML2027-2028'!$H:$H,'PL1.1 ML2027-2028'!$J:$J,'TH theo dich vu'!O$3,'PL1.1 ML2027-2028'!$K:$K,'TH theo dich vu'!$C19)/$D$1 -> 0 | P19: =SUMIFS('PL1.1 ML2027-2028'!$H:$H,'PL1.1 ML2027-2028'!$J:$J,'TH theo dich vu'!P$3,'PL1.1 ML2027-2028'!$K:$K,'TH theo dich vu'!$C19)/$D$1 -> 0 | Q19: =SUMIFS('PL1.1 ML2027-2028'!$H:$H,'PL1.1 ML2027-2028'!$J:$J,'TH theo dich vu'!Q$3,'PL1.1 ML2027-2028'!$K:$K,'TH theo dich vu'!$C19)/$D$1 -> 0 | R19: =SUMIFS('PL1.1 ML2027-2028'!$H:$H,'PL1.1 ML2027-2028'!$J:$J,'TH theo dich vu'!R$3,'PL1.1 ML2027-2028'!$K:$K,'TH theo dich vu'!$C19)/$D$1 -> 0 | S19: =SUMIFS('PL1.1 ML2027-2028'!$H:$H,'PL1.1 ML2027-2028'!$J:$J,"TD",'PL1.1 ML2027-2028'!$M:$M,"IP",'PL1.1 ML2027-2028'!$K:$K,'TH theo dich vu'!C19)/$D$1 -> 0 | T19: =SUMIFS('PL1.1 ML2027-2028'!$H:$H,'PL1.1 ML2027-2028'!$J:$J,"TD",'PL1.1 ML2027-2028'!$M:$M,"Mạng cáp",'PL1.1 ML2027-2028'!$K:$K,'TH theo dich vu'!C19)/$D$1 -> 0 | U19: =SUMIFS('PL1.1 ML2027-2028'!$H:$H,'PL1.1 ML2027-2028'!$J:$J,'TH theo dich vu'!U$3,'PL1.1 ML2027-2028'!$K:$K,'TH theo dich vu'!$C19)/$D$1 -> 0 | V19: =SUMIFS('PL1.1 ML2027-2028'!$H:$H,'PL1.1 ML2027-2028'!$J:$J,'TH theo dich vu'!V$3,'PL1.1 ML2027-2028'!$K:$K,'TH theo dich vu'!$C19)/$D$1 -> 0 | W19: =SUM(O19:U19) -> 0 | X19: =SUM(O19:V19) -> 0 | Z19: =D19+O19 -> 0 | AA19: =E19+P19 -> 0 | AB19: =F19+Q19 -> 0 | AC19: =G19+R19 -> 0 | AD19: =H19+S19 -> 0 | AE19: =I19+T19 -> 0 | AF19: =J19+U19 -> 0 | AG19: =K19+V19 -> 0 | AH19: =SUM(Z19:AG19) -> 0 | AI19: =AH19/$AH$4 -> 0 | AL19: 1
A20: 3 | B20: Phục vụ kinh doanh Cloud | C20: Cloud_KD | D20: =SUMIFS('PL1.1 ML2027-2028'!$G:$G,'PL1.1 ML2027-2028'!$J:$J,'TH theo dich vu'!$D$3,'PL1.1 ML2027-2028'!$K:$K,'TH theo dich vu'!C20)/$D$1 -> 0 | E20: =SUMIFS('PL1.1 ML2027-2028'!$G:$G,'PL1.1 ML2027-2028'!$J:$J,'TH theo dich vu'!$E$3,'PL1.1 ML2027-2028'!$K:$K,'TH theo dich vu'!C20)/$D$1 -> 0 | F20: =SUMIFS('PL1.1 ML2027-2028'!$G:$G,'PL1.1 ML2027-2028'!$J:$J,'TH theo dich vu'!$F$3,'PL1.1 ML2027-2028'!$K:$K,'TH theo dich vu'!C20)/$D$1 -> 0 | G20: =SUMIFS('PL1.1 ML2027-2028'!$G:$G,'PL1.1 ML2027-2028'!$J:$J,'TH theo dich vu'!$G$3,'PL1.1 ML2027-2028'!$K:$K,'TH theo dich vu'!C20)/$D$1 -> 0 | H20: =SUMIFS('PL1.1 ML2027-2028'!$G:$G,'PL1.1 ML2027-2028'!$J:$J,"TD",'PL1.1 ML2027-2028'!$M:$M,"IP",'PL1.1 ML2027-2028'!$K:$K,'TH theo dich vu'!C20)/$D$1 -> 0 | I20: =SUMIFS('PL1.1 ML2027-2028'!$G:$G,'PL1.1 ML2027-2028'!$J:$J,"TD",'PL1.1 ML2027-2028'!$M:$M,"Mạng cáp",'PL1.1 ML2027-2028'!$K:$K,'TH theo dich vu'!C20)/$D$1 -> 0 | J20: =SUMIFS('PL1.1 ML2027-2028'!$G:$G,'PL1.1 ML2027-2028'!$J:$J,'TH theo dich vu'!$J$3,'PL1.1 ML2027-2028'!$K:$K,'TH theo dich vu'!C20)/$D$1 -> 0 | K20: =SUMIFS('PL1.1 ML2027-2028'!$G:$G,'PL1.1 ML2027-2028'!$J:$J,'TH theo dich vu'!$J$3,'PL1.1 ML2027-2028'!$K:$K,'TH theo dich vu'!D20)/$D$1 -> 0 | L20: =SUM(D20:J20) -> 0 | M20: =SUM(D20:K20) -> 0 | N20: =L20/$L$4 -> 0 | O20: =SUMIFS('PL1.1 ML2027-2028'!$H:$H,'PL1.1 ML2027-2028'!$J:$J,'TH theo dich vu'!O$3,'PL1.1 ML2027-2028'!$K:$K,'TH theo dich vu'!$C20)/$D$1 -> 0 | P20: =SUMIFS('PL1.1 ML2027-2028'!$H:$H,'PL1.1 ML2027-2028'!$J:$J,'TH theo dich vu'!P$3,'PL1.1 ML2027-2028'!$K:$K,'TH theo dich vu'!$C20)/$D$1 -> 0 | Q20: =SUMIFS('PL1.1 ML2027-2028'!$H:$H,'PL1.1 ML2027-2028'!$J:$J,'TH theo dich vu'!Q$3,'PL1.1 ML2027-2028'!$K:$K,'TH theo dich vu'!$C20)/$D$1 -> 0 | R20: =SUMIFS('PL1.1 ML2027-2028'!$H:$H,'PL1.1 ML2027-2028'!$J:$J,'TH theo dich vu'!R$3,'PL1.1 ML2027-2028'!$K:$K,'TH theo dich vu'!$C20)/$D$1 -> 0 | S20: =SUMIFS('PL1.1 ML2027-2028'!$H:$H,'PL1.1 ML2027-2028'!$J:$J,"TD",'PL1.1 ML2027-2028'!$M:$M,"IP",'PL1.1 ML2027-2028'!$K:$K,'TH theo dich vu'!C20)/$D$1 -> 0 | T20: =SUMIFS('PL1.1 ML2027-2028'!$H:$H,'PL1.1 ML2027-2028'!$J:$J,"TD",'PL1.1 ML2027-2028'!$M:$M,"Mạng cáp",'PL1.1 ML2027-2028'!$K:$K,'TH theo dich vu'!C20)/$D$1 -> 0 | U20: =SUMIFS('PL1.1 ML2027-2028'!$H:$H,'PL1.1 ML2027-2028'!$J:$J,'TH theo dich vu'!U$3,'PL1.1 ML2027-2028'!$K:$K,'TH theo dich vu'!$C20)/$D$1 -> 0 | V20: =SUMIFS('PL1.1 ML2027-2028'!$G:$G,'PL1.1 ML2027-2028'!$J:$J,'TH theo dich vu'!$J$3,'PL1.1 ML2027-2028'!$K:$K,'TH theo dich vu'!O20)/$D$1 -> 0 | W20: =SUM(O20:U20) -> 0 | X20: =SUM(O20:V20) -> 0 | Z20: =D20+O20 -> 0 | AA20: =E20+P20 -> 0 | AB20: =F20+Q20 -> 0 | AC20: =G20+R20 -> 0 | AD20: =H20+S20 -> 0 | AE20: =I20+T20 -> 0 | AF20: =J20+U20 -> 0 | AG20: =K20+V20 -> 0 | AH20: =SUM(Z20:AG20) -> 0 | AI20: =AH20/$AH$4 -> 0 | AO20: 1
A21: 4 | B21: Data Center | C21: DC | D21: =SUMIFS('PL1.1 ML2027-2028'!$G:$G,'PL1.1 ML2027-2028'!$J:$J,'TH theo dich vu'!$D$3,'PL1.1 ML2027-2028'!$K:$K,'TH theo dich vu'!C21)/$D$1 -> 0 | E21: =SUMIFS('PL1.1 ML2027-2028'!$G:$G,'PL1.1 ML2027-2028'!$J:$J,'TH theo dich vu'!$E$3,'PL1.1 ML2027-2028'!$K:$K,'TH theo dich vu'!C21)/$D$1 -> 0 | F21: =SUMIFS('PL1.1 ML2027-2028'!$G:$G,'PL1.1 ML2027-2028'!$J:$J,'TH theo dich vu'!$F$3,'PL1.1 ML2027-2028'!$K:$K,'TH theo dich vu'!C21)/$D$1 -> 0 | G21: =SUMIFS('PL1.1 ML2027-2028'!$G:$G,'PL1.1 ML2027-2028'!$J:$J,'TH theo dich vu'!$G$3,'PL1.1 ML2027-2028'!$K:$K,'TH theo dich vu'!C21)/$D$1 -> 0 | H21: =SUMIFS('PL1.1 ML2027-2028'!$G:$G,'PL1.1 ML2027-2028'!$J:$J,"TD",'PL1.1 ML2027-2028'!$M:$M,"IP",'PL1.1 ML2027-2028'!$K:$K,'TH theo dich vu'!C21)/$D$1 -> 1.75712 | I21: =SUMIFS('PL1.1 ML2027-2028'!$G:$G,'PL1.1 ML2027-2028'!$J:$J,"TD",'PL1.1 ML2027-2028'!$M:$M,"Mạng cáp",'PL1.1 ML2027-2028'!$K:$K,'TH theo dich vu'!C21)/$D$1 -> 0.63 | J21: =SUMIFS('PL1.1 ML2027-2028'!$G:$G,'PL1.1 ML2027-2028'!$J:$J,'TH theo dich vu'!$J$3,'PL1.1 ML2027-2028'!$K:$K,'TH theo dich vu'!C21)/$D$1 -> 0 | K21: =SUMIFS('PL1.1 ML2027-2028'!$G:$G,'PL1.1 ML2027-2028'!$J:$J,'TH theo dich vu'!$J$3,'PL1.1 ML2027-2028'!$K:$K,'TH theo dich vu'!D21)/$D$1 -> 0 | L21: =SUM(D21:J21) -> 2.38712 | M21: =SUM(D21:K21) -> 2.38712 | N21: =L21/$L$4 -> 0.021543617 | O21: =SUMIFS('PL1.1 ML2027-2028'!$H:$H,'PL1.1 ML2027-2028'!$J:$J,'TH theo dich vu'!O$3,'PL1.1 ML2027-2028'!$K:$K,'TH theo dich vu'!$C21)/$D$1 -> 0 | P21: =SUMIFS('PL1.1 ML2027-2028'!$H:$H,'PL1.1 ML2027-2028'!$J:$J,'TH theo dich vu'!P$3,'PL1.1 ML2027-2028'!$K:$K,'TH theo dich vu'!$C21)/$D$1 -> 0 | Q21: =SUMIFS('PL1.1 ML2027-2028'!$H:$H,'PL1.1 ML2027-2028'!$J:$J,'TH theo dich vu'!Q$3,'PL1.1 ML2027-2028'!$K:$K,'TH theo dich vu'!$C21)/$D$1 -> 0 | R21: =SUMIFS('PL1.1 ML2027-2028'!$H:$H,'PL1.1 ML2027-2028'!$J:$J,'TH theo dich vu'!R$3,'PL1.1 ML2027-2028'!$K:$K,'TH theo dich vu'!$C21)/$D$1 -> 0 | S21: =SUMIFS('PL1.1 ML2027-2028'!$H:$H,'PL1.1 ML2027-2028'!$J:$J,"TD",'PL1.1 ML2027-2028'!$M:$M,"IP",'PL1.1 ML2027-2028'!$K:$K,'TH theo dich vu'!C21)/$D$1 -> 0.001415 | T21: =SUMIFS('PL1.1 ML2027-2028'!$H:$H,'PL1.1 ML2027-2028'!$J:$J,"TD",'PL1.1 ML2027-2028'!$M:$M,"Mạng cáp",'PL1.1 ML2027-2028'!$K:$K,'TH theo dich vu'!C21)/$D$1 -> 0 | U21: =SUMIFS('PL1.1 ML2027-2028'!$H:$H,'PL1.1 ML2027-2028'!$J:$J,'TH theo dich vu'!U$3,'PL1.1 ML2027-2028'!$K:$K,'TH theo dich vu'!$C21)/$D$1 -> 0 | V21: =SUMIFS('PL1.1 ML2027-2028'!$G:$G,'PL1.1 ML2027-2028'!$J:$J,'TH theo dich vu'!$J$3,'PL1.1 ML2027-2028'!$K:$K,'TH theo dich vu'!O21)/$D$1 -> 0 | W21: =SUM(O21:U21) -> 0.001415 | X21: =SUM(O21:V21) -> 0.001415 | Z21: =D21+O21 -> 0 | AA21: =E21+P21 -> 0 | AB21: =F21+Q21 -> 0 | AC21: =G21+R21 -> 0 | AD21: =H21+S21 -> 1.758535 | AE21: =I21+T21 -> 0.63 | AF21: =J21+U21 -> 0 | AG21: =K21+V21 -> 0 | AH21: =SUM(Z21:AG21) -> 2.388535 | AI21: =AH21/$AH$4 -> 0.011884816 | AJ21: =20%*80% -> 0.16 | AM21: =20%*20% -> 0.04 | AN21: 0.8
A22: 5 | B22: Triển khai hạ tầng CNTT | D22: =SUBTOTAL(9,D23:D25) -> 0 | E22: =SUBTOTAL(9,E23:E25) -> 0 | F22: =SUBTOTAL(9,F23:F25) -> 0 | G22: =SUBTOTAL(9,G23:G25) -> 15.582282 | H22: =SUBTOTAL(9,H23:H25) -> 0 | I22: =SUBTOTAL(9,I23:I25) -> 0 | J22: =SUBTOTAL(9,J23:J25) -> 0 | K22: =SUBTOTAL(9,K23:K25) -> 0 | ... M22: =SUBTOTAL(9,M23:M25) -> 15.582282 | N22: =L22/$L$4 -> 0.14062918 | O22: =SUBTOTAL(9,O23:O25) -> 0 | P22: =SUBTOTAL(9,P23:P25) -> 0 | Q22: =SUBTOTAL(9,Q23:Q25) -> 0 | R22: =SUBTOTAL(9,R23:R25) -> 17.900934 | S22: =SUBTOTAL(9,S23:S25) -> 0 | T22: =SUBTOTAL(9,T23:T25) -> 0 | U22: =SUBTOTAL(9,U23:U25) -> 0 | V22: =SUBTOTAL(9,V23:V25) -> 0 | ... X22: =SUBTOTAL(9,X23:X25) -> 17.900934 | Y22: =W22/$W$4 -> 0.19852513 | Z22: =SUBTOTAL(9,Z23:Z25) -> 0 | AA22: =SUBTOTAL(9,AA23:AA25) -> 0 | AB22: =SUBTOTAL(9,AB23:AB25) -> 0 | AC22: =SUBTOTAL(9,AC23:AC25) -> 33.483216 | AD22: =SUBTOTAL(9,AD23:AD25) -> 0 | AE22: =SUBTOTAL(9,AE23:AE25) -> 0 | AF22: =SUBTOTAL(9,AF23:AF25) -> 0 | AG22: =SUBTOTAL(9,AG23:AG25) -> 0 | AH22: =SUBTOTAL(9,AH23:AH25) -> 33.483216 | AI22: =AH22/$AH$4 -> 0.166605
A23: - | B23: Trực tiếp kinh doanh (ví điện tử) | C23: TTKD | D23: =SUMIFS('PL1.1 ML2027-2028'!$G:$G,'PL1.1 ML2027-2028'!$J:$J,'TH theo dich vu'!$D$3,'PL1.1 ML2027-2028'!$K:$K,'TH theo dich vu'!C23)/$D$1 -> 0 | E23: =SUMIFS('PL1.1 ML2027-2028'!$G:$G,'PL1.1 ML2027-2028'!$J:$J,'TH theo dich vu'!$E$3,'PL1.1 ML2027-2028'!$K:$K,'TH theo dich vu'!C23)/$D$1 -> 0 | F23: =SUMIFS('PL1.1 ML2027-2028'!$G:$G,'PL1.1 ML2027-2028'!$J:$J,'TH theo dich vu'!$F$3,'PL1.1 ML2027-2028'!$K:$K,'TH theo dich vu'!C23)/$D$1 -> 0 | G23: =SUMIFS('PL1.1 ML2027-2028'!$G:$G,'PL1.1 ML2027-2028'!$J:$J,'TH theo dich vu'!$G$3,'PL1.1 ML2027-2028'!$K:$K,'TH theo dich vu'!C23)/$D$1 -> 0.790467 | H23: =SUMIFS('PL1.1 ML2027-2028'!$G:$G,'PL1.1 ML2027-2028'!$J:$J,"TD",'PL1.1 ML2027-2028'!$M:$M,"IP",'PL1.1 ML2027-2028'!$K:$K,'TH theo dich vu'!C23)/$D$1 -> 0 | I23: =SUMIFS('PL1.1 ML2027-2028'!$G:$G,'PL1.1 ML2027-2028'!$J:$J,"TD",'PL1.1 ML2027-2028'!$M:$M,"Mạng cáp",'PL1.1 ML2027-2028'!$K:$K,'TH theo dich vu'!C23)/$D$1 -> 0 | J23: =SUMIFS('PL1.1 ML2027-2028'!$G:$G,'PL1.1 ML2027-2028'!$J:$J,'TH theo dich vu'!$J$3,'PL1.1 ML2027-2028'!$K:$K,'TH theo dich vu'!C23)/$D$1 -> 0 | K23: =SUMIFS('PL1.1 ML2027-2028'!$G:$G,'PL1.1 ML2027-2028'!$J:$J,'TH theo dich vu'!K$3,'PL1.1 ML2027-2028'!$K:$K,'TH theo dich vu'!C23)/$D$1 -> 0 | L23: =SUM(D23:K23) -> 0.790467 | M23: =SUM(D23:K23) -> 0.790467 | N23: =L23/$L$4 -> 0.0071339181 | O23: =SUMIFS('PL1.1 ML2027-2028'!$H:$H,'PL1.1 ML2027-2028'!$J:$J,'TH theo dich vu'!O$3,'PL1.1 ML2027-2028'!$K:$K,'TH theo dich vu'!$C23)/$D$1 -> 0 | P23: =SUMIFS('PL1.1 ML2027-2028'!$H:$H,'PL1.1 ML2027-2028'!$J:$J,'TH theo dich vu'!P$3,'PL1.1 ML2027-2028'!$K:$K,'TH theo dich vu'!$C23)/$D$1 -> 0 | Q23: =SUMIFS('PL1.1 ML2027-2028'!$H:$H,'PL1.1 ML2027-2028'!$J:$J,'TH theo dich vu'!Q$3,'PL1.1 ML2027-2028'!$K:$K,'TH theo dich vu'!$C23)/$D$1 -> 0 | R23: =SUMIFS('PL1.1 ML2027-2028'!$H:$H,'PL1.1 ML2027-2028'!$J:$J,'TH theo dich vu'!R$3,'PL1.1 ML2027-2028'!$K:$K,'TH theo dich vu'!$C23)/$D$1 -> 1.75606 | S23: =SUMIFS('PL1.1 ML2027-2028'!$H:$H,'PL1.1 ML2027-2028'!$J:$J,"TD",'PL1.1 ML2027-2028'!$M:$M,"IP",'PL1.1 ML2027-2028'!$K:$K,'TH theo dich vu'!C23)/$D$1 -> 0 | T23: =SUMIFS('PL1.1 ML2027-2028'!$H:$H,'PL1.1 ML2027-2028'!$J:$J,"TD",'PL1.1 ML2027-2028'!$M:$M,"Mạng cáp",'PL1.1 ML2027-2028'!$K:$K,'TH theo dich vu'!C23)/$D$1 -> 0 | U23: =SUMIFS('PL1.1 ML2027-2028'!$H:$H,'PL1.1 ML2027-2028'!$J:$J,'TH theo dich vu'!U$3,'PL1.1 ML2027-2028'!$K:$K,'TH theo dich vu'!$C23)/$D$1 -> 0 | V23: =SUMIFS('PL1.1 ML2027-2028'!$H:$H,'PL1.1 ML2027-2028'!$J:$J,'TH theo dich vu'!V$3,'PL1.1 ML2027-2028'!$K:$K,'TH theo dich vu'!$C23)/$D$1 -> 0 | W23: =SUM(O23:V23) -> 1.75606 | X23: =SUM(O23:V23) -> 1.75606 | Z23: =D23+O23 -> 0 | AA23: =E23+P23 -> 0 | AB23: =F23+Q23 -> 0 | AC23: =G23+R23 -> 2.546527 | AD23: =H23+S23 -> 0 | AE23: =I23+T23 -> 0 | AF23: =J23+U23 -> 0 | AG23: =K23+V23 -> 0 | AH23: =SUM(Z23:AG23) -> 2.546527 | AI23: =AH23/$AH$4 -> 0.012670949 | AP23: 1
A24: - | B24: Hỗ trợ kinh doanh và quản trị | C24: HTKD | D24: =SUMIFS('PL1.1 ML2027-2028'!$G:$G,'PL1.1 ML2027-2028'!$J:$J,'TH theo dich vu'!$D$3,'PL1.1 ML2027-2028'!$K:$K,'TH theo dich vu'!C24)/$D$1 -> 0 | E24: =SUMIFS('PL1.1 ML2027-2028'!$G:$G,'PL1.1 ML2027-2028'!$J:$J,'TH theo dich vu'!$E$3,'PL1.1 ML2027-2028'!$K:$K,'TH theo dich vu'!C24)/$D$1 -> 0 | F24: =SUMIFS('PL1.1 ML2027-2028'!$G:$G,'PL1.1 ML2027-2028'!$J:$J,'TH theo dich vu'!$F$3,'PL1.1 ML2027-2028'!$K:$K,'TH theo dich vu'!C24)/$D$1 -> 0 | G24: =SUMIFS('PL1.1 ML2027-2028'!$G:$G,'PL1.1 ML2027-2028'!$J:$J,'TH theo dich vu'!$G$3,'PL1.1 ML2027-2028'!$K:$K,'TH theo dich vu'!C24)/$D$1 -> 14.533353 | H24: =SUMIFS('PL1.1 ML2027-2028'!$G:$G,'PL1.1 ML2027-2028'!$J:$J,"TD",'PL1.1 ML2027-2028'!$M:$M,"IP",'PL1.1 ML2027-2028'!$K:$K,'TH theo dich vu'!C24)/$D$1 -> 0 | I24: =SUMIFS('PL1.1 ML2027-2028'!$G:$G,'PL1.1 ML2027-2028'!$J:$J,"TD",'PL1.1 ML2027-2028'!$M:$M,"Mạng cáp",'PL1.1 ML2027-2028'!$K:$K,'TH theo dich vu'!C24)/$D$1 -> 0 | J24: =SUMIFS('PL1.1 ML2027-2028'!$G:$G,'PL1.1 ML2027-2028'!$J:$J,'TH theo dich vu'!$J$3,'PL1.1 ML2027-2028'!$K:$K,'TH theo dich vu'!C24)/$D$1 -> 0 | K24: =SUMIFS('PL1.1 ML2027-2028'!$G:$G,'PL1.1 ML2027-2028'!$J:$J,'TH theo dich vu'!K$3,'PL1.1 ML2027-2028'!$K:$K,'TH theo dich vu'!C24)/$D$1 -> 0 | L24: =SUM(D24:K24) -> 14.533353 | M24: =SUM(D24:K24) -> 14.533353 | N24: =L24/$L$4 -> 0.13116266 | O24: =SUMIFS('PL1.1 ML2027-2028'!$H:$H,'PL1.1 ML2027-2028'!$J:$J,'TH theo dich vu'!O$3,'PL1.1 ML2027-2028'!$K:$K,'TH theo dich vu'!$C24)/$D$1 -> 0 | P24: =SUMIFS('PL1.1 ML2027-2028'!$H:$H,'PL1.1 ML2027-2028'!$J:$J,'TH theo dich vu'!P$3,'PL1.1 ML2027-2028'!$K:$K,'TH theo dich vu'!$C24)/$D$1 -> 0 | Q24: =SUMIFS('PL1.1 ML2027-2028'!$H:$H,'PL1.1 ML2027-2028'!$J:$J,'TH theo dich vu'!Q$3,'PL1.1 ML2027-2028'!$K:$K,'TH theo dich vu'!$C24)/$D$1 -> 0 | R24: =SUMIFS('PL1.1 ML2027-2028'!$H:$H,'PL1.1 ML2027-2028'!$J:$J,'TH theo dich vu'!R$3,'PL1.1 ML2027-2028'!$K:$K,'TH theo dich vu'!$C24)/$D$1 -> 16.106412 | S24: =SUMIFS('PL1.1 ML2027-2028'!$H:$H,'PL1.1 ML2027-2028'!$J:$J,"TD",'PL1.1 ML2027-2028'!$M:$M,"IP",'PL1.1 ML2027-2028'!$K:$K,'TH theo dich vu'!C24)/$D$1 -> 0 | T24: =SUMIFS('PL1.1 ML2027-2028'!$H:$H,'PL1.1 ML2027-2028'!$J:$J,"TD",'PL1.1 ML2027-2028'!$M:$M,"Mạng cáp",'PL1.1 ML2027-2028'!$K:$K,'TH theo dich vu'!C24)/$D$1 -> 0 | U24: =SUMIFS('PL1.1 ML2027-2028'!$H:$H,'PL1.1 ML2027-2028'!$J:$J,'TH theo dich vu'!U$3,'PL1.1 ML2027-2028'!$K:$K,'TH theo dich vu'!$C24)/$D$1 -> 0 | V24: =SUMIFS('PL1.1 ML2027-2028'!$H:$H,'PL1.1 ML2027-2028'!$J:$J,'TH theo dich vu'!V$3,'PL1.1 ML2027-2028'!$K:$K,'TH theo dich vu'!$C24)/$D$1 -> 0 | W24: =SUM(O24:V24) -> 16.106412 | X24: =SUM(O24:V24) -> 16.106412 | Z24: =D24+O24 -> 0 | AA24: =E24+P24 -> 0 | AB24: =F24+Q24 -> 0 | AC24: =G24+R24 -> 30.639765 | AD24: =H24+S24 -> 0 | AE24: =I24+T24 -> 0 | AF24: =J24+U24 -> 0 | AG24: =K24+V24 -> 0 | AH24: =SUM(Z24:AG24) -> 30.639765 | AI24: =AH24/$AH$4 -> 0.15245662 | AJ24: 1
A25: - | B25: ATTT | C25: ATTT | D25: =SUMIFS('PL1.1 ML2027-2028'!$G:$G,'PL1.1 ML2027-2028'!$J:$J,'TH theo dich vu'!$D$3,'PL1.1 ML2027-2028'!$K:$K,'TH theo dich vu'!C25)/$D$1 -> 0 | E25: =SUMIFS('PL1.1 ML2027-2028'!$G:$G,'PL1.1 ML2027-2028'!$J:$J,'TH theo dich vu'!$E$3,'PL1.1 ML2027-2028'!$K:$K,'TH theo dich vu'!C25)/$D$1 -> 0 | F25: =SUMIFS('PL1.1 ML2027-2028'!$G:$G,'PL1.1 ML2027-2028'!$J:$J,'TH theo dich vu'!$F$3,'PL1.1 ML2027-2028'!$K:$K,'TH theo dich vu'!C25)/$D$1 -> 0 | G25: =SUMIFS('PL1.1 ML2027-2028'!$G:$G,'PL1.1 ML2027-2028'!$J:$J,'TH theo dich vu'!$G$3,'PL1.1 ML2027-2028'!$K:$K,'TH theo dich vu'!C25)/$D$1 -> 0.258462 | H25: =SUMIFS('PL1.1 ML2027-2028'!$G:$G,'PL1.1 ML2027-2028'!$J:$J,"TD",'PL1.1 ML2027-2028'!$M:$M,"IP",'PL1.1 ML2027-2028'!$K:$K,'TH theo dich vu'!C25)/$D$1 -> 0 | I25: =SUMIFS('PL1.1 ML2027-2028'!$G:$G,'PL1.1 ML2027-2028'!$J:$J,"TD",'PL1.1 ML2027-2028'!$M:$M,"Mạng cáp",'PL1.1 ML2027-2028'!$K:$K,'TH theo dich vu'!C25)/$D$1 -> 0 | J25: =SUMIFS('PL1.1 ML2027-2028'!$G:$G,'PL1.1 ML2027-2028'!$J:$J,'TH theo dich vu'!$J$3,'PL1.1 ML2027-2028'!$K:$K,'TH theo dich vu'!C25)/$D$1 -> 0 | K25: =SUMIFS('PL1.1 ML2027-2028'!$G:$G,'PL1.1 ML2027-2028'!$J:$J,'TH theo dich vu'!K$3,'PL1.1 ML2027-2028'!$K:$K,'TH theo dich vu'!C25)/$D$1 -> 0 | L25: =SUM(D25:J25) -> 0.258462 | M25: =SUM(D25:K25) -> 0.258462 | N25: =L25/$L$4 -> 0.0023326043 | O25: =SUMIFS('PL1.1 ML2027-2028'!$H:$H,'PL1.1 ML2027-2028'!$J:$J,'TH theo dich vu'!O$3,'PL1.1 ML2027-2028'!$K:$K,'TH theo dich vu'!$C25)/$D$1 -> 0 | P25: =SUMIFS('PL1.1 ML2027-2028'!$H:$H,'PL1.1 ML2027-2028'!$J:$J,'TH theo dich vu'!P$3,'PL1.1 ML2027-2028'!$K:$K,'TH theo dich vu'!$C25)/$D$1 -> 0 | Q25: =SUMIFS('PL1.1 ML2027-2028'!$H:$H,'PL1.1 ML2027-2028'!$J:$J,'TH theo dich vu'!Q$3,'PL1.1 ML2027-2028'!$K:$K,'TH theo dich vu'!$C25)/$D$1 -> 0 | R25: =SUMIFS('PL1.1 ML2027-2028'!$H:$H,'PL1.1 ML2027-2028'!$J:$J,'TH theo dich vu'!R$3,'PL1.1 ML2027-2028'!$K:$K,'TH theo dich vu'!$C25)/$D$1 -> 0.038462 | S25: =SUMIFS('PL1.1 ML2027-2028'!$H:$H,'PL1.1 ML2027-2028'!$J:$J,"TD",'PL1.1 ML2027-2028'!$M:$M,"IP",'PL1.1 ML2027-2028'!$K:$K,'TH theo dich vu'!C25)/$D$1 -> 0 | T25: =SUMIFS('PL1.1 ML2027-2028'!$H:$H,'PL1.1 ML2027-2028'!$J:$J,"TD",'PL1.1 ML2027-2028'!$M:$M,"Mạng cáp",'PL1.1 ML2027-2028'!$K:$K,'TH theo dich vu'!C25)/$D$1 -> 0 | U25: =SUMIFS('PL1.1 ML2027-2028'!$H:$H,'PL1.1 ML2027-2028'!$J:$J,'TH theo dich vu'!U$3,'PL1.1 ML2027-2028'!$K:$K,'TH theo dich vu'!$C25)/$D$1 -> 0 | V25: =SUMIFS('PL1.1 ML2027-2028'!$H:$H,'PL1.1 ML2027-2028'!$J:$J,'TH theo dich vu'!V$3,'PL1.1 ML2027-2028'!$K:$K,'TH theo dich vu'!$C25)/$D$1 -> 0 | W25: =SUM(O25:U25) -> 0.038462 | X25: =SUM(O25:V25) -> 0.038462 | Z25: =D25+O25 -> 0 | AA25: =E25+P25 -> 0 | AB25: =F25+Q25 -> 0 | AC25: =G25+R25 -> 0.296924 | AD25: =H25+S25 -> 0 | AE25: =I25+T25 -> 0 | AF25: =J25+U25 -> 0 | AG25: =K25+V25 -> 0 | AH25: =SUM(Z25:AG25) -> 0.296924 | AI25: =AH25/$AH$4 -> 0.0014774274 | AJ25: 1
A26: 5 | B26: Mạng truyền dẫn | D26: =SUBTOTAL(9,D27:D29) -> 0 | E26: =SUBTOTAL(9,E27:E29) -> 0 | F26: =SUBTOTAL(9,F27:F29) -> 0 | G26: =SUBTOTAL(9,G27:G29) -> 0 | H26: =SUBTOTAL(9,H27:H28) -> 0 | I26: =SUBTOTAL(9,I27:I28) -> 0 | J26: =SUBTOTAL(9,J27:J29) -> 0 | K26: =SUBTOTAL(9,K27:K29) -> 0 | L26: =SUBTOTAL(9,L27:L28) -> 0 | M26: =SUBTOTAL(9,M27:M28) -> 0 | N26: =L26/$L$4 -> 0 | O26: =SUBTOTAL(9,O27:O29) -> 0 | P26: =SUBTOTAL(9,P27:P29) -> 0 | Q26: =SUBTOTAL(9,Q27:Q29) -> 0 | R26: =SUBTOTAL(9,R27:R29) -> 0 | S26: =SUBTOTAL(9,S27:S28) -> 0 | T26: =SUBTOTAL(9,T27:T28) -> 0 | U26: =SUBTOTAL(9,U27:U29) -> 0 | V26: =SUBTOTAL(9,V27:V29) -> 0 | W26: =SUBTOTAL(9,W27:W28) -> 0 | X26: =SUBTOTAL(9,X27:X28) -> 0 | Y26: =W26/$W$4 -> 0 | Z26: =SUBTOTAL(9,Z27:Z29) -> 0 | AA26: =SUBTOTAL(9,AA27:AA29) -> 0 | AB26: =SUBTOTAL(9,AB27:AB29) -> 0 | AC26: =SUBTOTAL(9,AC27:AC29) -> 0 | AD26: =SUBTOTAL(9,AD27:AD29) -> 0 | AE26: =SUBTOTAL(9,AE27:AE29) -> 0 | AF26: =SUBTOTAL(9,AF27:AF29) -> 0 | AG26: =SUBTOTAL(9,AG27:AG29) -> 0 | AH26: =SUBTOTAL(9,AH27:AH29) -> 0 | AI26: =AH26/$AH$4 -> 0
A27: - | B27: Dung lượng Metro | C27: DLMETRO | D27: =SUMIFS('PL1.1 ML2027-2028'!$G:$G,'PL1.1 ML2027-2028'!$J:$J,'TH theo dich vu'!$D$3,'PL1.1 ML2027-2028'!$K:$K,'TH theo dich vu'!C27)/$D$1 -> 0 | E27: =SUMIFS('PL1.1 ML2027-2028'!$G:$G,'PL1.1 ML2027-2028'!$J:$J,'TH theo dich vu'!$E$3,'PL1.1 ML2027-2028'!$K:$K,'TH theo dich vu'!C27)/$D$1 -> 0 | F27: =SUMIFS('PL1.1 ML2027-2028'!$G:$G,'PL1.1 ML2027-2028'!$J:$J,'TH theo dich vu'!$F$3,'PL1.1 ML2027-2028'!$K:$K,'TH theo dich vu'!C27)/$D$1 -> 0 | G27: =SUMIFS('PL1.1 ML2027-2028'!$G:$G,'PL1.1 ML2027-2028'!$J:$J,'TH theo dich vu'!$G$3,'PL1.1 ML2027-2028'!$K:$K,'TH theo dich vu'!C27)/$D$1 -> 0 | J27: =SUMIFS('PL1.1 ML2027-2028'!$G:$G,'PL1.1 ML2027-2028'!$J:$J,'TH theo dich vu'!$J$3,'PL1.1 ML2027-2028'!$K:$K,'TH theo dich vu'!C27)/$D$1 -> 0 | K27: =SUMIFS('PL1.1 ML2027-2028'!$G:$G,'PL1.1 ML2027-2028'!$J:$J,'TH theo dich vu'!K$3,'PL1.1 ML2027-2028'!$K:$K,'TH theo dich vu'!C27)/$D$1 -> 0 | L27: =SUM(D27:K27) -> 0 | M27: =SUM(D27:K27) -> 0 | N27: =L27/$L$4 -> 0 | O27: =SUMIFS('PL1.1 ML2027-2028'!$H:$H,'PL1.1 ML2027-2028'!$J:$J,'TH theo dich vu'!O$3,'PL1.1 ML2027-2028'!$K:$K,'TH theo dich vu'!$C27)/$D$1 -> 0 | P27: =SUMIFS('PL1.1 ML2027-2028'!$H:$H,'PL1.1 ML2027-2028'!$J:$J,'TH theo dich vu'!P$3,'PL1.1 ML2027-2028'!$K:$K,'TH theo dich vu'!$C27)/$D$1 -> 0 | Q27: =SUMIFS('PL1.1 ML2027-2028'!$H:$H,'PL1.1 ML2027-2028'!$J:$J,'TH theo dich vu'!Q$3,'PL1.1 ML2027-2028'!$K:$K,'TH theo dich vu'!$C27)/$D$1 -> 0 | R27: =SUMIFS('PL1.1 ML2027-2028'!$H:$H,'PL1.1 ML2027-2028'!$J:$J,'TH theo dich vu'!R$3,'PL1.1 ML2027-2028'!$K:$K,'TH theo dich vu'!$C27)/$D$1 -> 0 | U27: =SUMIFS('PL1.1 ML2027-2028'!$H:$H,'PL1.1 ML2027-2028'!$J:$J,'TH theo dich vu'!U$3,'PL1.1 ML2027-2028'!$K:$K,'TH theo dich vu'!$C27)/$D$1 -> 0 | V27: =SUMIFS('PL1.1 ML2027-2028'!$H:$H,'PL1.1 ML2027-2028'!$J:$J,'TH theo dich vu'!V$3,'PL1.1 ML2027-2028'!$K:$K,'TH theo dich vu'!$C27)/$D$1 -> 0 | W27: =SUM(O27:V27) -> 0 | X27: =SUM(O27:V27) -> 0 | Z27: =D27+O27 -> 0 | AA27: =E27+P27 -> 0 | AB27: =F27+Q27 -> 0 | AC27: =G27+R27 -> 0 | AD27: =H27+S27 -> 0 | AE27: =I27+T27 -> 0 | AF27: =J27+U27 -> 0 | AG27: =K27+V27 -> 0 | AH27: =SUM(Z27:AG27) -> 0 | AI27: =AH27/$AH$4 -> 0 | AP27: 1
A28: - | B28: Dung lượng IPBN | C28: DLIPBN | D28: =SUMIFS('PL1.1 ML2027-2028'!$G:$G,'PL1.1 ML2027-2028'!$J:$J,'TH theo dich vu'!$D$3,'PL1.1 ML2027-2028'!$K:$K,'TH theo dich vu'!C28)/$D$1 -> 0 | E28: =SUMIFS('PL1.1 ML2027-2028'!$G:$G,'PL1.1 ML2027-2028'!$J:$J,'TH theo dich vu'!$E$3,'PL1.1 ML2027-2028'!$K:$K,'TH theo dich vu'!C28)/$D$1 -> 0 | F28: =SUMIFS('PL1.1 ML2027-2028'!$G:$G,'PL1.1 ML2027-2028'!$J:$J,'TH theo dich vu'!$F$3,'PL1.1 ML2027-2028'!$K:$K,'TH theo dich vu'!C28)/$D$1 -> 0 | G28: =SUMIFS('PL1.1 ML2027-2028'!$G:$G,'PL1.1 ML2027-2028'!$J:$J,'TH theo dich vu'!$G$3,'PL1.1 ML2027-2028'!$K:$K,'TH theo dich vu'!C28)/$D$1 -> 0 | I28: =SUMIFS('PL1.1 ML2027-2028'!$G:$G,'PL1.1 ML2027-2028'!$J:$J,"TD",'PL1.1 ML2027-2028'!$M:$M,"Mạng cáp",'PL1.1 ML2027-2028'!$K:$K,'TH theo dich vu'!C28)/$D$1 -> 0 | J28: =SUMIFS('PL1.1 ML2027-2028'!$G:$G,'PL1.1 ML2027-2028'!$J:$J,'TH theo dich vu'!$J$3,'PL1.1 ML2027-2028'!$K:$K,'TH theo dich vu'!C28)/$D$1 -> 0 | K28: =SUMIFS('PL1.1 ML2027-2028'!$G:$G,'PL1.1 ML2027-2028'!$J:$J,'TH theo dich vu'!K$3,'PL1.1 ML2027-2028'!$K:$K,'TH theo dich vu'!C28)/$D$1 -> 0 | L28: =SUM(D28:K28) -> 0 | M28: =SUM(D28:K28) -> 0 | N28: =L28/$L$4 -> 0 | O28: =SUMIFS('PL1.1 ML2027-2028'!$H:$H,'PL1.1 ML2027-2028'!$J:$J,'TH theo dich vu'!O$3,'PL1.1 ML2027-2028'!$K:$K,'TH theo dich vu'!$C28)/$D$1 -> 0 | P28: =SUMIFS('PL1.1 ML2027-2028'!$H:$H,'PL1.1 ML2027-2028'!$J:$J,'TH theo dich vu'!P$3,'PL1.1 ML2027-2028'!$K:$K,'TH theo dich vu'!$C28)/$D$1 -> 0 | Q28: =SUMIFS('PL1.1 ML2027-2028'!$H:$H,'PL1.1 ML2027-2028'!$J:$J,'TH theo dich vu'!Q$3,'PL1.1 ML2027-2028'!$K:$K,'TH theo dich vu'!$C28)/$D$1 -> 0 | R28: =SUMIFS('PL1.1 ML2027-2028'!$H:$H,'PL1.1 ML2027-2028'!$J:$J,'TH theo dich vu'!R$3,'PL1.1 ML2027-2028'!$K:$K,'TH theo dich vu'!$C28)/$D$1 -> 0 | T28: =SUMIFS('PL1.1 ML2027-2028'!$H:$H,'PL1.1 ML2027-2028'!$J:$J,"TD",'PL1.1 ML2027-2028'!$M:$M,"Mạng cáp",'PL1.1 ML2027-2028'!$K:$K,'TH theo dich vu'!C28)/$D$1 -> 0 | U28: =SUMIFS('PL1.1 ML2027-2028'!$H:$H,'PL1.1 ML2027-2028'!$J:$J,'TH theo dich vu'!U$3,'PL1.1 ML2027-2028'!$K:$K,'TH theo dich vu'!$C28)/$D$1 -> 0 | V28: =SUMIFS('PL1.1 ML2027-2028'!$H:$H,'PL1.1 ML2027-2028'!$J:$J,'TH theo dich vu'!V$3,'PL1.1 ML2027-2028'!$K:$K,'TH theo dich vu'!$C28)/$D$1 -> 0 | W28: =SUM(O28:V28) -> 0 | X28: =SUM(O28:V28) -> 0 | Z28: =D28+O28 -> 0 | AA28: =E28+P28 -> 0 | AB28: =F28+Q28 -> 0 | AC28: =G28+R28 -> 0 | AD28: =H28+S28 -> 0 | AE28: =I28+T28 -> 0 | AF28: =J28+U28 -> 0 | AG28: =K28+V28 -> 0 | AH28: =SUM(Z28:AG28) -> 0 | AI28: =AH28/$AH$4 -> 0 | AJ28: 1
A29: III | B29: Đảm bảo VHKT, kiên cố, bền vững trong thiên tai | D29: =SUBTOTAL(9,D30:D33) -> 1.746296 | E29: =SUBTOTAL(9,E30:E33) -> 5.96766 | F29: =SUBTOTAL(9,F30:F33) -> 0.16308046 | G29: =SUBTOTAL(9,G30:G33) -> 1.88734 | H29: =SUBTOTAL(9,H30:H33) -> 2.5348467 | I29: =SUBTOTAL(9,I30:I33) -> 5.2526215 | J29: =SUBTOTAL(9,J30:J33) -> 2.7617508 | K29: =SUBTOTAL(9,K30:K33) -> 0 | ... M29: =SUBTOTAL(9,M30:M33) -> 20.313595 | N29: =L29/$L$4 -> 0.183329 | O29: =SUBTOTAL(9,O30:O33) -> 2.995817 | P29: =SUBTOTAL(9,P31:P33) -> 0 | Q29: =SUBTOTAL(9,Q30:Q33) -> 0.13159852 | R29: =SUBTOTAL(9,R30:R33) -> 3.70402 | S29: =SUBTOTAL(9,S30:S33) -> 5.7382353 | T29: =SUBTOTAL(9,T30:T33) -> 5.6871215 | U29: =SUBTOTAL(9,U30:U33) -> 10.230642 | V29: =SUBTOTAL(9,V30:V33) -> 0 | W29: =SUBTOTAL(9,W30:W33) -> 28.487434 | X29: =SUBTOTAL(9,X30:X33) -> 28.487434 | Y29: =W29/$W$4 -> 0.31593164 | Z29: =SUBTOTAL(9,Z31:Z33) -> 1.364 | AA29: =SUBTOTAL(9,AA31:AA33) -> 5.96766 | AB29: =SUBTOTAL(9,AB31:AB33) -> 0.1363 | AC29: =SUBTOTAL(9,AC31:AC33) -> 4.79136 | AD29: =SUBTOTAL(9,AD31:AD33) -> 5.5661137 | AE29: =SUBTOTAL(9,AE31:AE33) -> 8.171705 | AF29: =SUBTOTAL(9,AF31:AF33) -> 11.333373 | AG29: =SUBTOTAL(9,AG31:AG33) -> 0 | AH29: =SUBTOTAL(9,AH31:AH33) -> 37.330512 | AI29: =AH29/$AH$4 -> 0.18574828
A30: 1 | B30: Đảm bảo dự phòng ƯCTT | C30: ƯCTT | D30: =SUMIFS('PL1.1 ML2027-2028'!$G:$G,'PL1.1 ML2027-2028'!$J:$J,'TH theo dich vu'!$D$3,'PL1.1 ML2027-2028'!$K:$K,'TH theo dich vu'!C30)/$D$1 -> 1.246296 | E30: =SUMIFS('PL1.1 ML2027-2028'!$G:$G,'PL1.1 ML2027-2028'!$J:$J,'TH theo dich vu'!$E$3,'PL1.1 ML2027-2028'!$K:$K,'TH theo dich vu'!C30)/$D$1 -> 0 | F30: =SUMIFS('PL1.1 ML2027-2028'!$G:$G,'PL1.1 ML2027-2028'!$J:$J,'TH theo dich vu'!$F$3,'PL1.1 ML2027-2028'!$K:$K,'TH theo dich vu'!C30)/$D$1 -> 0.07635966 | G30: =SUMIFS('PL1.1 ML2027-2028'!$G:$G,'PL1.1 ML2027-2028'!$J:$J,'TH theo dich vu'!$G$3,'PL1.1 ML2027-2028'!$K:$K,'TH theo dich vu'!C30)/$D$1 -> 0.4 | H30: =SUMIFS('PL1.1 ML2027-2028'!$G:$G,'PL1.1 ML2027-2028'!$J:$J,"TD",'PL1.1 ML2027-2028'!$M:$M,"IP",'PL1.1 ML2027-2028'!$K:$K,'TH theo dich vu'!C30)/$D$1 -> 0.96768762 | I30: =SUMIFS('PL1.1 ML2027-2028'!$G:$G,'PL1.1 ML2027-2028'!$J:$J,"TD",'PL1.1 ML2027-2028'!$M:$M,"Mạng cáp",'PL1.1 ML2027-2028'!$K:$K,'TH theo dich vu'!C30)/$D$1 -> 1.310769 | J30: =SUMIFS('PL1.1 ML2027-2028'!$G:$G,'PL1.1 ML2027-2028'!$J:$J,'TH theo dich vu'!$J$3,'PL1.1 ML2027-2028'!$K:$K,'TH theo dich vu'!C30)/$D$1 -> 0.65728478 | K30: =SUMIFS('PL1.1 ML2027-2028'!$G:$G,'PL1.1 ML2027-2028'!$J:$J,'TH theo dich vu'!K$3,'PL1.1 ML2027-2028'!$K:$K,'TH theo dich vu'!C30)/$D$1 -> 0 | L30: =SUM(D30:K30) -> 4.6583971 | M30: =SUM(D30:K30) -> 4.6583971 | N30: =L30/$L$4 -> 0.042041759 | O30: =SUMIFS('PL1.1 ML2027-2028'!$H:$H,'PL1.1 ML2027-2028'!$J:$J,'TH theo dich vu'!O$3,'PL1.1 ML2027-2028'!$K:$K,'TH theo dich vu'!$C30)/$D$1 -> 2.131817 | P30: =SUMIFS('PL1.1 ML2027-2028'!$H:$H,'PL1.1 ML2027-2028'!$J:$J,'TH theo dich vu'!P$3,'PL1.1 ML2027-2028'!$K:$K,'TH theo dich vu'!$C30)/$D$1 -> 0 | Q30: =SUMIFS('PL1.1 ML2027-2028'!$H:$H,'PL1.1 ML2027-2028'!$J:$J,'TH theo dich vu'!Q$3,'PL1.1 ML2027-2028'!$K:$K,'TH theo dich vu'!$C30)/$D$1 -> 0.08201932 | R30: =SUMIFS('PL1.1 ML2027-2028'!$H:$H,'PL1.1 ML2027-2028'!$J:$J,'TH theo dich vu'!R$3,'PL1.1 ML2027-2028'!$K:$K,'TH theo dich vu'!$C30)/$D$1 -> 0.4 | S30: =SUMIFS('PL1.1 ML2027-2028'!$H:$H,'PL1.1 ML2027-2028'!$J:$J,"TD",'PL1.1 ML2027-2028'!$M:$M,"IP",'PL1.1 ML2027-2028'!$K:$K,'TH theo dich vu'!C30)/$D$1 -> 1.7392807 | T30: =SUMIFS('PL1.1 ML2027-2028'!$H:$H,'PL1.1 ML2027-2028'!$J:$J,"TD",'PL1.1 ML2027-2028'!$M:$M,"Mạng cáp",'PL1.1 ML2027-2028'!$K:$K,'TH theo dich vu'!C30)/$D$1 -> 1.457269 | U30: =SUMIFS('PL1.1 ML2027-2028'!$H:$H,'PL1.1 ML2027-2028'!$J:$J,'TH theo dich vu'!U$3,'PL1.1 ML2027-2028'!$K:$K,'TH theo dich vu'!$C30)/$D$1 -> 1.0017345 | V30: =SUMIFS('PL1.1 ML2027-2028'!$H:$H,'PL1.1 ML2027-2028'!$J:$J,'TH theo dich vu'!V$3,'PL1.1 ML2027-2028'!$K:$K,'TH theo dich vu'!$C30)/$D$1 -> 0 | W30: =SUM(O30:V30) -> 6.8121206 | X30: =SUM(O30:V30) -> 6.8121206 | Y30: =W30/$W$4 -> 0.075547851 | Z30: =D30+O30 -> 3.378113 | AA30: =E30+P30 -> 0 | AB30: =F30+Q30 -> 0.15837898 | AC30: =G30+R30 -> 0.8 | AD30: =H30+S30 -> 2.7069684 | AE30: =I30+T30 -> 2.768038 | AF30: =J30+U30 -> 1.6590193 | AG30: =K30+V30 -> 0 | AH30: =SUM(Z30:AG30) -> 11.470518 | AI30: =AH30/$AH$4 -> 0.057074731 | AJ30: 1 | AL30: 0.8 | AM30: 0.2 | AP30: 1
A31: 2 | B31: Đảm bảo VHKT và nâng cao chất lượng mạng | C31: VHKT | D31: =SUMIFS('PL1.1 ML2027-2028'!$G:$G,'PL1.1 ML2027-2028'!$J:$J,'TH theo dich vu'!$D$3,'PL1.1 ML2027-2028'!$K:$K,'TH theo dich vu'!C31)/$D$1 -> 0.5 | E31: =SUMIFS('PL1.1 ML2027-2028'!$G:$G,'PL1.1 ML2027-2028'!$J:$J,'TH theo dich vu'!$E$3,'PL1.1 ML2027-2028'!$K:$K,'TH theo dich vu'!C31)/$D$1 -> 5.96766 | F31: =SUMIFS('PL1.1 ML2027-2028'!$G:$G,'PL1.1 ML2027-2028'!$J:$J,'TH theo dich vu'!$F$3,'PL1.1 ML2027-2028'!$K:$K,'TH theo dich vu'!C31)/$D$1 -> 0.0424 | G31: =SUMIFS('PL1.1 ML2027-2028'!$G:$G,'PL1.1 ML2027-2028'!$J:$J,'TH theo dich vu'!$G$3,'PL1.1 ML2027-2028'!$K:$K,'TH theo dich vu'!C31)/$D$1 -> 1.48734 | H31: =SUMIFS('PL1.1 ML2027-2028'!$G:$G,'PL1.1 ML2027-2028'!$J:$J,"TD",'PL1.1 ML2027-2028'!$M:$M,"IP",'PL1.1 ML2027-2028'!$K:$K,'TH theo dich vu'!C31)/$D$1 -> 0.4800617 | I31: =SUMIFS('PL1.1 ML2027-2028'!$G:$G,'PL1.1 ML2027-2028'!$J:$J,"TD",'PL1.1 ML2027-2028'!$M:$M,"Mạng cáp",'PL1.1 ML2027-2028'!$K:$K,'TH theo dich vu'!C31)/$D$1 -> 0 | J31: =SUMIFS('PL1.1 ML2027-2028'!$G:$G,'PL1.1 ML2027-2028'!$J:$J,'TH theo dich vu'!$J$3,'PL1.1 ML2027-2028'!$K:$K,'TH theo dich vu'!C31)/$D$1 -> 0.463482 | K31: =SUMIFS('PL1.1 ML2027-2028'!$G:$G,'PL1.1 ML2027-2028'!$J:$J,'TH theo dich vu'!K$3,'PL1.1 ML2027-2028'!$K:$K,'TH theo dich vu'!C31)/$D$1 -> 0 | L31: =SUM(D31:K31) -> 8.9409437 | M31: =SUM(D31:K31) -> 8.9409437 | N31: =L31/$L$4 -> 0.080691491 | O31: =SUMIFS('PL1.1 ML2027-2028'!$H:$H,'PL1.1 ML2027-2028'!$J:$J,'TH theo dich vu'!O$3,'PL1.1 ML2027-2028'!$K:$K,'TH theo dich vu'!$C31)/$D$1 -> 0.864 | P31: =SUMIFS('PL1.1 ML2027-2028'!$H:$H,'PL1.1 ML2027-2028'!$J:$J,'TH theo dich vu'!P$3,'PL1.1 ML2027-2028'!$K:$K,'TH theo dich vu'!$C31)/$D$1 -> 0 | Q31: =SUMIFS('PL1.1 ML2027-2028'!$H:$H,'PL1.1 ML2027-2028'!$J:$J,'TH theo dich vu'!Q$3,'PL1.1 ML2027-2028'!$K:$K,'TH theo dich vu'!$C31)/$D$1 -> 0 | R31: =SUMIFS('PL1.1 ML2027-2028'!$H:$H,'PL1.1 ML2027-2028'!$J:$J,'TH theo dich vu'!R$3,'PL1.1 ML2027-2028'!$K:$K,'TH theo dich vu'!$C31)/$D$1 -> 3.30402 | S31: =SUMIFS('PL1.1 ML2027-2028'!$H:$H,'PL1.1 ML2027-2028'!$J:$J,"TD",'PL1.1 ML2027-2028'!$M:$M,"IP",'PL1.1 ML2027-2028'!$K:$K,'TH theo dich vu'!C31)/$D$1 -> 3.9989546 | T31: =SUMIFS('PL1.1 ML2027-2028'!$H:$H,'PL1.1 ML2027-2028'!$J:$J,"TD",'PL1.1 ML2027-2028'!$M:$M,"Mạng cáp",'PL1.1 ML2027-2028'!$K:$K,'TH theo dich vu'!C31)/$D$1 -> 0 | U31: =SUMIFS('PL1.1 ML2027-2028'!$H:$H,'PL1.1 ML2027-2028'!$J:$J,'TH theo dich vu'!U$3,'PL1.1 ML2027-2028'!$K:$K,'TH theo dich vu'!$C31)/$D$1 -> 1.0095 | V31: =SUMIFS('PL1.1 ML2027-2028'!$H:$H,'PL1.1 ML2027-2028'!$J:$J,'TH theo dich vu'!V$3,'PL1.1 ML2027-2028'!$K:$K,'TH theo dich vu'!$C31)/$D$1 -> 0 | W31: =SUM(O31:V31) -> 9.1764746 | X31: =SUM(O31:V31) -> 9.1764746 | Y31: =W31/$W$4 -> 0.10176904 | Z31: =D31+O31 -> 1.364 | AA31: =E31+P31 -> 5.96766 | AB31: =F31+Q31 -> 0.0424 | AC31: =G31+R31 -> 4.79136 | AD31: =H31+S31 -> 4.4790163 | AE31: =I31+T31 -> 0 | AF31: =J31+U31 -> 1.472982 | AG31: =K31+V31 -> 0 | AH31: =SUM(Z31:AG31) -> 18.117418 | AI31: =AH31/$AH$4 -> 0.090148223 | AJ31: 1 | AL31: 0.8 | AM31: 0.2 | AP31: 1
A32: 3 | B32: Củng cố kiên cố thường trình | C32: KCTT | D32: =SUMIFS('PL1.1 ML2027-2028'!$G:$G,'PL1.1 ML2027-2028'!$J:$J,'TH theo dich vu'!$D$3,'PL1.1 ML2027-2028'!$K:$K,'TH theo dich vu'!C32)/$D$1 -> 0 | E32: =SUMIFS('PL1.1 ML2027-2028'!$G:$G,'PL1.1 ML2027-2028'!$J:$J,'TH theo dich vu'!$E$3,'PL1.1 ML2027-2028'!$K:$K,'TH theo dich vu'!C32)/$D$1 -> 0 | F32: =SUMIFS('PL1.1 ML2027-2028'!$G:$G,'PL1.1 ML2027-2028'!$J:$J,'TH theo dich vu'!$F$3,'PL1.1 ML2027-2028'!$K:$K,'TH theo dich vu'!C32)/$D$1 -> 0.0443208 | G32: =SUMIFS('PL1.1 ML2027-2028'!$G:$G,'PL1.1 ML2027-2028'!$J:$J,'TH theo dich vu'!$G$3,'PL1.1 ML2027-2028'!$K:$K,'TH theo dich vu'!C32)/$D$1 -> 0 | H32: =SUMIFS('PL1.1 ML2027-2028'!$G:$G,'PL1.1 ML2027-2028'!$J:$J,"TD",'PL1.1 ML2027-2028'!$M:$M,"IP",'PL1.1 ML2027-2028'!$K:$K,'TH theo dich vu'!C32)/$D$1 -> 1.0870973 | I32: =SUMIFS('PL1.1 ML2027-2028'!$G:$G,'PL1.1 ML2027-2028'!$J:$J,"TD",'PL1.1 ML2027-2028'!$M:$M,"Mạng cáp",'PL1.1 ML2027-2028'!$K:$K,'TH theo dich vu'!C32)/$D$1 -> 3.9418525 | J32: =SUMIFS('PL1.1 ML2027-2028'!$G:$G,'PL1.1 ML2027-2028'!$J:$J,'TH theo dich vu'!$J$3,'PL1.1 ML2027-2028'!$K:$K,'TH theo dich vu'!C32)/$D$1 -> 1.640984 | K32: =SUMIFS('PL1.1 ML2027-2028'!$G:$G,'PL1.1 ML2027-2028'!$J:$J,'TH theo dich vu'!K$3,'PL1.1 ML2027-2028'!$K:$K,'TH theo dich vu'!C32)/$D$1 -> 0 | L32: =SUM(D32:K32) -> 6.7142546 | M32: =SUM(D32:K32) -> 6.7142546 | N32: =L32/$L$4 -> 0.060595753 | O32: =SUMIFS('PL1.1 ML2027-2028'!$H:$H,'PL1.1 ML2027-2028'!$J:$J,'TH theo dich vu'!O$3,'PL1.1 ML2027-2028'!$K:$K,'TH theo dich vu'!$C32)/$D$1 -> 0 | P32: =SUMIFS('PL1.1 ML2027-2028'!$H:$H,'PL1.1 ML2027-2028'!$J:$J,'TH theo dich vu'!P$3,'PL1.1 ML2027-2028'!$K:$K,'TH theo dich vu'!$C32)/$D$1 -> 0 | Q32: =SUMIFS('PL1.1 ML2027-2028'!$H:$H,'PL1.1 ML2027-2028'!$J:$J,'TH theo dich vu'!Q$3,'PL1.1 ML2027-2028'!$K:$K,'TH theo dich vu'!$C32)/$D$1 -> 0.0495792 | R32: =SUMIFS('PL1.1 ML2027-2028'!$H:$H,'PL1.1 ML2027-2028'!$J:$J,'TH theo dich vu'!R$3,'PL1.1 ML2027-2028'!$K:$K,'TH theo dich vu'!$C32)/$D$1 -> 0 | S32: =SUMIFS('PL1.1 ML2027-2028'!$H:$H,'PL1.1 ML2027-2028'!$J:$J,"TD",'PL1.1 ML2027-2028'!$M:$M,"IP",'PL1.1 ML2027-2028'!$K:$K,'TH theo dich vu'!C32)/$D$1 -> 0 | T32: =SUMIFS('PL1.1 ML2027-2028'!$H:$H,'PL1.1 ML2027-2028'!$J:$J,"TD",'PL1.1 ML2027-2028'!$M:$M,"Mạng cáp",'PL1.1 ML2027-2028'!$K:$K,'TH theo dich vu'!C32)/$D$1 -> 4.2298525 | U32: =SUMIFS('PL1.1 ML2027-2028'!$H:$H,'PL1.1 ML2027-2028'!$J:$J,'TH theo dich vu'!U$3,'PL1.1 ML2027-2028'!$K:$K,'TH theo dich vu'!$C32)/$D$1 -> 8.219407 | V32: =SUMIFS('PL1.1 ML2027-2028'!$H:$H,'PL1.1 ML2027-2028'!$J:$J,'TH theo dich vu'!V$3,'PL1.1 ML2027-2028'!$K:$K,'TH theo dich vu'!$C32)/$D$1 -> 0 | W32: =SUM(O32:V32) -> 12.498839 | X32: =SUM(O32:V32) -> 12.498839 | Y32: =W32/$W$4 -> 0.13861475 | Z32: =D32+O32 -> 0 | AA32: =E32+P32 -> 0 | AB32: =F32+Q32 -> 0.0939 | AC32: =G32+R32 -> 0 | AD32: =H32+S32 -> 1.0870973 | AE32: =I32+T32 -> 8.171705 | AF32: =J32+U32 -> 9.860391 | AG32: =K32+V32 -> 0 | AH32: =SUM(Z32:AG32) -> 19.213093 | AI32: =AH32/$AH$4 -> 0.095600057 | AJ32: 1 | AL32: 1
A33: 4 | B33: Bền vững mạng lưới trong thiên tai | C33: PCTT | D33: =SUMIFS('PL1.1 ML2027-2028'!$G:$G,'PL1.1 ML2027-2028'!$J:$J,'TH theo dich vu'!$D$3,'PL1.1 ML2027-2028'!$K:$K,'TH theo dich vu'!C33)/$D$1 -> 0 | E33: =SUMIFS('PL1.1 ML2027-2028'!$G:$G,'PL1.1 ML2027-2028'!$J:$J,'TH theo dich vu'!$E$3,'PL1.1 ML2027-2028'!$K:$K,'TH theo dich vu'!C33)/$D$1 -> 0 | F33: =SUMIFS('PL1.1 ML2027-2028'!$G:$G,'PL1.1 ML2027-2028'!$J:$J,'TH theo dich vu'!$F$3,'PL1.1 ML2027-2028'!$K:$K,'TH theo dich vu'!C33)/$D$1 -> 0 | G33: =SUMIFS('PL1.1 ML2027-2028'!$G:$G,'PL1.1 ML2027-2028'!$J:$J,'TH theo dich vu'!$G$3,'PL1.1 ML2027-2028'!$K:$K,'TH theo dich vu'!C33)/$D$1 -> 0 | H33: =SUMIFS('PL1.1 ML2027-2028'!$G:$G,'PL1.1 ML2027-2028'!$J:$J,"TD",'PL1.1 ML2027-2028'!$M:$M,"IP",'PL1.1 ML2027-2028'!$K:$K,'TH theo dich vu'!C33)/$D$1 -> 0 | I33: =SUMIFS('PL1.1 ML2027-2028'!$G:$G,'PL1.1 ML2027-2028'!$J:$J,"TD",'PL1.1 ML2027-2028'!$M:$M,"Mạng cáp",'PL1.1 ML2027-2028'!$K:$K,'TH theo dich vu'!C33)/$D$1 -> 0 | J33: =SUMIFS('PL1.1 ML2027-2028'!$G:$G,'PL1.1 ML2027-2028'!$J:$J,'TH theo dich vu'!$J$3,'PL1.1 ML2027-2028'!$K:$K,'TH theo dich vu'!C33)/$D$1 -> 0 | K33: =SUMIFS('PL1.1 ML2027-2028'!$G:$G,'PL1.1 ML2027-2028'!$J:$J,'TH theo dich vu'!K$3,'PL1.1 ML2027-2028'!$K:$K,'TH theo dich vu'!C33)/$D$1 -> 0 | L33: =SUM(D33:K33) -> 0 | M33: =SUM(D33:K33) -> 0 | N33: =L33/$L$4 -> 0 | O33: =SUMIFS('PL1.1 ML2027-2028'!$H:$H,'PL1.1 ML2027-2028'!$J:$J,'TH theo dich vu'!O$3,'PL1.1 ML2027-2028'!$K:$K,'TH theo dich vu'!$C33)/$D$1 -> 0 | P33: =SUMIFS('PL1.1 ML2027-2028'!$H:$H,'PL1.1 ML2027-2028'!$J:$J,'TH theo dich vu'!P$3,'PL1.1 ML2027-2028'!$K:$K,'TH theo dich vu'!$C33)/$D$1 -> 0 | Q33: =SUMIFS('PL1.1 ML2027-2028'!$H:$H,'PL1.1 ML2027-2028'!$J:$J,'TH theo dich vu'!Q$3,'PL1.1 ML2027-2028'!$K:$K,'TH theo dich vu'!$C33)/$D$1 -> 0 | R33: =SUMIFS('PL1.1 ML2027-2028'!$H:$H,'PL1.1 ML2027-2028'!$J:$J,'TH theo dich vu'!R$3,'PL1.1 ML2027-2028'!$K:$K,'TH theo dich vu'!$C33)/$D$1 -> 0 | S33: =SUMIFS('PL1.1 ML2027-2028'!$H:$H,'PL1.1 ML2027-2028'!$J:$J,"TD",'PL1.1 ML2027-2028'!$M:$M,"IP",'PL1.1 ML2027-2028'!$K:$K,'TH theo dich vu'!C33)/$D$1 -> 0 | T33: =SUMIFS('PL1.1 ML2027-2028'!$H:$H,'PL1.1 ML2027-2028'!$J:$J,"TD",'PL1.1 ML2027-2028'!$M:$M,"Mạng cáp",'PL1.1 ML2027-2028'!$K:$K,'TH theo dich vu'!C33)/$D$1 -> 0 | U33: =SUMIFS('PL1.1 ML2027-2028'!$H:$H,'PL1.1 ML2027-2028'!$J:$J,'TH theo dich vu'!U$3,'PL1.1 ML2027-2028'!$K:$K,'TH theo dich vu'!$C33)/$D$1 -> 0 | V33: =SUMIFS('PL1.1 ML2027-2028'!$H:$H,'PL1.1 ML2027-2028'!$J:$J,'TH theo dich vu'!V$3,'PL1.1 ML2027-2028'!$K:$K,'TH theo dich vu'!$C33)/$D$1 -> 0 | W33: =SUM(O33:V33) -> 0 | X33: =SUM(O33:V33) -> 0 | Y33: =W33/$W$4 -> 0 | Z33: =D33+O33 -> 0 | AA33: =E33+P33 -> 0 | AB33: =F33+Q33 -> 0 | AC33: =G33+R33 -> 0 | AD33: =H33+S33 -> 0 | AE33: =I33+T33 -> 0 | AF33: =J33+U33 -> 0 | AG33: =K33+V33 -> 0 | AH33: =SUM(Z33:AG33) -> 0 | AI33: =AH33/$AH$4 -> 0 | AJ33: 0.8 | AL33: 0.2
A34: IV | B34: Ví điện tử | C34: TTKD | D34: 0 | E34: 0 | F34: 0 | G34: 0 | H34: 0 | I34: 0 | J34: 0 | K34: 0 | L34: =SUMIFS('PL1.1 ML2027-2028'!$G:$G,'PL1.1 ML2027-2028'!$J:$J,"Ví",'PL1.1 ML2027-2028'!$K:$K,"TTKD")/$D$1 -> 12.551234 | M34: =SUMIFS('PL1.1 ML2027-2028'!$G:$G,'PL1.1 ML2027-2028'!$J:$J,"Ví",'PL1.1 ML2027-2028'!$K:$K,"TTKD")/$D$1 -> 12.551234 | N34: =L34/$L$4 -> 0.11327415 | O34: 0 | P34: 0 | Q34: 0 | R34: 0 | S34: 0 | T34: 0 | U34: 0 | V34: 0 | W34: =SUMIFS('PL1.1 ML2027-2028'!$H:$H,'PL1.1 ML2027-2028'!$J:$J,"Ví",'PL1.1 ML2027-2028'!$K:$K,"TTKD")/$D$1 -> 10.851264 | X34: =SUMIFS('PL1.1 ML2027-2028'!$H:$H,'PL1.1 ML2027-2028'!$J:$J,"Ví",'PL1.1 ML2027-2028'!$K:$K,"TTKD")/$D$1 -> 10.851264 | Y34: =W34/$W$4 -> 0.1203428 | Z34: =SUBTOTAL(9,Z36:Z38) -> 0 | AA34: =SUBTOTAL(9,AA36:AA38) -> 0 | AB34: =SUBTOTAL(9,AB36:AB38) -> 0 | AC34: =SUBTOTAL(9,AC36:AC38) -> 0 | AD34: =SUBTOTAL(9,AD36:AD38) -> 0 | AE34: =SUBTOTAL(9,AE36:AE38) -> 0 | AF34: =SUBTOTAL(9,AF36:AF38) -> 0 | AG34: =SUBTOTAL(9,AG36:AG38) -> 0 | AH34: =SUBTOTAL(9,AH36:AH38) -> 0 | AI34: =AH34/$AH$4 -> 0
N36: =#REF!-#REF! -> #REF! | O36: =#REF!-#REF! -> #REF! | P36: =#REF!-#REF! -> #REF! | Q36: =#REF!-#REF! -> #REF!

Sheet TH theo mảng
A1: PHỤ LỤC 1.2: BẢNG TỔNG HỢP ĐẦU TƯ THEO MỤC ĐÍCH QHĐC 2027-2028 (Ban hành kèm theo Công văn số của Tổng Công ty VTNet)
A3: I. | B3: Mảng vô tuyến
A4: TT | B4: Mảng | C4: Tổng | D4: Năm 2027 | E4: Năm 2028 | F4: Tóm tắt đầu tư
A5: Tổng | C5: 68.24 | D5: 41.36 | E5: 26.88 | F5: Năm 2027 | G5: Năm 2028
A6: 1 | B6: Vùng phủ | C6: 8.06 | D6: 4.18 | E6: 3.88 | F6: Mạng 4G: Triển khai 255 vị trí triển khai vùng phủ mới cho 4G (201 vị trí vùng phủ mới, 54 vị trí tăng cường vùng phủ). 4.2M USD | G6: Mạng 4G: Triển khai 268 vị trí triển khai vùng phủ mới cho 4G (230 vị trí vùng phủ mới, 38 vị trí tăng cường vùng phủ). 3.8M USD
F7: Mạng 5G: Cosite trên 622 vị trí triển khai 4G DL, đảm bảo cam kết với chính phủ. Tính chi phí trong DL 4G | G7: Mạng 5G: Cosite trên 458 vị trí triển khai 4G DL, đảm bảo cam kết với chính phủ. Tính chi phí trong DL 4G
A8: 2 | B8: Dung lượng | C8: 55.44 | D8: 35.43 | E8: 20.01 | F8: Mạng 4G: 802 tủ MM, 78 sector 2.6GHz 8T8R, 177 sector tripleband 700/800/900MHz, 90 sector dualband 700/800MHz, 300 sector dualband 1800/2100MHz. 35.4M USD | G8: Mạng 4G: +) 38 vị trí mới DL +) 458 tủ MM, 189 sector 2.6GHz 8T8R, 390 sector dualband 700/800MHz, 380 sector dualband 1800/2100MHz, 114 anten đa băng 20.01M USD
A9: 3 | B9: Hiện đại hóa mạng lưới | C9: 1.36 | D9: 0.5 | E9: 0.86 | F9: Gói công cụ tối ưu mạng thử nghiệm : dự kiến 500K USD | G9: Swap anten đa băng 400 tram/năm: 864K USD
A10: 4 | B10: Dự phòng ƯCTT | C10: 3.38 | D10: 1.25 | E10: 2.13 | F10: Gói UCTT: dự kiến 1.2M USD | G10: Gói UCTT: dự kiến 2.1M USD
A12: II | B12: Mảng Mạng lõi
A13: TT | B13: Mảng | C13: Tổng | D13: Năm 2027 | E13: Năm2028 | F13: Tóm tắt đầu tư
C14: 8.95 | D14: 8.95
A15: 1 | B15: Tăng trưởng dung lượng thuê bao | C15: 2.98 | D15: 2.98 | F15: Đầu tư đáp ứng tăng trưởng kinh doanh cho thuê bao data 4G, 5G NSA, FWA đến T12/2028: 1. UDM: 0.5 triệu USD. Phần mềm: UDM: 2G/3G: 3M FE/9M BE; 4G: 2M FE/6M BE; 5G: 500K FE/2M BE 2. PS Core: 2.5 triệu USD. Profile SAU/PDP/BW=1/1.5/60. +Phần cứng: 5GC đặt tại TTr Nampula PSNA03 (bao gồm CloudDNS): 1500K SAU, 2250K PDP, 90Gbps BW và Extra BW 160Gbps. 260Gbps FW NAT. và dịch vụ triển khai. + Phần mềm: 4G: 1200K SAU, 1800K PDP, BW 72G. 5G: 300K SAU, 450K PDP, BW 18G, extra BW 47G. FW 140G. cho PSNA02 và PSMP05
A16: 2 | B16: Đảm bảo VHKT và chất lượng mạng | C16: 0.06 | D16: 0.06 | F16: 1. Nâng cấp software cho 3 CloudSE2980 MGW từ 1 V5R23, 2 V5R24 lên V5R25: 0.06 triệu USD
A17: 3 | B17: Hiện đại hóa mạng lưới | C17: 5.91 | D17: 5.91 | F17: 1. Đầu tư hiện đại hóa mạng lưới do 3 PS ATCA đã EoS. Chuyển lên 5GC Cloud: 1.8 triệu USD Profile SAU/PDP/BW=1/1.5/60. + Swap phần cứng cho 3 PS ATCA (1.3 triệu USD): 5GC đặt tại TTr Maputo PSMP06 (bao gồm CloudDNS): 1500K SAU, 2250K PDP, 90Gbps BW và Extra BW 160Gbps. 260Gbps FW NAT. và dịch vụ triển khai. + Swap phần mềm cho 3 PS ATCA (0.57 triệu USD – ưu tiên 2): 5GC Maputo PSMP06 (bao gồm CloudDNS): 1200K SAU 2G/3G; 800K SAU 2G/3G/4G, 175G BW. FW 180G. Đơn giá swap licenese = 40% đơn giá license. 2. Swap phần mềm từ HSS sang UDM mới: 0.4 triệu USD – ưu tiên 2: + UDM: 2G/3G: 11.1M FE/23M BE; 4G: 1.65M FE/7M BE; IMS: 650K FE/2.1M BE; 5G: 50K FE/50K BE. Giá bằng 40% của giá license. 3. Đầu tư hiện đại hóa hệ thống SBC: 2.1 triệu USD + Phần cứng, phần mềm license cho 2 cặp SBC ngoại mạng 220K Session để đảm bảo An toàn mạng lưới và 2 cặp SBC quốc tế 2K Session (thay thế). Vị đặt SBC: 01 tại TTr Maputo, 01 tại TTr Nampula 4. Hiện đại hóa: Đầu từ mới USC cho báo hiệu: 1.4 triệu USD + Phần mềm: 1 cặp USC với 70K MSU license pool (70K MSU/STP trong t/h không cung cấp được license pool), 1 cặp DRA/DEA với 70K TPS license pool (70K TPS/DRA trong t/h không cung cấp được license pool). + Phần cứng: 1 cặp DRA/DEA với 100K TPS (Mỗi DRA/DEA là 100K TPS), 1 cặp STP với 100K MSU (Mỗi STP là 100K MSU). Vị trí đặt USC: 01 tại TTr Maputo, 01 tại TTr Nampula
F18: Profile SAU/PDP/BW=1/1.5/60.
A19: 4 | B19: Dự phòng ƯCTT
A21: III | B21: Mảng CĐBR
A22: TT | B22: Danh mục | C22: Tổng | D22: Năm 2027 | E22: Năm 2028 | F22: Tóm tắt đầu tư
F23: Năm 2027 | G23: Năm 2028
A24: Tổng đầu tư | C24: 1.8 | D24: 1.24 | E24: 0.56
A25: 1 | B25: Vùng phủ | C25: 0.94 | D25: 0.77 | E25: 0.17 | F25: Triển khai 4.4k cổng GPON và swap 4k cổng AON, lũy kế 57.3k cổng | G25: Triển khai 4.5k cổng và swap 8k cổng AON, lũy kế 61.7k cổng
A26: 2 | B26: Dung lượng | C26: 9.56 | D26: 0.3 | E26: 0.26 | F26: Đầu tư 2 server AAA và 2 server DNS để đảm bảo dự phòng mức site | G26: Đầu tư 2 thiết bị BRAS để swap 2 thiết bị BRAS đã EoL, EoS tại TT Nampula
A27: 3 | B27: ƯCTT | C27: 0.16 | D27: 0.076 | E27: 0.082 | F27: Dự phòng UCTT cáp quang, vật tư phụ kiện lớp truy nhập | G27: Dự phòng UCTT cáp quang, vật tư phụ kiện lớp truy nhập
A28: 4 | B28: Củng cố | C28: 0.09 | D28: 0.04 | E28: 0.05 | F28: Mua vật tư phụ kiện để củng cố mạng cáp quang BRCĐ | G28: Mua vật tư phụ kiện để củng cố mạng cáp quang BRCĐ
B29: bền vững
A30: 5 | B30: Công cụ, dụng cụ | C30: 0.04 | D30: 0.04 | E30: - | F30: Mua công cụ, dụng cụ để bổ sung cho việc triển khai mới và swap hạ tầng AON sang GPON | G30: Mua công cụ, dụng cụ để bổ sung cho việc triển khai mới và swap hạ tầng AON sang GPON
A32: IV | B32: Mảng CNTT
A33: TT | B33: Danh mục | C33: Tổng | D33: 2027 | E33: 2028 | F33: Tóm tắt đầu tư
F34: 2027 | G34: 2028
A35: A | B35: Chi phí cho phần CNTT | C35: 40.44 | D35: 18.04 | E35: 22.4
A36: A1 | B36: Phần cứng | C36: 29.07 | D36: 8.15 | E36: 20.92
A37: 1 | B37: Triển khai ứng dụng mới | C37: 17.42 | D37: 4.3 | E37: 13.12 | F37: -Triển khai mới các hệ thống: VAS, Đâu tư, Tài chính, CSKH, DCIM, NCMS , vDCIM: 702.904 $ - Triển khai mới KH doanh nghiệp: 790.467 $ - Triển khai Private Cloud: 1.972.748$ - GPU cho hệ thống AI: 836.372 $ | G37: - Đầu tư hạ tầng cho các ứng dụng triển khai mới: 13.120.210 $ - OCS 4.0 DR : 10.000.000 $ - Triển khai mới các hệ thống: VAS, Đâu tư, Tài chính, CSKH, DCIM, NCMS , vDCIM: 527.778 $ - Triển khai mới KH doanh nghiệp: 1.756.060 $
A39: 2 | B39: Nâng cấp, mở rộng hạ tầng | C39: 2.77 | D39: 1.18 | E39: 1.59 | F39: - Mở rộng các hệ thống USSDGW/VASGW, Process/Sender: 351.452 $ - Nâng cấp cho các hệ thống Datalake: 240.900 $ - Nâng cấp hệ thống ATTT: 591.152 $ Triển khai 1 thiết bị SAN + 2 sanswitch: 723.956 $ | G39: - Mở rộng các hệ thống USSDGW/VASGW, Process/Sender: 1.054.356 $ - Nâng cấp cho các hệ thống Datalake: 240.900 $ - Nâng cấp hệ thống ATTT: 295.576 $ - Triển khai 2 thiết bị SAN + 4 sanswitch
A40: 4 | B40: Thay thế thiết bị quá niên hạn | C40: 3.91 | D40: 1.49 | E40: 2.42 | F40: - Thay thế cho lưu trữ (2 thiết bị SAN + 4 SAN SWITCH): 1.447.912 $ - Thay thế 02 switch leaf, 02 switch management: 39.428 $ | G40: - Thay thế cho Lưu trữ (1 thiết bị SAN + 2 SAN SWITCH): 723.956 $ - Thay thế 22 server quá niên hạn : 1.659.006 $ - Thay thế 02 switch leaf, 02 switch management: 39.428 $ | H40: - Thay thế cho lưu trữ (2 thiết bị SAN + 4 SAN SWITCH): 1.447.912 $ | I40: - Thay thế cho Lưu trữ (1 thiết bị SAN + 2 SAN SWITCH): 723.956 $ | J40: =J39&CHAR(10)&H40 -> - Thay thế cho lưu trữ (2 thiết bị SAN + 4 SAN SWITCH): 1.447.912 $ | K40: =K39&CHAR(10)&I40 -> - Thay thế cho Lưu trữ (1 thiết bị SAN + 2 SAN SWITCH): 723.956 $
A41: 5 | B41: Tủ rack và dịch vụ triển khai | C41: 0.11 | D41: 0.05 | E41: 0.05
A42: 6 | B42: Dự phòng ƯCTT | C42: 0.8 | D42: 0.4 | E42: 0.4
A43: A2 | B43: License OCS, phần mềm | C43: 11.39 | D43: 9.9 | E43: 1.49
A44: 1 | B44: License OCS | C44: 10.08 | D44: 9.12 | E44: 0.96 | F44: License cho 19 tr subs trên OCS 4.0 PR: 9,12 tr USD
A45: 2 | B45: Phần mềm | C45: 1.31 | D45: 0.78 | E45: 0.53
A46: B | B46: Chi phí cho phần Ví Mmola | C46: 23.64 | D46: 12.55 | E46: 11.09
A47: 1 | B47: Đầu tư hạ tầng | C47: 15.33 | D47: 6.74 | E47: 8.59
A48: 2 | B48: License | C48: 8.09 | D48: 5.82 | E48: 2.27 | F48: Bổ sung license 510 mTPM cho ví điện tử | G48: Bổ sung license cho 180 mTPM cho ví điện tử
A50: V | B50: Truyền dẫn IP
A52: TT | B52: Danh mục | C52: Tổng | D52: 2027 | E52: 2028
F53: 2027 | G53: 2028
B54: Tổng | C54: 21.65 | D54: 11,03 | E54: 10,62
A55: I | B55: Phát triển trạm mới | C55: 0
A56: 1 | B56: 4G | C56: 0.56 | D56: 0,16 | E56: 0,40 | F56: SRT và vật tư cho 918 dung lượng | G56: SRT và vật tư cho 102 dung lượng
A57: 2 | B57: 5G | C57: 0.49 | D57: 0,31 | E57: 0,18 | F57: SRTcho 302 trạm newsite | G57: SRTcho 229 trạm newsite
A58: II | B58: Nâng cấp dung lượng | C58: 0
A59: 1 | B59: MPBN/IPBN | C59: 1.53 | D59: 0,42 | E59: 1,11 | F59: - Trục backbone: Nâng cấp trục lên Nx100GE, phân đoạn cao nhất là 4x100GE. - Nâng cấp tài nguyên trên các phân lớp mạng Metro, IPBN đáp ứng tổng lưu lượng 527Gb. - Bổ sung dung lượng mạng KNQT lũy kế đạt 232Gb dung lượng cho 163Gb lưu lượng KNQT | G59: - Trục backbone: Nâng cấp trục lên Nx100GE. - Nâng cấp tài nguyên trên các phân lớp mạng Metro, IPBN đáp ứng tổng lưu lượng lũy kế đạt 625Gb. - Bổ sung dung lượng mạng KNQT lũy kế đạt 279Gb dung lượng cho 195Gb lưu lượng KNQT
A60: 2 | B60: Metro | C60: 9.17 | D60: 5,86 | E60: 3,31 | F60: - Trục backbone: Nâng cấp trục lên Nx100GE, phân đoạn cao nhất là 4x100GE. - Nâng cấp tài nguyên trên các phân lớp mạng Metro, IPBN đáp ứng tổng lưu lượng 527Gb. - Bổ sung dung lượng mạng KNQT lũy kế đạt 232Gb dung lượng cho 163Gb lưu lượng KNQT | G60: - Trục backbone: Nâng cấp trục lên Nx100GE. - Nâng cấp tài nguyên trên các phân lớp mạng Metro, IPBN đáp ứng tổng lưu lượng lũy kế đạt 625Gb. - Bổ sung dung lượng mạng KNQT lũy kế đạt 279Gb dung lượng cho 195Gb lưu lượng KNQT
A61: III | B61: Kiên cố và dự phòng UCTT | C61: 3.43 | D61: 1,85 | E61: 1,58 | F61: - Đầu tư dự phòng trục backbone 1A, 1B, 1C đảm bảo dự phòng 1+2 về cáp và dung lượng - Nâng cấp dung lượng đường ngang, đảm bảo dự phòng cô lập phân đoạn cáp trục - Đảm bảo vật tư UCTT
A62: V | B62: Hiện đại hóa | C62: 4.36 | D62: 0,48 | E62: 3,88 | F62: - Đầu tư các SRT mới là SRT 100GE, đáp ứng cho 5G. - Swap 9node 2027 và 10 node AGG cho 2028, dần thay thế các AGG đã EoL trên mạng lưới.
A63: VI | B63: Tổng trạm mới | C63: 2.06 | D63: 1,96 | E63: 0,10 | F63: Đảm bảo hạ tầng IP cho tổng trạm MAT mới | G63: Thêm giao diện đấu nối phát sinh
A65: VI | B65: Truyền dẫn quang
A66: TT | B66: Danh mục | C66: Tổng | D66: 2027 | E66: 2028
F67: 2027 | G67: 2028
B68: Tổng | C68: 18.51 | D68: 10.69 | E68: 8.08
A69: I | B69: Phát triển trạm mới | C69: 2.34 | D69: 1.3 | E69: 1.04
A70: 1.1 | B70: 4G | C70: 2.34 | D70: 1.3 | E70: 1.04 | F70: Viba + cáp quang đáp ứng 302 vị trí mới | G70: Viba + cáp quang đáp ứng 226 vị trí mới
A71: 1.2 | B71: 5G
A72: II | B72: Nâng cấp dung lượng | C72: 5.5 | D72: 4.14 | E72: 1.36
B73: Dung lượng trục | C73: 2.01 | D73: 1.65 | E73: 0.36 | F73: Nâng cấp dung lượng trục IPBN + Core Tỉnh từ 300G lên 400G | G73: Bổ sung dung lượng trục 1C đảm bảo 1+2 dung lượng
B74: Dung lượng AGG | C74: 2.87 | D74: 1,87 | E74: 1 | F74: Nâng dung lượng cho 43 link AGG | G74: Nâng dung lượng cho 30 link AGG
B75: Mạng LTT mới | C75: 0.63 | D75: 0.63 | F75: 4 node ROADM + 1.6Tbps
A76: III | B76: Kiên cố, củng cố | C76: 8.17 | D76: 3.94 | E76: 4.23
B77: Viba vu hồi | C77: 1.16 | D77: 0.58 | E77: 0.58 | F77: 8 tuyến viba trục và 90 tuyến viba access | G77: 8 tuyến vi ba trục và 90 tuyến viba access
B78: Ngầm hóa | C78: 2.1 | D78: 1.05 | E78: 1.05 | F78: 840 km cáp ngầm | G78: 840 km cáp ngầm
B79: Củng cố | C79: 4.19 | D79: 1.95 | E79: 2.24 | F79: 1000 km cáp + 5000 cột gỗ | G79: 1000 km cáp + 5000 cột gỗ
B80: Vu hồi | C80: 0.72 | D80: 0.36 | E80: 0.36 | F80: 300 km cáp quang | G80: 300 km cáp quang
A81: V | B81: Ứng cứu thông tin | C81: 2.51 | D81: 1.19 | E81: 1.32 | F81: 1000 km cáp quang và phụ kiện | G81: 1000 km cáp quang và phụ kiện
A83: VII | B83: Cơ điện tổng trạm
A85: TT | B85: Danh mục | C85: Tổng | D85: 2027 | E85: 2028
F86: Năm 2027 | G86: Năm 2028
A87: 1 | B87: Tổng trạm cũ | C87: 1.85 | D87: 0.86 | E87: 0.99
A88: 1.1 | B88: TTr MAC | C88: 1.18 | D88: 0.66 | E88: 0.52 | F88: - Củng cố, nâng cấp (490k$): Thay thế EOL 02 hệ thống DC 2000A; Trang bị hệ thống bọc hành lang lạnh và 01 ĐHCX 250kBTU/h khắc phục điểm nóng hotspot nâng cao PUE; 40 bộ STS để cấp 2 mặt nguồn cho thiết bị 1 chân nguồn. - Bảo dưỡng hệ thống MPĐ, hệ thống điện AC (52.5k$). - Vật tư dự phòng UCTT (120k$). | G88: - Củng cố, nâng cấp (350k$): Thay thế EOL 02 hệ thống DC 2000A và 8 tổ ắc quy chì 12V cho UPS; Triển khai nâng cấp từ iBMS lên DCIM. - Bảo dưỡng hệ thống MPĐ, hệ thống điện AC (52.5k$). - Vật tư dự phòng UCTT (120k$).
A89: 1.2 | B89: TTr NAM | C89: 0.67 | D89: 0.2 | E89: 0.47 | F89: - Củng cố, nâng cấp (73.2k$): Thay thế EOL: 4 tổ ắc quy chì 2V-2000Ah. - Bảo dưỡng hệ thống MPĐ, hệ thống điện AC (52.5k$). - Vật tư dự phòng UCTT (70k$). | G89: - Củng cố, nâng cấp (350k$): Thay thế 02 MBA do đã bị sự cố rò rỉ dầu; Triển khai nâng cấp từ iBMS lên DCIM. - Bảo dưỡng hệ thống MPĐ, hệ thống điện AC (52.5k$). - Vật tư dự phòng UCTT (70k$).
A91: VIII | B91: Cơ điện BTS
A92: TT | B92: Danh mục | C92: Tổng | D92: 2027 | E92: 2028 | F92: Tóm tắt đầu tư
F93: Năm 2027 | G93: Năm 2028
B94: Tổng | C94: 22.3 | D94: 12.07 | E94: 10.23
A95: I | B95: Phát triển mới | C95: 11.09 | D95: 6.02 | E95: 5.07
A96: 1 | B96: Vùng phủ | C96: 8.96 | D96: 4.33 | E96: 4.62 | F96: - Phát triển 255 trạm mới (112 trạm có điện, 143 trạm không điện) | G96: - Phát triển 250 trạm mới (61 trạm có điện, 189 trạm không điện).
A97: 2 | B97: Dung lượng | C97: 2.13 | D97: 1.69 | E97: 0.44 | F97: - Đảm bảo tài nguyên đảm bảo lắp đặt cosite 4G+5G (không tách riêng do sử dụng chung AAU). | G97: - Phát triển 14 trạm mới có điện (0.18 tr$); Đảm bảo tài nguyên lắp đặt cosite 4G+5G (0.26 tr$).
A98: II | B98: Kiên cố, bền vững | C98: 9.93 | D98: 5.4 | E98: 4.54
A99: 1 | B99: Trạm main node | C99: 1.2 | D99: 1.2 | E99: - | F99: - Đầu tư tủ nguồn DC thực hiện tách core-access cho 26 trạm trục 1C - Đầu tư 54 MPĐ dầu 30kVA cho các trạm trục không đủ công suất - Đầu tư 65 bộ inverter 48VDC-220VAC cho điều hòa trạm không điện
A100: 2 | B100: Trạm truy nhập | C100: 8.74 | D100: 4.2 | E100: 4.54
A101: 2.1 | B101: Tủ nguồn DC | C101: 0.15 | D101: 0.07 | E101: 0.07 | F101: - Thay thế 50 tủ nguồn DC EOL ZTE B201/năm | G101: - Thay thế 50 tủ nguồn DC EOL ZTE B201/năm
A102: 2.2 | B102: Ắc quy | C102: 1.91 | D102: 1.13 | E102: 0.78 | F102: - Đầu tư 1900 bình (1500 bình bù suy hao cho trạm không điện và 400 bình portable phục vụ UCTT) | G102: - Đầu tư 1500 bình bù suy hao cho trạm không điện
A103: 2.3 | B103: MPĐ | C103: 2.54 | D103: 1.27 | E103: 1.27 | F103: - Đầu tư 212 MPĐ, Trong đó: 100 máy thay thế hỏng hóc không sửa được và 112 máy cấp cho trạm chưa có máy. | G103: - Đầu tư 212 MPĐ/năm. Trong đó: 100 máy thay thế hỏng hóc không sửa được và 112 máy cấp cho trạm chưa có máy. - Lũy kế hết 2028: 90% trạm có MPĐ dầu cố định.
A104: 2.4 | B104: Pin mặt trời | C104: 1.93 | D104: 0.52 | E104: 1.41 | F104: - Đầu tư PMT cho 74/274 trạm không đủ công suất. | G104: - Đầu tư PMT cho 200/274 trạm không đủ công suất.
A105: 2.5 | B105: Các vật tư khác | C105: 2.21 | D105: 1.21 | E105: 1 | F105: - Đầu tư các vật tư như 112 bộ ATS, 500 bộ TGLB FAC, 30 máy biến áp phục vụ kéo điện, vật tư củng cố trạm 100 điểm, gói bảo dưỡng MPĐ. | G105: - Đầu tư các vật tư như 112 bộ ATS, 500 bộ TGLB FAC, 30 máy biến áp phục vụ kéo điện, vật tư củng cố trạm 100 điểm, gói bảo dưỡng MPĐ. - Lũy kế đầu tư hết 2028: 100% trạm MPĐ dầu được trang bị ATS, 100% trạm nhà container được đầu tư TGLB FAC mới
A106: III | B106: UCTT | C106: 1.28 | D106: 0.65 | E106: 0.63 | F106: - Vật tư phục vụ UCTT như 80 bộ ATS, 64 tủ V5-3P, 1239 rectifier các loại, 430 solar charger, 182 bộ controler cho tủ nguồn DC và một số vật tư khác. | G106: - Vật tư phục vụ UCTT như: 80 bộ ATS, 64 tủ V5-3P, 1039 rectifier các loại, 530 solar charger, 182 bộ controler cho tủ nguồn DC và một số vật tư khác.
A108: IX | B108: Hạ tầng
A110: TT | B110: Danh mục | C110: Tổng | D110: 2027 | E110: 2028 | F110: Diễn giải khối lượng đầu tư
A111: Tổng | C111: 16.76 | D111: 10.61 | E111: 6.15
A112: 1 | B112: Vật tư cột | C112: 4.26 | D112: 2.32 | E112: 1.94
A113: 2 | B113: Xây dựng và lắp đặt hạ tầng cột và nhà trạm | C113: 8.16 | D113: 4.39 | E113: 3.77
...

Sheet PL 1.3 TH theo DV
A1: PHỤ LỤC 1.3: BẢNG TỔNG HỢP ĐẦU TƯ THEO DỊCH VỤ (Ban hành kèm theo Công văn số của Tổng Công ty VTNet)
A3: TT | B3: Lĩnh vực | C3: Khối lượng các hạng mục đầu tư chính | D3: Chi phí (triệu USD) | E3: Tỷ trọng
B4: TỔNG ĐẦU TƯ | D4: =SUBTOTAL(9,D5:D27) -> 199.30092
A5: I | B5: Công nghệ mới triển khai diện rộng cho kinh doanh | D5: =SUBTOTAL(9,D6:D7) -> 0 | E5: =D5/$D$4 -> 0
A6: 1 | B6: Mạng 5G | C6: Năm 2027: Hạ tầng đảm bảo triển hai 622 trạm cosite 4G tại các vị trí 4G dung lượng. Chi phí tính trong phần dung lượng 4G. Năm 2028: Hạ tầng đảm bảo triển khai 265 trạm cosite 5G tại các vị trí 4G dung lượng. Chi phí tính trong phần dung lượng 4G. | D6: ='TH theo dich vu'!AH7 -> 0 | E6: =D6/$D$4 -> 0 | F6: 5G
A7: 3 | B7: AI/GPU | C7: -Triển khai giải pháp AI như : Agent AI (áp dụng trong năm 2027 giải pháp Conversational AI cho CSKH); Camera AI cho Kỹ thuật …. | E7: =D7/$D$4 -> 0 | F7: CNTT
A8: II | B8: Mở rộng mạng lưới hiện tại cho kinh doanh | D8: =SUBTOTAL(9,D9:D22) -> 150.49989 | E8: =D8/D4 -> 0.75513896
A9: 1 | B9: Mạng 4G | D9: =SUBTOTAL(9,D10:D11) -> 111.99138 | E9: =D9/$D$4 -> 0.56192104
A10: - | B10: 4G vùng phủ | C10: - Vô tuyến: - Truyền dẫn: . - Cơ điện: | D10: ='TH theo dich vu'!AH13 -> 32.445007 | E10: =D10/$D$4 -> 0.16279407 | F10: VT
A11: - | B11: 4G dung lượng | C11: - Vô tuyến - Mạng lõi: Năm 2027: 01 vMSC (HW:1072K ATT, 1.5M Reg, 45K Erl, SW: 572K ATT, 800K Reg, 22.857K Erl), MSC (SW: CSFB: 1M sub), UDM (SW: 200K FE 2G/3G, 400K BE 2G/3G, 300K FE 4G, 2.9M BE 4G), 1 vEPC (HW: 1M SAU, 1.5M PDP, 100 Gbps, SW: 1M SAU, 1.5M PDP, 60 Gbps). vEPC4 (SW: 650K SAU, 975K PDP, 49.4 Gbps). SMSC (SW: 1400 MOMT). 2 IMS (HW: 500K, SW: 100K). Năm 2028: vEPC5 (SW: 34 Gbps). UDM (SW: 300K FE 2G/3G, 500K BE 2G/3G, 400K FE 4G, 1.9M BE 4G). - Truyền dẫn: - Cơ điện: | D11: ='TH theo dich vu'!AH14 -> 79.546371 | E11: =D11/$D$4 -> 0.39912697 | F11: ML
A12: 2 | B12: Mạng BRCĐ&TH | D12: =SUBTOTAL(9,D13:D16) -> 2.6367577 | E12: =D12/$D$4 -> 0.013230033
A13: - | B13: Vùng phủ GPON | C13: Triển khai …. triệu cổng GPON (...tr cổng năm 2025, ...k cổng năm 2026) và ... dự án toà nhà mới ~ ...k cổng. | D13: ='TH theo dich vu'!AH16 -> 0.94353368 | E13: =D13/$D$4 -> 0.0047342165 | F13: CĐBR
A14: - | B14: Dung lượng Internet | C14: - BRCĐ-TH: Đầu tư .... đáp ứng cho ... triệu thuê bao, đầu tư ... hệ thống DPI cho ...K subs, mở rộng hệ thống AAA với .... nghìn subs, đầu tư hệ thống Analytics quản trị tập trung dữ liệu mạng BRCĐ, mở rộng hệ thống DNS đáp ứng cho ...nghìn subs; đầu tư CGNAT đáp ứng cho tăng trưởng băng thông và đổ tải ... triệu subs FTTH, bổ sung tính năng mới cho ACS tích hợp với AP multivendor, đầu tư phần cứng cho các hệ thống ITO, VQT, ICP. - Truyền dẫn: SRT 100G cho OLT không trùng 5G ~ ... SRT, .... tỷ card AGG 100G đấu ring OLT, ... tỷ card Core tỉnh, CKV, PECĐ) theo tỷ lệ dưới Metro, trên Metro; WDM theo nhu cầu tăng dung lượng liên huyện, liên tỉnh, KNQT với tỷ lệ Internet là ...% theo tỷ lệ di động trên Metro, dưới Metro | D14: ='TH theo dich vu'!AH17 -> 1.693224 | E14: =D14/$D$4 -> 0.0084958165 | F14: CĐBR
A15: - | B15: Dung lượng Truyền hình | C15: - BRCĐ-TH: Đầu tư nâng cấp tính năng mới cho CDN OTT; đầu tư thiết bị và license upmap, frame rate conversion (FRC) cho ... kênh tại Headend; đầu tư 01 hệ thống Water marking; đầu tư Backend và ứng dụng Trợ lý ảo TV360. - Truyền dẫn: SRT 100G cho OLT không trùng 5G ~ ... SRT, card AGG 100G, Core tỉnh, CKV, PECĐ, PETH) theo tỷ lệ truyền hình ...% của CĐBR; WDM theo nhu cầu tăng dung lượng liên huyện, liên tỉnh, KNQT với tỷ lệ TH là ....% | D15: ='TH theo dich vu'!AH18 -> 0 | E15: =D15/$D$4 -> 0 | F15: CĐBR
A16: - | B16: Kênh truyền | C16: Đầu tư thiết bị IP theo nhu cầu đấu nối của VTS và thiết bị DWDM theo nhu cầu kênh thuê riêng VTS. | D16: ='TH theo dich vu'!AH19 -> 0 | E16: =D16/$D$4 -> 0 | F16: TD
A17: 3 | B17: Phục vụ kinh doanh Cloud | C17: - CNTT: - Truyền dẫn: | D17: ='TH theo dich vu'!AH20 -> 0 | E17: =D17/$D$4 -> 0 | F17: CNTT
A18: 4 | B18: Data Center | C18: - Truyền dẫn: Đầu tư thiết bị IP tại tổng trạm ... và thiết bị WDM theo nhu cầu triển khai tại tổng trạm mới … | D18: ='TH theo dich vu'!AH21 -> 2.388535 | F18: DC
A19: 5 | B19: Triển khai hạ tầng CNTT | D19: =SUBTOTAL(9,D20:D22) -> 33.483216
A20: - | B20: Trực tiếp kinh doanh | C20: - Triển khai các hệ thống mới: Dịch vụ Betting, hệ thống CX Cloud cho doanh nghiệp… - Triển khai giải pháp ATTT SoC cho kinh doanh ngoài Movitel | D20: ='TH theo dich vu'!AH23 -> 2.546527 | F20: CNTT
A21: - | B21: Hỗ trợ kinh doanh và quản trị | C21: - Triển khai các giải pháp số hóa cho các lĩnh vực : VAS, Đâu tư, Tài chính, CSKH … - Triển khai mới 03 hệ thống OSS: DCIM, NCMS , vDCIM … '- Triển khai cặp DB Active-Standby (oracle) Số hóa, DB hệ thống SMSFW/Voice Firewall | D21: ='TH theo dich vu'!AH24 -> 30.639765 | F21: CNTT
A22: - | B22: ATTT | C22: Đầu tư giải pháp WAF và giải pháp DDoS | D22: ='TH theo dich vu'!AH25 -> 0.296924 | E22: =D22/$D$4 -> 0.0014898276 | F22: CNTT
A23: III | B23: Đảm bảo VHKT, kiên cố, bền vững trong thiên tai | D23: =SUBTOTAL(9,D25:D27) -> 37.330512 | E23: =D23/$D$4 -> 0.18730728
A24: 1 | B24: Đảm bảo dự phòng ƯCTT | C24: - Vô tuyến:... - Mạng lõi: Mối năm có budget 100K USD để mua hàng dự phòng - BRCĐ-TH: ... - CNTT: ... - Truyền dẫn: - Cơ điện: … | D24: ='TH theo dich vu'!AH30 -> 11.470518
A25: 2 | B25: Đảm bảo VHKT và nâng cao chất lượng mạng | C25: - Vô tuyến:... - Mạng lõi: Năm 2027: Swap EoS BUMS03, BUMW03 bằng 1 vMSC (HW:1072K ATT, 1.5M Reg, 45K Erl, SW: 835K ATT, 1.15M Reg, 34.5K Erl). Năm 2028: Chuyển 01/02 UDM từ tổng trạng cũ sang tổng trạm mới và hiện đại hóa 01 cặp HSS cũ (thông qua mở rộng UDM với DL tương ứng của HSS cũ). - BRCĐ-TH: ... - CNTT: ... - Truyền dẫn: - Cơ điện: … | D25: ='TH theo dich vu'!AH31 -> 18.117418
A26: 3 | B26: Củng cố kiên cố thường trình | C26: - Vô tuyến: Triển khai kiên cố cho 550 trạm quá tải trọng hàng năm - BRCĐ: Triển khai cho 1.136 km cáp quang trong đó: Tách cáp chung lộ 139.8 km; ngầm hoá tuyến cáp 996.2 km. - Truyền dẫn: Triển khai ngầm XHH tại 10 tỉnh ~ 455 km cống bể/ trên 234km đường theo đề xuất VT tỉnh TP (đã trừ 7 tỉnh ven biển trùng chương trình kiên cố bão ~ 230km cống bể/120 km đường). - Cơ điện: Cải tạo điện yếu cho 1.535 trạm; Đầu tư 1.275 tủ nguồn tích hợp AC V5-3P và attomat 3 pha 4 cực 63A cho các trạm cải tạo lên 3 pha; Cải tạo tiếp địa cho 10 trạm; Đầu tư 50 tủ cắt sét 200kA; 1.058 tủ cắt sét 3 pha; 2.320 bộ CLS 1 pha; 1.655 bộ CLS 3 pha; 918 bộ SPD 1 pha (cho tủ AC box RRU kéo dài); 3.232 bộ giám sát tủ nguồn DC; 1.161 ATS 3 pha 63A; 12 tủ MSB 250A; 672 bình (28 tổ) ắc quy chì 2V-500Ah; Xây mới 1.161 bệ đặt MPĐ dầu; Đầu tư 3.647 bộ iACV; 300 tổ ắc quy Sodium. | D26: ='TH theo dich vu'!AH32 -> 19.213093
A27: 4 | B27: Bền vững mạng lưới trong thiên tai | C27: - Vô tuyến: Đầu tư gá antena, gia cố jumper, dây quang; thực hiện kiên cố hạ tầng cột, nhà trạm theo cho 321 trạm theo ưu tiên 1 và đầu tư xe phát sóng chỉ huy, dã chiến đảm bảo hoạt động liên tục trong thiên tai - Truyền dẫn: Swap Metro QNH và QNM (swap AGG, CT); đấu CT mới 02 tỉnh QNH và QNM; bổ sung thiết bị Viba, VSAT; Triển khai kiên cố TD liên tỉnh (vùng gió III, IV; Sạt lở) ~ 38/63 tỉnh/TP ~ 56%; liên huyện: (vùng gió IV và sạt lở) ~ 207/704 huyện~30% ; Trạm UT (vùng gió 4, sạt lở) ~ 1293/3530 trạm UT vùng gói III, IV ~ 37% - Cơ điện: Đầu tư 600 máy phát điện dầu 20kVA; 1.662 máy phát điện dầu 12kVA; 2.262 ATS 3 pha 63A; 4.623 bình ắc quy Lithium 48V-100Ah; 2.486 bình portable battery Lithium; Xây mới 1.884 bệ đặt máy phát điện + 348 nhà đặt máy phát điện vượt lũ. | D27: ='TH theo dich vu'!AH33 -> 0

Sheet Mã
B2: Không xóa
B3: Mã mảng | C3: Mã DV | D3: Mã loại
B4: VT | C4: 5G | D4: VTTB | G4: I | H4: Công nghệ mới triển khai diện rộng cho kinh doanh
C5: DV5G | G5: 1 | H5: Mạng 5G
B6: ML | D6: TK | G6: 2 | H6: XGSPON
B7: CĐBR | C7: Cloud_KD | G7: 3 | H7: AI/GPU
B8: HT | G8: 4 | H8: Private Mobile Network
B9: Ví | C9: BigData | G9: II | H9: Mở rộng mạng lưới hiện tại cho kinh doanh
B10: CNTT | C10: DC | G10: 2 | H10: Mạng 4G
B11: TD | C11: VPDĐ | G11: - | H11: 4G vùng phủ
B12: CĐ | C12: DLDĐ | G12: - | H12: 4G dung lượng
B13: Datacenter | C13: VPGPON | G13: 3 | H13: Mạng BRCĐ&TH
C14: DLGPON | G14: - | H14: Vùng phủ GPON
C15: XGSPON | G15: - | H15: Dung lượng Internet
C16: TH | G16: - | H16: Dung lượng Truyền hình
C17: TTKD | G17: - | H17: Kênh truyền
C18: HTKD | G18: 4 | H18: Phục vụ kinh doanh Cloud
C19: ERP | G19: 5 | H19: Data Center
C20: VAS | G20: 6 | H20: Triển khai hạ tầng CNTT
C21: IoT | G21: - | H21: Trực tiếp kinh doanh
C22: KT | G22: - | H22: Hỗ trợ kinh doanh và quản trị
C23: AI/GPU | G23: - | H23: ATTT
C24: PMN | G24: III | H24: Đảm bảo VHKT, kiên cố, bền vững trong thiên tai
C25: Fintech | G25: 1 | H25: Đảm bảo VHKT
C26: ATTT | G26: 2 | H26: Kiên cố thường trình
C27: ƯCTT
C28: VHKT | G28: 3 | H28: Bền vững mạng lưới trong thiên tai
C29: PCTT
C30: KCTT
C31: DLMETRO
C32: DLIPBN
C33: DC_X
