Workbook
Name \p: #REF!
Name __atn1: #REF!
Name __atn10: #REF!
Name __atn2: #REF!
Name __atn3: #REF!
Name __atn4: #REF!
Name __atn5: #REF!
Name __atn6: #REF!
Name __atn7: #REF!
Name __atn8: #REF!
Name __atn9: #REF!
Name __boi1: #REF!
Name __boi2: #REF!
Name __CON1: #REF!
Name __CON2: #REF!
Name __cpd1: #REF!
Name __cpd2: #REF!
Name __deo1: #REF!
Name __deo10: #REF!
Name __deo2: #REF!
Name __deo3: #REF!
Name __deo4: #REF!
Name __deo5: #REF!
Name __deo6: #REF!
Name __deo7: #REF!
Name __deo8: #REF!
Name __deo9: #REF!
Name __lap1: #REF!
Name __lap2: #REF!
Name __nc151: #REF!
Name __NET2: #REF!
Name __SHR1: #REF!
Name __SHR2: #REF!
Name __tax1: #REF!
Name __tax2: #REF!
Name __tax3: #REF!
Name __tax4: #REF!
Name __tct5: #REF!
Name __tg427: #REF!
Name __TH20: #REF!
Name _1: #REF!
Name _1000A01: #REF!
Name _2: #REF!
Name _atn2: #REF!
Name _atn3: #REF!
Name _atn4: #REF!
Name _atn5: #REF!
Name _atn6: #REF!
Name _atn7: #REF!
Name _atn8: #REF!
Name _atn9: #REF!
Name _ATT_REG_DCOM_3G: #REF!
Name _ATT_REG_MI_3G: #REF!
Name _ATT_REG_voice_2G: #REF!
Name _ATT_REG_voice_3G: #REF!
Name _boi1: #REF!
Name _boi2: #REF!
Name _C_Lphi_4ab: #REF!
Name _chk1: #REF!
Name _CON1: #REF!

Sheet PL1.1 ML2027-2028
A1: PHỤ LỤC 1.1: BẢNG TỔNG HỢP CHI TIẾT NHU CẦU ĐẦU TƯ, MUA SẮM THEO QHĐC NĂM 2027-2028 (Ban hành kèm theo Tờ trình số của Tập đoàn CNVTQĐ)
G3: KHÔNG XÓA | J3: KHÔNG XÓA
A4: TT | B4: Nội dung/ hạng mục đầu tư, mua sắm | C4: Đơn vị tính | D4: Khối lượng | F4: Đơn giá dự kiến | G4: Thành tiền dự kiến (VNĐ) | I4: Dự kiến đơn vị đầu tư, mua sắm | J4: Mã mảng | K4: Mã DV | L4: Mã loại
D6: 2027 | E6: 2028 | F6: USD | G6: 2027 | H6: 2028
C7: 6 | F7: 7 | G7: =SUBTOTAL(9,G8:G10) -> 0 | H7: =SUBTOTAL(9,H8:H10) -> 0
B8: TỔNG ĐẦU TƯ VTTB VÀ XÂY LẮP 2027-2028 | G8: =SUBTOTAL(9,G9:G16) -> 0 | H8: =SUBTOTAL(9,H9:H16) -> 0
A9: P1 | B9: TỔNG ĐẦU TƯ VTTB 2027-2028 | G9: =SUBTOTAL(9,G10:G15) -> 0 | H9: =SUBTOTAL(9,H10:H15) -> 0
A10: A | B10: VÔ TUYẾN | G10: =SUBTOTAL(9,#REF!) -> #REF! | H10: =SUBTOTAL(9,#REF!) -> #REF!
A11: B | B11: MẠNG LÕI | G11: =SUBTOTAL(9,#REF!) -> #REF! | H11: =SUBTOTAL(9,#REF!) -> #REF!
A12: C | B12: CĐBR | G12: =SUBTOTAL(9,#REF!) -> #REF! | H12: =SUBTOTAL(9,#REF!) -> #REF!
A13: D | B13: CNTT+VÍ | G13: =SUBTOTAL(9,#REF!) -> #REF! | H13: =SUBTOTAL(9,#REF!) -> #REF!
A14: F | B14: TRUYỀN DẪN | G14: =SUBTOTAL(9,#REF!) -> #REF! | H14: =SUBTOTAL(9,#REF!) -> #REF!
A15: F | B15: CƠ ĐIỆN | G15: =SUBTOTAL(9,#REF!) -> #REF! | H15: =SUBTOTAL(9,#REF!) -> #REF!
A16: P2 | B16: TRIỂN KHAI HẠ TẦNG | G16: =SUBTOTAL(9,#REF!) -> #REF! | H16: =SUBTOTAL(9,#REF!) -> #REF!

Sheet TH theo DV
D1: 1000000
A2: STT | B2: Nội dung | C2: Ko xóa | D2: 2027 (triệu USD) | N2: 2028 (triệu USD) | X2: 2027-2028 (triệu USD)
B3: Mảng | C3: Mã DV | D3: VT | E3: ML | F3: CĐBR | G3: CNTT | H3: TD | I3: IP | J3: CĐ | K3: HT | L3: Tổng | M3: Tỷ trọng (%) | N3: VT | O3: ML | P3: CĐBR | Q3: CNTT | R3: TD | S3: IP | T3: CĐ | U3: HT | V3: Tổng | W3: Tỷ trọng (%) | X3: VT | Y3: ML | Z3: CĐBR | AA3: CNTT | AB3: TD | AC3: IP | AD3: CĐ | AE3: Tổng | AF3: Tỷ trọng (%)
A4: * | B4: Tổng | D4: =SUBTOTAL(9,D6:D30) -> 0 | E4: =SUBTOTAL(9,E6:E30) -> 0 | F4: =SUBTOTAL(9,F6:F30) -> 0 | G4: =SUBTOTAL(9,G6:G31) -> 0 | H4: =SUBTOTAL(9,H6:H30) -> 0 | I4: =SUBTOTAL(9,I6:I30) -> 0 | J4: =SUBTOTAL(9,J6:J30) -> 0 | K4: =SUBTOTAL(9,K6:K30) -> 0 | L4: =SUBTOTAL(9,L6:L31) -> 0 | N4: =SUBTOTAL(9,N6:N30) -> 0 | O4: =SUBTOTAL(9,O6:O30) -> 0 | P4: =SUBTOTAL(9,P6:P30) -> 0 | Q4: =SUBTOTAL(9,Q6:Q31) -> 0 | R4: =SUBTOTAL(9,R6:R30) -> 0 | S4: =SUBTOTAL(9,S6:S30) -> 0 | T4: =SUBTOTAL(9,T6:T30) -> 0 | U4: =SUBTOTAL(9,U6:U30) -> 0 | V4: =SUBTOTAL(9,V6:V30) -> 0 | X4: =SUBTOTAL(9,X6:X30) -> 0 | Y4: =SUBTOTAL(9,Y6:Y30) -> 0 | Z4: =SUBTOTAL(9,Z6:Z30) -> 0 | AA4: =SUBTOTAL(9,AA6:AA30) -> 0 | AB4: =SUBTOTAL(9,AB6:AB30) -> 0 | AC4: =SUBTOTAL(9,AC6:AC30) -> 0 | AD4: =SUBTOTAL(9,AD6:AD30) -> 0 | AE4: =SUBTOTAL(9,AE6:AE30) -> 0 | AF4: =AE4/$AE$4 -> #DIV/0!
B5: Tỷ trọng theo mảng | D5: =D4/$L$4 -> #DIV/0! | E5: =E4/$L$4 -> #DIV/0! | F5: =F4/$L$4 -> #DIV/0! | G5: =G4/$L$4 -> #DIV/0! | H5: =H4/$L$4 -> #DIV/0! | I5: =I4/$L$4 -> #DIV/0! | J5: =J4/$L$4 -> #DIV/0! | K5: =K4/$L$4 -> #DIV/0! | L5: =L4/$L$4 -> #DIV/0! | N5: =N4/$V$4 -> #DIV/0! | O5: =O4/$V$4 -> #DIV/0! | P5: =P4/$V$4 -> #DIV/0! | Q5: =Q4/$V$4 -> #DIV/0! | R5: =R4/$V$4 -> #DIV/0! | S5: =S4/$V$4 -> #DIV/0! | T5: =T4/$V$4 -> #DIV/0! | U5: =U4/$L$4 -> #DIV/0! | V5: =V4/$V$4 -> #DIV/0! | X5: =X4/$AE$4 -> #DIV/0! | Y5: =Y4/$AE$4 -> #DIV/0! | Z5: =Z4/$AE$4 -> #DIV/0! | AA5: =AA4/$AE$4 -> #DIV/0! | AB5: =AB4/$AE$4 -> #DIV/0! | AC5: =AC4/$AE$4 -> #DIV/0! | AD5: =AD4/$AE$4 -> #DIV/0! | AE5: =AE4/$AE$4 -> #DIV/0!
A6: I | B6: Công nghệ mới triển khai diện rộng cho kinh doanh | D6: =SUBTOTAL(9,D7:D10) -> 0 | E6: =SUBTOTAL(9,E7:E10) -> 0 | F6: =SUBTOTAL(9,F7:F10) -> 0 | G6: =SUBTOTAL(9,G7:G10) -> 0 | H6: =SUBTOTAL(9,H7:H10) -> 0 | I6: =SUBTOTAL(9,I7:I10) -> 0 | J6: =SUBTOTAL(9,J7:J10) -> 0 | K6: =SUBTOTAL(9,K7:K10) -> 0 | L6: =SUBTOTAL(9,L7:L10) -> 0 | M6: =L6/$L$4 -> #DIV/0! | N6: =SUBTOTAL(9,N7:N10) -> 0 | O6: =SUBTOTAL(9,O7:O10) -> 0 | P6: =SUBTOTAL(9,P7:P10) -> 0 | Q6: =SUBTOTAL(9,Q7:Q10) -> 0 | R6: =SUBTOTAL(9,R7:R10) -> 0 | T6: =SUBTOTAL(9,T7:T10) -> 0 | U6: =SUBTOTAL(9,U7:U10) -> 0 | V6: =SUBTOTAL(9,V7:V10) -> 0 | W6: =V6/$V$4 -> #DIV/0! | X6: =SUBTOTAL(9,X7:X9) -> 0 | Y6: =SUBTOTAL(9,Y7:Y9) -> 0 | Z6: =SUBTOTAL(9,Z7:Z9) -> 0 | AA6: =SUBTOTAL(9,AA7:AA9) -> 0 | AB6: =SUBTOTAL(9,AB7:AB9) -> 0 | AC6: =SUBTOTAL(9,AC7:AC9) -> 0 | AD6: =SUBTOTAL(9,AD7:AD9) -> 0 | AE6: =SUBTOTAL(9,AE7:AE10) -> 0 | AF6: =AE6/$AE$4 -> #DIV/0!
A7: 1 | B7: Mạng 5G | C7: 5G | D7: =SUMIFS('PL1.1 ML2027-2028'!$G:$G,'PL1.1 ML2027-2028'!$J:$J,'TH theo DV'!$D$3,'PL1.1 ML2027-2028'!$K:$K,'TH theo DV'!C7)/$D$1 -> 0 | E7: =SUMIFS('PL1.1 ML2027-2028'!$G:$G,'PL1.1 ML2027-2028'!$J:$J,'TH theo DV'!$E$3,'PL1.1 ML2027-2028'!$K:$K,'TH theo DV'!C7)/$D$1 -> 0 | F7: =SUMIFS('PL1.1 ML2027-2028'!$G:$G,'PL1.1 ML2027-2028'!$J:$J,'TH theo DV'!$F$3,'PL1.1 ML2027-2028'!$K:$K,'TH theo DV'!C7)/$D$1 -> 0 | G7: =SUMIFS('PL1.1 ML2027-2028'!$G:$G,'PL1.1 ML2027-2028'!$J:$J,'TH theo DV'!$G$3,'PL1.1 ML2027-2028'!$K:$K,'TH theo DV'!C7)/$D$1 -> 0 | H7: =SUMIFS('PL1.1 ML2027-2028'!$G:$G,'PL1.1 ML2027-2028'!$J:$J,'TH theo DV'!$H$3,'PL1.1 ML2027-2028'!$K:$K,'TH theo DV'!C7)/$D$1 -> 0 | I7: =SUMIFS('PL1.1 ML2027-2028'!$G:$G,'PL1.1 ML2027-2028'!$J:$J,I$3,'PL1.1 ML2027-2028'!$K:$K,C7)/$D$1 -> 0 | J7: =SUMIFS('PL1.1 ML2027-2028'!$G:$G,'PL1.1 ML2027-2028'!$J:$J,'TH theo DV'!$J$3,'PL1.1 ML2027-2028'!$K:$K,'TH theo DV'!C7)/$D$1 -> 0 | K7: =SUMIFS('PL1.1 ML2027-2028'!$G:$G,'PL1.1 ML2027-2028'!$J:$J,'TH theo DV'!K$3,'PL1.1 ML2027-2028'!$K:$K,'TH theo DV'!$C7)/$D$1 -> 0 | L7: =SUM(D7:K7) -> 0 | M7: =L7/$L$4 -> #DIV/0! | N7: =SUMIFS('PL1.1 ML2027-2028'!$H:$H,'PL1.1 ML2027-2028'!$J:$J,'TH theo DV'!N$3,'PL1.1 ML2027-2028'!$K:$K,'TH theo DV'!$C7)/$D$1 -> 0 | O7: =SUMIFS('PL1.1 ML2027-2028'!$H:$H,'PL1.1 ML2027-2028'!$J:$J,'TH theo DV'!O$3,'PL1.1 ML2027-2028'!$K:$K,'TH theo DV'!$C7)/$D$1 -> 0 | P7: =SUMIFS('PL1.1 ML2027-2028'!$H:$H,'PL1.1 ML2027-2028'!$J:$J,'TH theo DV'!P$3,'PL1.1 ML2027-2028'!$K:$K,'TH theo DV'!$C7)/$D$1 -> 0 | Q7: =SUMIFS('PL1.1 ML2027-2028'!$H:$H,'PL1.1 ML2027-2028'!$J:$J,'TH theo DV'!Q$3,'PL1.1 ML2027-2028'!$K:$K,'TH theo DV'!$C7)/$D$1 -> 0 | R7: =SUMIFS('PL1.1 ML2027-2028'!$H:$H,'PL1.1 ML2027-2028'!$J:$J,'TH theo DV'!R$3,'PL1.1 ML2027-2028'!$K:$K,'TH theo DV'!$C7)/$D$1 -> 0 | S7: =SUMIFS('PL1.1 ML2027-2028'!$H:$H,'PL1.1 ML2027-2028'!$J:$J,'TH theo DV'!S$3,'PL1.1 ML2027-2028'!$K:$K,'TH theo DV'!$C7)/$D$1 -> 0 | T7: =SUMIFS('PL1.1 ML2027-2028'!$H:$H,'PL1.1 ML2027-2028'!$J:$J,'TH theo DV'!T$3,'PL1.1 ML2027-2028'!$K:$K,'TH theo DV'!$C7)/$D$1 -> 0 | U7: =SUMIFS('PL1.1 ML2027-2028'!$H:$H,'PL1.1 ML2027-2028'!$J:$J,'TH theo DV'!U$3,'PL1.1 ML2027-2028'!$K:$K,'TH theo DV'!$C7)/$D$1 -> 0 | V7: =SUM(N7:U7) -> 0 | X7: =D7+N7 -> 0 | Y7: =E7+O7 -> 0 | Z7: =F7+P7 -> 0 | AA7: =G7+Q7 -> 0 | AB7: =H7+R7 -> 0 | AC7: =I7+S7 -> 0 | AD7: =J7+T7 -> 0 | AE7: =SUM(X7:AD7) -> 0 | AF7: =AE7/$AE$4 -> #DIV/0!
A8: 2 | B8: XGSPON | C8: XGSPON | D8: =SUMIFS('PL1.1 ML2027-2028'!$G:$G,'PL1.1 ML2027-2028'!$J:$J,'TH theo DV'!$D$3,'PL1.1 ML2027-2028'!$K:$K,'TH theo DV'!C8)/$D$1 -> 0 | E8: =SUMIFS('PL1.1 ML2027-2028'!$G:$G,'PL1.1 ML2027-2028'!$J:$J,'TH theo DV'!$E$3,'PL1.1 ML2027-2028'!$K:$K,'TH theo DV'!C8)/$D$1 -> 0 | F8: =SUMIFS('PL1.1 ML2027-2028'!$G:$G,'PL1.1 ML2027-2028'!$J:$J,'TH theo DV'!$F$3,'PL1.1 ML2027-2028'!$K:$K,'TH theo DV'!C8)/$D$1 -> 0 | G8: =SUMIFS('PL1.1 ML2027-2028'!$G:$G,'PL1.1 ML2027-2028'!$J:$J,'TH theo DV'!$G$3,'PL1.1 ML2027-2028'!$K:$K,'TH theo DV'!C8)/$D$1 -> 0 | H8: =SUMIFS('PL1.1 ML2027-2028'!$G:$G,'PL1.1 ML2027-2028'!$J:$J,'TH theo DV'!$H$3,'PL1.1 ML2027-2028'!$K:$K,'TH theo DV'!C8)/$D$1 -> 0 | I8: =SUMIFS('PL1.1 ML2027-2028'!$G:$G,'PL1.1 ML2027-2028'!$J:$J,I$3,'PL1.1 ML2027-2028'!$K:$K,C8)/$D$1 -> 0 | J8: =SUMIFS('PL1.1 ML2027-2028'!$G:$G,'PL1.1 ML2027-2028'!$J:$J,'TH theo DV'!$J$3,'PL1.1 ML2027-2028'!$K:$K,'TH theo DV'!C8)/$D$1 -> 0 | K8: =SUMIFS('PL1.1 ML2027-2028'!$G:$G,'PL1.1 ML2027-2028'!$J:$J,'TH theo DV'!K$3,'PL1.1 ML2027-2028'!$K:$K,'TH theo DV'!$C8)/$D$1 -> 0 | L8: =SUM(D8:K8) -> 0 | M8: =L8/$L$4 -> #DIV/0! | N8: =SUMIFS('PL1.1 ML2027-2028'!$H:$H,'PL1.1 ML2027-2028'!$J:$J,'TH theo DV'!N$3,'PL1.1 ML2027-2028'!$K:$K,'TH theo DV'!$C8)/$D$1 -> 0 | O8: =SUMIFS('PL1.1 ML2027-2028'!$H:$H,'PL1.1 ML2027-2028'!$J:$J,'TH theo DV'!O$3,'PL1.1 ML2027-2028'!$K:$K,'TH theo DV'!$C8)/$D$1 -> 0 | P8: =SUMIFS('PL1.1 ML2027-2028'!$H:$H,'PL1.1 ML2027-2028'!$J:$J,'TH theo DV'!P$3,'PL1.1 ML2027-2028'!$K:$K,'TH theo DV'!$C8)/$D$1 -> 0 | Q8: =SUMIFS('PL1.1 ML2027-2028'!$H:$H,'PL1.1 ML2027-2028'!$J:$J,'TH theo DV'!Q$3,'PL1.1 ML2027-2028'!$K:$K,'TH theo DV'!$C8)/$D$1 -> 0 | R8: =SUMIFS('PL1.1 ML2027-2028'!$H:$H,'PL1.1 ML2027-2028'!$J:$J,'TH theo DV'!R$3,'PL1.1 ML2027-2028'!$K:$K,'TH theo DV'!$C8)/$D$1 -> 0 | S8: =SUMIFS('PL1.1 ML2027-2028'!$H:$H,'PL1.1 ML2027-2028'!$J:$J,'TH theo DV'!S$3,'PL1.1 ML2027-2028'!$K:$K,'TH theo DV'!$C8)/$D$1 -> 0 | T8: =SUMIFS('PL1.1 ML2027-2028'!$H:$H,'PL1.1 ML2027-2028'!$J:$J,'TH theo DV'!T$3,'PL1.1 ML2027-2028'!$K:$K,'TH theo DV'!$C8)/$D$1 -> 0 | U8: =SUMIFS('PL1.1 ML2027-2028'!$H:$H,'PL1.1 ML2027-2028'!$J:$J,'TH theo DV'!U$3,'PL1.1 ML2027-2028'!$K:$K,'TH theo DV'!$C8)/$D$1 -> 0 | V8: =SUM(N8:U8) -> 0 | X8: =D8+N8 -> 0 | Y8: =E8+O8 -> 0 | Z8: =F8+P8 -> 0 | AA8: =G8+Q8 -> 0 | AB8: =H8+R8 -> 0 | AC8: =I8+S8 -> 0 | AD8: =J8+T8 -> 0 | AE8: =SUM(X8:AD8) -> 0 | AF8: =AE8/$AE$4 -> #DIV/0!
A9: 3 | B9: AI/GPU | C9: AI/GPU | D9: =SUMIFS('PL1.1 ML2027-2028'!$G:$G,'PL1.1 ML2027-2028'!$J:$J,'TH theo DV'!$D$3,'PL1.1 ML2027-2028'!$K:$K,'TH theo DV'!C9)/$D$1 -> 0 | E9: =SUMIFS('PL1.1 ML2027-2028'!$G:$G,'PL1.1 ML2027-2028'!$J:$J,'TH theo DV'!$E$3,'PL1.1 ML2027-2028'!$K:$K,'TH theo DV'!C9)/$D$1 -> 0 | F9: =SUMIFS('PL1.1 ML2027-2028'!$G:$G,'PL1.1 ML2027-2028'!$J:$J,'TH theo DV'!$F$3,'PL1.1 ML2027-2028'!$K:$K,'TH theo DV'!C9)/$D$1 -> 0 | G9: =SUMIFS('PL1.1 ML2027-2028'!$G:$G,'PL1.1 ML2027-2028'!$J:$J,'TH theo DV'!G$3,'PL1.1 ML2027-2028'!$K:$K,'TH theo DV'!$C9)/$D$1 -> 0 | H9: =SUMIFS('PL1.1 ML2027-2028'!$G:$G,'PL1.1 ML2027-2028'!$J:$J,'TH theo DV'!$H$3,'PL1.1 ML2027-2028'!$K:$K,'TH theo DV'!C9)/$D$1 -> 0 | I9: =SUMIFS('PL1.1 ML2027-2028'!$G:$G,'PL1.1 ML2027-2028'!$J:$J,I$3,'PL1.1 ML2027-2028'!$K:$K,C9)/$D$1 -> 0 | J9: =SUMIFS('PL1.1 ML2027-2028'!$G:$G,'PL1.1 ML2027-2028'!$J:$J,'TH theo DV'!$J$3,'PL1.1 ML2027-2028'!$K:$K,'TH theo DV'!C9)/$D$1 -> 0 | K9: =SUMIFS('PL1.1 ML2027-2028'!$G:$G,'PL1.1 ML2027-2028'!$J:$J,'TH theo DV'!K$3,'PL1.1 ML2027-2028'!$K:$K,'TH theo DV'!$C9)/$D$1 -> 0 | L9: =SUM(D9:K9) -> 0 | M9: =L9/$L$4 -> #DIV/0! | N9: =SUMIFS('PL1.1 ML2027-2028'!$H:$H,'PL1.1 ML2027-2028'!$J:$J,'TH theo DV'!N$3,'PL1.1 ML2027-2028'!$K:$K,'TH theo DV'!$C9)/$D$1 -> 0 | O9: =SUMIFS('PL1.1 ML2027-2028'!$H:$H,'PL1.1 ML2027-2028'!$J:$J,'TH theo DV'!O$3,'PL1.1 ML2027-2028'!$K:$K,'TH theo DV'!$C9)/$D$1 -> 0 | P9: =SUMIFS('PL1.1 ML2027-2028'!$H:$H,'PL1.1 ML2027-2028'!$J:$J,'TH theo DV'!P$3,'PL1.1 ML2027-2028'!$K:$K,'TH theo DV'!$C9)/$D$1 -> 0 | Q9: =SUMIFS('PL1.1 ML2027-2028'!$H:$H,'PL1.1 ML2027-2028'!$J:$J,'TH theo DV'!Q$3,'PL1.1 ML2027-2028'!$K:$K,'TH theo DV'!$C9)/$D$1 -> 0 | R9: =SUMIFS('PL1.1 ML2027-2028'!$H:$H,'PL1.1 ML2027-2028'!$J:$J,'TH theo DV'!R$3,'PL1.1 ML2027-2028'!$K:$K,'TH theo DV'!$C9)/$D$1 -> 0 | S9: =SUMIFS('PL1.1 ML2027-2028'!$H:$H,'PL1.1 ML2027-2028'!$J:$J,'TH theo DV'!S$3,'PL1.1 ML2027-2028'!$K:$K,'TH theo DV'!$C9)/$D$1 -> 0 | T9: =SUMIFS('PL1.1 ML2027-2028'!$H:$H,'PL1.1 ML2027-2028'!$J:$J,'TH theo DV'!T$3,'PL1.1 ML2027-2028'!$K:$K,'TH theo DV'!$C9)/$D$1 -> 0 | U9: =SUMIFS('PL1.1 ML2027-2028'!$H:$H,'PL1.1 ML2027-2028'!$J:$J,'TH theo DV'!U$3,'PL1.1 ML2027-2028'!$K:$K,'TH theo DV'!$C9)/$D$1 -> 0 | V9: =SUM(N9:U9) -> 0 | X9: =D9+N9 -> 0 | Y9: =E9+O9 -> 0 | Z9: =F9+P9 -> 0 | AA9: =G9+Q9 -> 0 | AB9: =H9+R9 -> 0 | AC9: =I9+S9 -> 0 | AD9: =J9+T9 -> 0 | AE9: =SUM(X9:AD9) -> 0 | AF9: =AE9/$AE$4 -> #DIV/0!
A10: 4 | B10: Private Mobile Network | C10: PMN | D10: =SUMIFS('PL1.1 ML2027-2028'!$G:$G,'PL1.1 ML2027-2028'!$J:$J,'TH theo DV'!$D$3,'PL1.1 ML2027-2028'!$K:$K,'TH theo DV'!C10)/$D$1 -> 0 | E10: =SUMIFS('PL1.1 ML2027-2028'!$G:$G,'PL1.1 ML2027-2028'!$J:$J,'TH theo DV'!$E$3,'PL1.1 ML2027-2028'!$K:$K,'TH theo DV'!C10)/$D$1 -> 0 | F10: =SUMIFS('PL1.1 ML2027-2028'!$G:$G,'PL1.1 ML2027-2028'!$J:$J,'TH theo DV'!$F$3,'PL1.1 ML2027-2028'!$K:$K,'TH theo DV'!C10)/$D$1 -> 0 | G10: =SUMIFS('PL1.1 ML2027-2028'!$G:$G,'PL1.1 ML2027-2028'!$J:$J,'TH theo DV'!$G$3,'PL1.1 ML2027-2028'!$K:$K,'TH theo DV'!C10)/$D$1 -> 0 | H10: =SUMIFS('PL1.1 ML2027-2028'!$G:$G,'PL1.1 ML2027-2028'!$J:$J,'TH theo DV'!$H$3,'PL1.1 ML2027-2028'!$K:$K,'TH theo DV'!C10)/$D$1 -> 0 | I10: =SUMIFS('PL1.1 ML2027-2028'!$G:$G,'PL1.1 ML2027-2028'!$J:$J,I$3,'PL1.1 ML2027-2028'!$K:$K,C10)/$D$1 -> 0 | J10: =SUMIFS('PL1.1 ML2027-2028'!$G:$G,'PL1.1 ML2027-2028'!$J:$J,'TH theo DV'!$J$3,'PL1.1 ML2027-2028'!$K:$K,'TH theo DV'!C10)/$D$1 -> 0 | K10: =SUMIFS('PL1.1 ML2027-2028'!$G:$G,'PL1.1 ML2027-2028'!$J:$J,'TH theo DV'!K$3,'PL1.1 ML2027-2028'!$K:$K,'TH theo DV'!$C10)/$D$1 -> 0 | L10: =SUM(D10:K10) -> 0 | M10: =L10/$L$4 -> #DIV/0! | N10: =SUMIFS('PL1.1 ML2027-2028'!$H:$H,'PL1.1 ML2027-2028'!$J:$J,'TH theo DV'!N$3,'PL1.1 ML2027-2028'!$K:$K,'TH theo DV'!$C10)/$D$1 -> 0 | O10: =SUMIFS('PL1.1 ML2027-2028'!$H:$H,'PL1.1 ML2027-2028'!$J:$J,'TH theo DV'!O$3,'PL1.1 ML2027-2028'!$K:$K,'TH theo DV'!$C10)/$D$1 -> 0 | P10: =SUMIFS('PL1.1 ML2027-2028'!$H:$H,'PL1.1 ML2027-2028'!$J:$J,'TH theo DV'!P$3,'PL1.1 ML2027-2028'!$K:$K,'TH theo DV'!$C10)/$D$1 -> 0 | Q10: =SUMIFS('PL1.1 ML2027-2028'!$H:$H,'PL1.1 ML2027-2028'!$J:$J,'TH theo DV'!Q$3,'PL1.1 ML2027-2028'!$K:$K,'TH theo DV'!$C10)/$D$1 -> 0 | R10: =SUMIFS('PL1.1 ML2027-2028'!$H:$H,'PL1.1 ML2027-2028'!$J:$J,'TH theo DV'!R$3,'PL1.1 ML2027-2028'!$K:$K,'TH theo DV'!$C10)/$D$1 -> 0 | S10: =SUMIFS('PL1.1 ML2027-2028'!$H:$H,'PL1.1 ML2027-2028'!$J:$J,'TH theo DV'!S$3,'PL1.1 ML2027-2028'!$K:$K,'TH theo DV'!$C10)/$D$1 -> 0 | T10: =SUMIFS('PL1.1 ML2027-2028'!$H:$H,'PL1.1 ML2027-2028'!$J:$J,'TH theo DV'!T$3,'PL1.1 ML2027-2028'!$K:$K,'TH theo DV'!$C10)/$D$1 -> 0 | U10: =SUMIFS('PL1.1 ML2027-2028'!$H:$H,'PL1.1 ML2027-2028'!$J:$J,'TH theo DV'!U$3,'PL1.1 ML2027-2028'!$K:$K,'TH theo DV'!$C10)/$D$1 -> 0 | V10: =SUM(N10:U10) -> 0 | X10: =D10+N10 -> 0 | Y10: =E10+O10 -> 0 | Z10: =F10+P10 -> 0 | AA10: =G10+Q10 -> 0 | AB10: =H10+R10 -> 0 | AC10: =I10+S10 -> 0 | AD10: =J10+T10 -> 0 | AE10: =SUM(X10:AD10) -> 0 | AF10: =AE10/$AE$4 -> #DIV/0!
A11: II | B11: Mở rộng mạng lưới hiện tại cho kinh doanh | D11: =SUBTOTAL(9,D12:D25) -> 0 | E11: =SUBTOTAL(9,E12:E25) -> 0 | F11: =SUBTOTAL(9,F12:F25) -> 0 | G11: =SUBTOTAL(9,G12:G25) -> 0 | H11: =SUBTOTAL(9,H12:H25) -> 0 | J11: =SUBTOTAL(9,J12:J25) -> 0 | K11: =SUBTOTAL(9,K12:K25) -> 0 | L11: =SUBTOTAL(9,L12:L25) -> 0 | M11: =L11/$L$4 -> #DIV/0! | N11: =SUBTOTAL(9,N12:N25) -> 0 | O11: =SUBTOTAL(9,O12:O25) -> 0 | P11: =SUBTOTAL(9,P12:P25) -> 0 | Q11: =SUBTOTAL(9,Q12:Q25) -> 0 | R11: =SUBTOTAL(9,R12:R25) -> 0 | S11: =SUBTOTAL(9,S12:S25) -> 0 | T11: =SUBTOTAL(9,T12:T25) -> 0 | U11: =SUBTOTAL(9,U12:U25) -> 0 | V11: =SUBTOTAL(9,V12:V25) -> 0 | W11: =V11/$V$4 -> #DIV/0! | X11: =SUBTOTAL(9,X12:X29) -> 0 | Y11: =SUBTOTAL(9,Y12:Y29) -> 0 | Z11: =SUBTOTAL(9,Z12:Z29) -> 0 | AA11: =SUBTOTAL(9,AA12:AA29) -> 0 | AB11: =SUBTOTAL(9,AB12:AB29) -> 0 | AC11: =SUBTOTAL(9,AC12:AC29) -> 0 | AD11: =SUBTOTAL(9,AD12:AD29) -> 0 | AE11: =SUBTOTAL(9,AE12:AE25) -> 0 | AF11: =AE11/$AE$4 -> #DIV/0!
A12: 1 | B12: Mạng 2/3/4G | D12: =SUBTOTAL(9,D13:D14) -> 0 | E12: =SUBTOTAL(9,E13:E14) -> 0 | F12: =SUBTOTAL(9,F13:F14) -> 0 | G12: =SUBTOTAL(9,G13:G14) -> 0 | H12: =SUBTOTAL(9,H13:H14) -> 0 | I12: =SUBTOTAL(9,I13:I14) -> 0 | J12: =SUBTOTAL(9,J13:J14) -> 0 | K12: =SUBTOTAL(9,K13:K14) -> 0 | L12: =SUBTOTAL(9,L13:L14) -> 0 | M12: =L12/$L$4 -> #DIV/0! | N12: =SUBTOTAL(9,N13:N14) -> 0 | O12: =SUBTOTAL(9,O13:O14) -> 0 | P12: =SUBTOTAL(9,P13:P14) -> 0 | Q12: =SUBTOTAL(9,Q13:Q14) -> 0 | R12: =SUBTOTAL(9,R13:R14) -> 0 | S12: =SUBTOTAL(9,S13:S14) -> 0 | T12: =SUBTOTAL(9,T13:T14) -> 0 | U12: =SUBTOTAL(9,U13:U14) -> 0 | V12: =SUBTOTAL(9,V13:V14) -> 0 | W12: =V12/$V$4 -> #DIV/0! | X12: =SUBTOTAL(9,X13:X14) -> 0 | Y12: =SUBTOTAL(9,Y13:Y14) -> 0 | Z12: =SUBTOTAL(9,Z13:Z14) -> 0 | AA12: =SUBTOTAL(9,AA13:AA14) -> 0 | AB12: =SUBTOTAL(9,AB13:AB14) -> 0 | AC12: =SUBTOTAL(9,AC13:AC14) -> 0 | AD12: =SUBTOTAL(9,AD13:AD14) -> 0 | AE12: =SUBTOTAL(9,AE13:AE14) -> 0 | AF12: =AE12/$AE$4 -> #DIV/0!
A13: - | B13: 2/3/4G vùng phủ | C13: VPDĐ | D13: =SUMIFS('PL1.1 ML2027-2028'!$G:$G,'PL1.1 ML2027-2028'!$J:$J,'TH theo DV'!$D$3,'PL1.1 ML2027-2028'!$K:$K,'TH theo DV'!C13)/$D$1 -> 0 | E13: =SUMIFS('PL1.1 ML2027-2028'!$G:$G,'PL1.1 ML2027-2028'!$J:$J,'TH theo DV'!$E$3,'PL1.1 ML2027-2028'!$K:$K,'TH theo DV'!C13)/$D$1 -> 0 | F13: =SUMIFS('PL1.1 ML2027-2028'!$G:$G,'PL1.1 ML2027-2028'!$J:$J,'TH theo DV'!$F$3,'PL1.1 ML2027-2028'!$K:$K,'TH theo DV'!C13)/$D$1 -> 0 | G13: =SUMIFS('PL1.1 ML2027-2028'!$G:$G,'PL1.1 ML2027-2028'!$J:$J,'TH theo DV'!$G$3,'PL1.1 ML2027-2028'!$K:$K,'TH theo DV'!C13)/$D$1 -> 0 | H13: =SUMIFS('PL1.1 ML2027-2028'!$G:$G,'PL1.1 ML2027-2028'!$J:$J,'TH theo DV'!H$3,'PL1.1 ML2027-2028'!$K:$K,'TH theo DV'!$C13)/$D$1 -> 0 | I13: =SUMIFS('PL1.1 ML2027-2028'!$G:$G,'PL1.1 ML2027-2028'!$J:$J,I$3,'PL1.1 ML2027-2028'!$K:$K,C13)/$D$1 -> 0 | J13: =SUMIFS('PL1.1 ML2027-2028'!$G:$G,'PL1.1 ML2027-2028'!$J:$J,'TH theo DV'!$J$3,'PL1.1 ML2027-2028'!$K:$K,'TH theo DV'!C13)/$D$1 -> 0 | K13: =SUMIFS('PL1.1 ML2027-2028'!$G:$G,'PL1.1 ML2027-2028'!$J:$J,'TH theo DV'!K$3,'PL1.1 ML2027-2028'!$K:$K,'TH theo DV'!$C13)/$D$1 -> 0 | L13: =SUM(D13:K13) -> 0 | M13: =L13/$L$4 -> #DIV/0! | N13: =SUMIFS('PL1.1 ML2027-2028'!$H:$H,'PL1.1 ML2027-2028'!$J:$J,'TH theo DV'!N$3,'PL1.1 ML2027-2028'!$K:$K,'TH theo DV'!$C13)/$D$1 -> 0 | O13: =SUMIFS('PL1.1 ML2027-2028'!$H:$H,'PL1.1 ML2027-2028'!$J:$J,'TH theo DV'!O$3,'PL1.1 ML2027-2028'!$K:$K,'TH theo DV'!$C13)/$D$1 -> 0 | P13: =SUMIFS('PL1.1 ML2027-2028'!$H:$H,'PL1.1 ML2027-2028'!$J:$J,'TH theo DV'!P$3,'PL1.1 ML2027-2028'!$K:$K,'TH theo DV'!$C13)/$D$1 -> 0 | Q13: =SUMIFS('PL1.1 ML2027-2028'!$H:$H,'PL1.1 ML2027-2028'!$J:$J,'TH theo DV'!Q$3,'PL1.1 ML2027-2028'!$K:$K,'TH theo DV'!$C13)/$D$1 -> 0 | R13: =SUMIFS('PL1.1 ML2027-2028'!$H:$H,'PL1.1 ML2027-2028'!$J:$J,'TH theo DV'!R$3,'PL1.1 ML2027-2028'!$K:$K,'TH theo DV'!$C13)/$D$1 -> 0 | S13: =SUMIFS('PL1.1 ML2027-2028'!$H:$H,'PL1.1 ML2027-2028'!$J:$J,'TH theo DV'!S$3,'PL1.1 ML2027-2028'!$K:$K,'TH theo DV'!$C13)/$D$1 -> 0 | T13: =SUMIFS('PL1.1 ML2027-2028'!$H:$H,'PL1.1 ML2027-2028'!$J:$J,'TH theo DV'!T$3,'PL1.1 ML2027-2028'!$K:$K,'TH theo DV'!$C13)/$D$1 -> 0 | U13: =SUMIFS('PL1.1 ML2027-2028'!$H:$H,'PL1.1 ML2027-2028'!$J:$J,'TH theo DV'!U$3,'PL1.1 ML2027-2028'!$K:$K,'TH theo DV'!$C13)/$D$1 -> 0 | V13: =SUM(N13:U13) -> 0 | X13: =D13+N13 -> 0 | Y13: =E13+O13 -> 0 | Z13: =F13+P13 -> 0 | AA13: =G13+Q13 -> 0 | AB13: =H13+R13 -> 0 | AC13: =I13+S13 -> 0 | AD13: =J13+T13 -> 0 | AE13: =SUM(X13:AD13) -> 0 | AF13: =AE13/$AE$4 -> #DIV/0!
A14: - | B14: 2/3/4G dung lượng | C14: DLDĐ | D14: =SUMIFS('PL1.1 ML2027-2028'!$G:$G,'PL1.1 ML2027-2028'!$J:$J,'TH theo DV'!$D$3,'PL1.1 ML2027-2028'!$K:$K,'TH theo DV'!C14)/$D$1 -> 0 | E14: =SUMIFS('PL1.1 ML2027-2028'!$G:$G,'PL1.1 ML2027-2028'!$J:$J,'TH theo DV'!$E$3,'PL1.1 ML2027-2028'!$K:$K,'TH theo DV'!C14)/$D$1 -> 0 | F14: =SUMIFS('PL1.1 ML2027-2028'!$G:$G,'PL1.1 ML2027-2028'!$J:$J,'TH theo DV'!$F$3,'PL1.1 ML2027-2028'!$K:$K,'TH theo DV'!C14)/$D$1 -> 0 | G14: =SUMIFS('PL1.1 ML2027-2028'!$G:$G,'PL1.1 ML2027-2028'!$J:$J,'TH theo DV'!$G$3,'PL1.1 ML2027-2028'!$K:$K,'TH theo DV'!C14)/$D$1 -> 0 | H14: =SUMIFS('PL1.1 ML2027-2028'!$G:$G,'PL1.1 ML2027-2028'!$J:$J,'TH theo DV'!H$3,'PL1.1 ML2027-2028'!$K:$K,'TH theo DV'!$C14)/$D$1 -> 0 | I14: =SUMIFS('PL1.1 ML2027-2028'!$G:$G,'PL1.1 ML2027-2028'!$J:$J,I$3,'PL1.1 ML2027-2028'!$K:$K,C14)/$D$1+SUMIFS('PL1.1 ML2027-2028'!$G:$G,'PL1.1 ML2027-2028'!$J:$J,I$3,'PL1.1 ML2027-2028'!$K:$K,C14)/$D$1 -> 0 | J14: =SUMIFS('PL1.1 ML2027-2028'!$G:$G,'PL1.1 ML2027-2028'!$J:$J,'TH theo DV'!$J$3,'PL1.1 ML2027-2028'!$K:$K,'TH theo DV'!C14)/$D$1 -> 0 | K14: =SUMIFS('PL1.1 ML2027-2028'!$G:$G,'PL1.1 ML2027-2028'!$J:$J,'TH theo DV'!K$3,'PL1.1 ML2027-2028'!$K:$K,'TH theo DV'!$C14)/$D$1 -> 0 | L14: =SUM(D14:K14) -> 0 | M14: =L14/$L$4 -> #DIV/0! | N14: =SUMIFS('PL1.1 ML2027-2028'!$H:$H,'PL1.1 ML2027-2028'!$J:$J,'TH theo DV'!N$3,'PL1.1 ML2027-2028'!$K:$K,'TH theo DV'!$C14)/$D$1 -> 0 | O14: =SUMIFS('PL1.1 ML2027-2028'!$H:$H,'PL1.1 ML2027-2028'!$J:$J,'TH theo DV'!O$3,'PL1.1 ML2027-2028'!$K:$K,'TH theo DV'!$C14)/$D$1 -> 0 | P14: =SUMIFS('PL1.1 ML2027-2028'!$H:$H,'PL1.1 ML2027-2028'!$J:$J,'TH theo DV'!P$3,'PL1.1 ML2027-2028'!$K:$K,'TH theo DV'!$C14)/$D$1 -> 0 | Q14: =SUMIFS('PL1.1 ML2027-2028'!$H:$H,'PL1.1 ML2027-2028'!$J:$J,'TH theo DV'!Q$3,'PL1.1 ML2027-2028'!$K:$K,'TH theo DV'!$C14)/$D$1 -> 0 | R14: =SUMIFS('PL1.1 ML2027-2028'!$H:$H,'PL1.1 ML2027-2028'!$J:$J,'TH theo DV'!R$3,'PL1.1 ML2027-2028'!$K:$K,'TH theo DV'!$C14)/$D$1 -> 0 | S14: =SUMIFS('PL1.1 ML2027-2028'!$H:$H,'PL1.1 ML2027-2028'!$J:$J,'TH theo DV'!S$3,'PL1.1 ML2027-2028'!$K:$K,'TH theo DV'!$C14)/$D$1 -> 0 | T14: =SUMIFS('PL1.1 ML2027-2028'!$H:$H,'PL1.1 ML2027-2028'!$J:$J,'TH theo DV'!T$3,'PL1.1 ML2027-2028'!$K:$K,'TH theo DV'!$C14)/$D$1 -> 0 | U14: =SUMIFS('PL1.1 ML2027-2028'!$H:$H,'PL1.1 ML2027-2028'!$J:$J,'TH theo DV'!U$3,'PL1.1 ML2027-2028'!$K:$K,'TH theo DV'!$C14)/$D$1 -> 0 | V14: =SUM(N14:U14) -> 0 | X14: =D14+N14 -> 0 | Y14: =E14+O14 -> 0 | Z14: =F14+P14 -> 0 | AA14: =G14+Q14 -> 0 | AB14: =H14+R14 -> 0 | AC14: =I14+S14 -> 0 | AD14: =J14+T14 -> 0 | AE14: =SUM(X14:AD14) -> 0 | AF14: =AE14/$AE$4 -> #DIV/0!
A15: 2 | B15: Mạng BRCĐ&TH | D15: =SUBTOTAL(9,D16:D19) -> 0 | E15: =SUBTOTAL(9,E16:E19) -> 0 | F15: =SUBTOTAL(9,F16:F19) -> 0 | G15: =SUBTOTAL(9,G16:G19) -> 0 | H15: =SUBTOTAL(9,H16:H19) -> 0 | I15: =SUBTOTAL(9,I16:I19) -> 0 | J15: =SUBTOTAL(9,J16:J19) -> 0 | K15: =SUBTOTAL(9,K16:K19) -> 0 | L15: =SUBTOTAL(9,L16:L19) -> 0 | M15: =L15/$L$4 -> #DIV/0! | N15: =SUBTOTAL(9,N16:N19) -> 0 | O15: =SUBTOTAL(9,O16:O19) -> 0 | P15: =SUBTOTAL(9,P16:P19) -> 0 | Q15: =SUBTOTAL(9,Q16:Q19) -> 0 | R15: =SUBTOTAL(9,R16:R19) -> 0 | S15: =SUBTOTAL(9,S16:S19) -> 0 | T15: =SUBTOTAL(9,T16:T19) -> 0 | U15: =SUBTOTAL(9,U16:U19) -> 0 | V15: =SUBTOTAL(9,V16:V19) -> 0 | W15: =V15/$V$4 -> #DIV/0! | X15: =SUBTOTAL(9,X16:X19) -> 0 | Y15: =SUBTOTAL(9,Y16:Y19) -> 0 | Z15: =SUBTOTAL(9,Z16:Z19) -> 0 | AA15: =SUBTOTAL(9,AA16:AA19) -> 0 | AB15: =SUBTOTAL(9,AB16:AB19) -> 0 | AC15: =SUBTOTAL(9,AC16:AC19) -> 0 | AD15: =SUBTOTAL(9,AD16:AD19) -> 0 | AE15: =SUBTOTAL(9,AE16:AE19) -> 0 | AF15: =AE15/$AE$4 -> #DIV/0!
A16: - | B16: Vùng phủ GPON | C16: VPGPON | D16: =SUMIFS('PL1.1 ML2027-2028'!$G:$G,'PL1.1 ML2027-2028'!$J:$J,'TH theo DV'!$D$3,'PL1.1 ML2027-2028'!$K:$K,'TH theo DV'!C16)/$D$1 -> 0 | E16: =SUMIFS('PL1.1 ML2027-2028'!$G:$G,'PL1.1 ML2027-2028'!$J:$J,'TH theo DV'!$E$3,'PL1.1 ML2027-2028'!$K:$K,'TH theo DV'!C16)/$D$1 -> 0 | F16: =SUMIFS('PL1.1 ML2027-2028'!$G:$G,'PL1.1 ML2027-2028'!$J:$J,'TH theo DV'!$F$3,'PL1.1 ML2027-2028'!$K:$K,'TH theo DV'!C16)/$D$1 -> 0 | G16: =SUMIFS('PL1.1 ML2027-2028'!$G:$G,'PL1.1 ML2027-2028'!$J:$J,'TH theo DV'!$G$3,'PL1.1 ML2027-2028'!$K:$K,'TH theo DV'!C16)/$D$1 -> 0 | H16: =SUMIFS('PL1.1 ML2027-2028'!$G:$G,'PL1.1 ML2027-2028'!$J:$J,'TH theo DV'!$H$3,'PL1.1 ML2027-2028'!$K:$K,'TH theo DV'!C16)/$D$1 -> 0 | I16: =SUMIFS('PL1.1 ML2027-2028'!$G:$G,'PL1.1 ML2027-2028'!$J:$J,I$3,'PL1.1 ML2027-2028'!$K:$K,C16)/$D$1 -> 0 | J16: =SUMIFS('PL1.1 ML2027-2028'!$G:$G,'PL1.1 ML2027-2028'!$J:$J,'TH theo DV'!$J$3,'PL1.1 ML2027-2028'!$K:$K,'TH theo DV'!C16)/$D$1 -> 0 | K16: =SUMIFS('PL1.1 ML2027-2028'!$G:$G,'PL1.1 ML2027-2028'!$J:$J,'TH theo DV'!K$3,'PL1.1 ML2027-2028'!$K:$K,'TH theo DV'!$C16)/$D$1 -> 0 | L16: =SUM(D16:K16) -> 0 | M16: =L16/$L$4 -> #DIV/0! | N16: =SUMIFS('PL1.1 ML2027-2028'!$H:$H,'PL1.1 ML2027-2028'!$J:$J,'TH theo DV'!N$3,'PL1.1 ML2027-2028'!$K:$K,'TH theo DV'!$C16)/$D$1 -> 0 | O16: =SUMIFS('PL1.1 ML2027-2028'!$H:$H,'PL1.1 ML2027-2028'!$J:$J,'TH theo DV'!O$3,'PL1.1 ML2027-2028'!$K:$K,'TH theo DV'!$C16)/$D$1 -> 0 | P16: =SUMIFS('PL1.1 ML2027-2028'!$H:$H,'PL1.1 ML2027-2028'!$J:$J,'TH theo DV'!P$3,'PL1.1 ML2027-2028'!$K:$K,'TH theo DV'!$C16)/$D$1 -> 0 | Q16: =SUMIFS('PL1.1 ML2027-2028'!$H:$H,'PL1.1 ML2027-2028'!$J:$J,'TH theo DV'!Q$3,'PL1.1 ML2027-2028'!$K:$K,'TH theo DV'!$C16)/$D$1 -> 0 | R16: =SUMIFS('PL1.1 ML2027-2028'!$H:$H,'PL1.1 ML2027-2028'!$J:$J,'TH theo DV'!R$3,'PL1.1 ML2027-2028'!$K:$K,'TH theo DV'!$C16)/$D$1 -> 0 | S16: =SUMIFS('PL1.1 ML2027-2028'!$H:$H,'PL1.1 ML2027-2028'!$J:$J,'TH theo DV'!S$3,'PL1.1 ML2027-2028'!$K:$K,'TH theo DV'!$C16)/$D$1 -> 0 | T16: =SUMIFS('PL1.1 ML2027-2028'!$H:$H,'PL1.1 ML2027-2028'!$J:$J,'TH theo DV'!T$3,'PL1.1 ML2027-2028'!$K:$K,'TH theo DV'!$C16)/$D$1 -> 0 | U16: =SUMIFS('PL1.1 ML2027-2028'!$H:$H,'PL1.1 ML2027-2028'!$J:$J,'TH theo DV'!U$3,'PL1.1 ML2027-2028'!$K:$K,'TH theo DV'!$C16)/$D$1 -> 0 | V16: =SUM(N16:U16) -> 0 | X16: =D16+N16 -> 0 | Y16: =E16+O16 -> 0 | Z16: =F16+P16 -> 0 | AA16: =G16+Q16 -> 0 | AB16: =H16+R16 -> 0 | AC16: =I16+S16 -> 0 | AD16: =J16+T16 -> 0 | AE16: =SUM(X16:AD16) -> 0 | AF16: =AE16/$AE$4 -> #DIV/0!
A17: - | B17: Dung lượng Internet | C17: DLGPON | D17: =SUMIFS('PL1.1 ML2027-2028'!$G:$G,'PL1.1 ML2027-2028'!$J:$J,'TH theo DV'!$D$3,'PL1.1 ML2027-2028'!$K:$K,'TH theo DV'!C17)/$D$1 -> 0 | E17: =SUMIFS('PL1.1 ML2027-2028'!$G:$G,'PL1.1 ML2027-2028'!$J:$J,'TH theo DV'!$E$3,'PL1.1 ML2027-2028'!$K:$K,'TH theo DV'!C17)/$D$1 -> 0 | F17: =SUMIFS('PL1.1 ML2027-2028'!$G:$G,'PL1.1 ML2027-2028'!$J:$J,'TH theo DV'!$F$3,'PL1.1 ML2027-2028'!$K:$K,'TH theo DV'!C17)/$D$1 -> 0 | G17: =SUMIFS('PL1.1 ML2027-2028'!$G:$G,'PL1.1 ML2027-2028'!$J:$J,'TH theo DV'!$G$3,'PL1.1 ML2027-2028'!$K:$K,'TH theo DV'!C17)/$D$1 -> 0 | H17: =SUMIFS('PL1.1 ML2027-2028'!$G:$G,'PL1.1 ML2027-2028'!$J:$J,'TH theo DV'!$H$3,'PL1.1 ML2027-2028'!$K:$K,'TH theo DV'!C17)/$D$1 -> 0 | I17: =SUMIFS('PL1.1 ML2027-2028'!$G:$G,'PL1.1 ML2027-2028'!$J:$J,I$3,'PL1.1 ML2027-2028'!$K:$K,C17)/$D$1 -> 0 | J17: =SUMIFS('PL1.1 ML2027-2028'!$G:$G,'PL1.1 ML2027-2028'!$J:$J,'TH theo DV'!$J$3,'PL1.1 ML2027-2028'!$K:$K,'TH theo DV'!C17)/$D$1 -> 0 | K17: =SUMIFS('PL1.1 ML2027-2028'!$G:$G,'PL1.1 ML2027-2028'!$J:$J,'TH theo DV'!K$3,'PL1.1 ML2027-2028'!$K:$K,'TH theo DV'!$C17)/$D$1 -> 0 | L17: =SUM(D17:K17) -> 0 | M17: =L17/$L$4 -> #DIV/0! | N17: =SUMIFS('PL1.1 ML2027-2028'!$H:$H,'PL1.1 ML2027-2028'!$J:$J,'TH theo DV'!N$3,'PL1.1 ML2027-2028'!$K:$K,'TH theo DV'!$C17)/$D$1 -> 0 | O17: =SUMIFS('PL1.1 ML2027-2028'!$H:$H,'PL1.1 ML2027-2028'!$J:$J,'TH theo DV'!O$3,'PL1.1 ML2027-2028'!$K:$K,'TH theo DV'!$C17)/$D$1 -> 0 | P17: =SUMIFS('PL1.1 ML2027-2028'!$H:$H,'PL1.1 ML2027-2028'!$J:$J,'TH theo DV'!P$3,'PL1.1 ML2027-2028'!$K:$K,'TH theo DV'!$C17)/$D$1 -> 0 | Q17: =SUMIFS('PL1.1 ML2027-2028'!$H:$H,'PL1.1 ML2027-2028'!$J:$J,'TH theo DV'!Q$3,'PL1.1 ML2027-2028'!$K:$K,'TH theo DV'!$C17)/$D$1 -> 0 | R17: =SUMIFS('PL1.1 ML2027-2028'!$H:$H,'PL1.1 ML2027-2028'!$J:$J,'TH theo DV'!R$3,'PL1.1 ML2027-2028'!$K:$K,'TH theo DV'!$C17)/$D$1 -> 0 | S17: =SUMIFS('PL1.1 ML2027-2028'!$H:$H,'PL1.1 ML2027-2028'!$J:$J,'TH theo DV'!S$3,'PL1.1 ML2027-2028'!$K:$K,'TH theo DV'!$C17)/$D$1 -> 0 | T17: =SUMIFS('PL1.1 ML2027-2028'!$H:$H,'PL1.1 ML2027-2028'!$J:$J,'TH theo DV'!T$3,'PL1.1 ML2027-2028'!$K:$K,'TH theo DV'!$C17)/$D$1 -> 0 | U17: =SUMIFS('PL1.1 ML2027-2028'!$H:$H,'PL1.1 ML2027-2028'!$J:$J,'TH theo DV'!U$3,'PL1.1 ML2027-2028'!$K:$K,'TH theo DV'!$C17)/$D$1 -> 0 | V17: =SUM(N17:U17) -> 0 | X17: =D17+N17 -> 0 | Y17: =E17+O17 -> 0 | Z17: =F17+P17 -> 0 | AA17: =G17+Q17 -> 0 | AB17: =H17+R17 -> 0 | AC17: =I17+S17 -> 0 | AD17: =J17+T17 -> 0 | AE17: =SUM(X17:AD17) -> 0 | AF17: =AE17/$AE$4 -> #DIV/0!
A18: - | B18: Dung lượng Truyền hình | C18: TH | D18: =SUMIFS('PL1.1 ML2027-2028'!$G:$G,'PL1.1 ML2027-2028'!$J:$J,'TH theo DV'!$D$3,'PL1.1 ML2027-2028'!$K:$K,'TH theo DV'!C18)/$D$1 -> 0 | E18: =SUMIFS('PL1.1 ML2027-2028'!$G:$G,'PL1.1 ML2027-2028'!$J:$J,'TH theo DV'!$E$3,'PL1.1 ML2027-2028'!$K:$K,'TH theo DV'!C18)/$D$1 -> 0 | F18: =SUMIFS('PL1.1 ML2027-2028'!$G:$G,'PL1.1 ML2027-2028'!$J:$J,'TH theo DV'!$F$3,'PL1.1 ML2027-2028'!$K:$K,'TH theo DV'!C18)/$D$1 -> 0 | G18: =SUMIFS('PL1.1 ML2027-2028'!$G:$G,'PL1.1 ML2027-2028'!$J:$J,'TH theo DV'!$G$3,'PL1.1 ML2027-2028'!$K:$K,'TH theo DV'!C18)/$D$1 -> 0 | H18: =SUMIFS('PL1.1 ML2027-2028'!$G:$G,'PL1.1 ML2027-2028'!$J:$J,'TH theo DV'!$H$3,'PL1.1 ML2027-2028'!$K:$K,'TH theo DV'!C18)/$D$1 -> 0 | I18: =SUMIFS('PL1.1 ML2027-2028'!$G:$G,'PL1.1 ML2027-2028'!$J:$J,I$3,'PL1.1 ML2027-2028'!$K:$K,C18)/$D$1 -> 0 | J18: =SUMIFS('PL1.1 ML2027-2028'!$G:$G,'PL1.1 ML2027-2028'!$J:$J,'TH theo DV'!$J$3,'PL1.1 ML2027-2028'!$K:$K,'TH theo DV'!C18)/$D$1 -> 0 | K18: =SUMIFS('PL1.1 ML2027-2028'!$G:$G,'PL1.1 ML2027-2028'!$J:$J,'TH theo DV'!K$3,'PL1.1 ML2027-2028'!$K:$K,'TH theo DV'!$C18)/$D$1 -> 0 | L18: =SUM(D18:K18) -> 0 | M18: =L18/$L$4 -> #DIV/0! | N18: =SUMIFS('PL1.1 ML2027-2028'!$H:$H,'PL1.1 ML2027-2028'!$J:$J,'TH theo DV'!N$3,'PL1.1 ML2027-2028'!$K:$K,'TH theo DV'!$C18)/$D$1 -> 0 | O18: =SUMIFS('PL1.1 ML2027-2028'!$H:$H,'PL1.1 ML2027-2028'!$J:$J,'TH theo DV'!O$3,'PL1.1 ML2027-2028'!$K:$K,'TH theo DV'!$C18)/$D$1 -> 0 | P18: =SUMIFS('PL1.1 ML2027-2028'!$H:$H,'PL1.1 ML2027-2028'!$J:$J,'TH theo DV'!P$3,'PL1.1 ML2027-2028'!$K:$K,'TH theo DV'!$C18)/$D$1 -> 0 | Q18: =SUMIFS('PL1.1 ML2027-2028'!$H:$H,'PL1.1 ML2027-2028'!$J:$J,'TH theo DV'!Q$3,'PL1.1 ML2027-2028'!$K:$K,'TH theo DV'!$C18)/$D$1 -> 0 | R18: =SUMIFS('PL1.1 ML2027-2028'!$H:$H,'PL1.1 ML2027-2028'!$J:$J,'TH theo DV'!R$3,'PL1.1 ML2027-2028'!$K:$K,'TH theo DV'!$C18)/$D$1 -> 0 | S18: =SUMIFS('PL1.1 ML2027-2028'!$H:$H,'PL1.1 ML2027-2028'!$J:$J,'TH theo DV'!S$3,'PL1.1 ML2027-2028'!$K:$K,'TH theo DV'!$C18)/$D$1 -> 0 | T18: =SUMIFS('PL1.1 ML2027-2028'!$H:$H,'PL1.1 ML2027-2028'!$J:$J,'TH theo DV'!T$3,'PL1.1 ML2027-2028'!$K:$K,'TH theo DV'!$C18)/$D$1 -> 0 | U18: =SUMIFS('PL1.1 ML2027-2028'!$H:$H,'PL1.1 ML2027-2028'!$J:$J,'TH theo DV'!U$3,'PL1.1 ML2027-2028'!$K:$K,'TH theo DV'!$C18)/$D$1 -> 0 | V18: =SUM(N18:U18) -> 0 | X18: =D18+N18 -> 0 | Y18: =E18+O18 -> 0 | Z18: =F18+P18 -> 0 | AA18: =G18+Q18 -> 0 | AB18: =H18+R18 -> 0 | AC18: =I18+S18 -> 0 | AD18: =J18+T18 -> 0 | AE18: =SUM(X18:AD18) -> 0 | AF18: =AE18/$AE$4 -> #DIV/0!
A19: - | B19: Kênh truyền | C19: KT | D19: =SUMIFS('PL1.1 ML2027-2028'!$G:$G,'PL1.1 ML2027-2028'!$J:$J,'TH theo DV'!$D$3,'PL1.1 ML2027-2028'!$K:$K,'TH theo DV'!C19)/$D$1 -> 0 | E19: =SUMIFS('PL1.1 ML2027-2028'!$G:$G,'PL1.1 ML2027-2028'!$J:$J,'TH theo DV'!$E$3,'PL1.1 ML2027-2028'!$K:$K,'TH theo DV'!C19)/$D$1 -> 0 | F19: =SUMIFS('PL1.1 ML2027-2028'!$G:$G,'PL1.1 ML2027-2028'!$J:$J,'TH theo DV'!$F$3,'PL1.1 ML2027-2028'!$K:$K,'TH theo DV'!C19)/$D$1 -> 0 | G19: =SUMIFS('PL1.1 ML2027-2028'!$G:$G,'PL1.1 ML2027-2028'!$J:$J,'TH theo DV'!$G$3,'PL1.1 ML2027-2028'!$K:$K,'TH theo DV'!C19)/$D$1 -> 0 | H19: =SUMIFS('PL1.1 ML2027-2028'!$G:$G,'PL1.1 ML2027-2028'!$J:$J,'TH theo DV'!$H$3,'PL1.1 ML2027-2028'!$K:$K,'TH theo DV'!C19)/$D$1 -> 0 | I19: =SUMIFS('PL1.1 ML2027-2028'!$G:$G,'PL1.1 ML2027-2028'!$J:$J,I$3,'PL1.1 ML2027-2028'!$K:$K,C19)/$D$1 -> 0 | J19: =SUMIFS('PL1.1 ML2027-2028'!$G:$G,'PL1.1 ML2027-2028'!$J:$J,'TH theo DV'!$J$3,'PL1.1 ML2027-2028'!$K:$K,'TH theo DV'!C19)/$D$1 -> 0 | K19: =SUMIFS('PL1.1 ML2027-2028'!$G:$G,'PL1.1 ML2027-2028'!$J:$J,'TH theo DV'!K$3,'PL1.1 ML2027-2028'!$K:$K,'TH theo DV'!$C19)/$D$1 -> 0 | L19: =SUM(D19:K19) -> 0 | M19: =L19/$L$4 -> #DIV/0! | N19: =SUMIFS('PL1.1 ML2027-2028'!$H:$H,'PL1.1 ML2027-2028'!$J:$J,'TH theo DV'!N$3,'PL1.1 ML2027-2028'!$K:$K,'TH theo DV'!$C19)/$D$1 -> 0 | O19: =SUMIFS('PL1.1 ML2027-2028'!$H:$H,'PL1.1 ML2027-2028'!$J:$J,'TH theo DV'!O$3,'PL1.1 ML2027-2028'!$K:$K,'TH theo DV'!$C19)/$D$1 -> 0 | P19: =SUMIFS('PL1.1 ML2027-2028'!$H:$H,'PL1.1 ML2027-2028'!$J:$J,'TH theo DV'!P$3,'PL1.1 ML2027-2028'!$K:$K,'TH theo DV'!$C19)/$D$1 -> 0 | Q19: =SUMIFS('PL1.1 ML2027-2028'!$H:$H,'PL1.1 ML2027-2028'!$J:$J,'TH theo DV'!Q$3,'PL1.1 ML2027-2028'!$K:$K,'TH theo DV'!$C19)/$D$1 -> 0 | R19: =SUMIFS('PL1.1 ML2027-2028'!$H:$H,'PL1.1 ML2027-2028'!$J:$J,'TH theo DV'!R$3,'PL1.1 ML2027-2028'!$K:$K,'TH theo DV'!$C19)/$D$1 -> 0 | S19: =SUMIFS('PL1.1 ML2027-2028'!$H:$H,'PL1.1 ML2027-2028'!$J:$J,'TH theo DV'!S$3,'PL1.1 ML2027-2028'!$K:$K,'TH theo DV'!$C19)/$D$1 -> 0 | T19: =SUMIFS('PL1.1 ML2027-2028'!$H:$H,'PL1.1 ML2027-2028'!$J:$J,'TH theo DV'!T$3,'PL1.1 ML2027-2028'!$K:$K,'TH theo DV'!$C19)/$D$1 -> 0 | U19: =SUMIFS('PL1.1 ML2027-2028'!$H:$H,'PL1.1 ML2027-2028'!$J:$J,'TH theo DV'!U$3,'PL1.1 ML2027-2028'!$K:$K,'TH theo DV'!$C19)/$D$1 -> 0 | V19: =SUM(N19:U19) -> 0 | X19: =D19+N19 -> 0 | Y19: =E19+O19 -> 0 | Z19: =F19+P19 -> 0 | AA19: =G19+Q19 -> 0 | AB19: =H19+R19 -> 0 | AC19: =I19+S19 -> 0 | AD19: =J19+T19 -> 0 | AE19: =SUM(X19:AD19) -> 0 | AF19: =AE19/$AE$4 -> #DIV/0!
A20: 3 | B20: Phục vụ kinh doanh Cloud | C20: Cloud_KD | D20: =SUMIFS('PL1.1 ML2027-2028'!$G:$G,'PL1.1 ML2027-2028'!$J:$J,'TH theo DV'!$D$3,'PL1.1 ML2027-2028'!$K:$K,'TH theo DV'!C20)/$D$1 -> 0 | E20: =SUMIFS('PL1.1 ML2027-2028'!$G:$G,'PL1.1 ML2027-2028'!$J:$J,'TH theo DV'!$E$3,'PL1.1 ML2027-2028'!$K:$K,'TH theo DV'!C20)/$D$1 -> 0 | F20: =SUMIFS('PL1.1 ML2027-2028'!$G:$G,'PL1.1 ML2027-2028'!$J:$J,'TH theo DV'!$F$3,'PL1.1 ML2027-2028'!$K:$K,'TH theo DV'!C20)/$D$1 -> 0 | G20: =SUMIFS('PL1.1 ML2027-2028'!$G:$G,'PL1.1 ML2027-2028'!$J:$J,'TH theo DV'!$G$3,'PL1.1 ML2027-2028'!$K:$K,'TH theo DV'!C20)/$D$1 -> 0 | H20: =SUMIFS('PL1.1 ML2027-2028'!$G:$G,'PL1.1 ML2027-2028'!$J:$J,'TH theo DV'!$H$3,'PL1.1 ML2027-2028'!$K:$K,'TH theo DV'!C20)/$D$1 -> 0 | I20: =SUMIFS('PL1.1 ML2027-2028'!$G:$G,'PL1.1 ML2027-2028'!$J:$J,I$3,'PL1.1 ML2027-2028'!$K:$K,C20)/$D$1 -> 0 | J20: =SUMIFS('PL1.1 ML2027-2028'!$G:$G,'PL1.1 ML2027-2028'!$J:$J,'TH theo DV'!$J$3,'PL1.1 ML2027-2028'!$K:$K,'TH theo DV'!C20)/$D$1 -> 0 | K20: =SUMIFS('PL1.1 ML2027-2028'!$G:$G,'PL1.1 ML2027-2028'!$J:$J,'TH theo DV'!K$3,'PL1.1 ML2027-2028'!$K:$K,'TH theo DV'!$C20)/$D$1 -> 0 | L20: =SUM(D20:K20) -> 0 | M20: =L20/$L$4 -> #DIV/0! | N20: =SUMIFS('PL1.1 ML2027-2028'!$H:$H,'PL1.1 ML2027-2028'!$J:$J,'TH theo DV'!N$3,'PL1.1 ML2027-2028'!$K:$K,'TH theo DV'!$C20)/$D$1 -> 0 | O20: =SUMIFS('PL1.1 ML2027-2028'!$H:$H,'PL1.1 ML2027-2028'!$J:$J,'TH theo DV'!O$3,'PL1.1 ML2027-2028'!$K:$K,'TH theo DV'!$C20)/$D$1 -> 0 | P20: =SUMIFS('PL1.1 ML2027-2028'!$H:$H,'PL1.1 ML2027-2028'!$J:$J,'TH theo DV'!P$3,'PL1.1 ML2027-2028'!$K:$K,'TH theo DV'!$C20)/$D$1 -> 0 | Q20: =SUMIFS('PL1.1 ML2027-2028'!$H:$H,'PL1.1 ML2027-2028'!$J:$J,'TH theo DV'!Q$3,'PL1.1 ML2027-2028'!$K:$K,'TH theo DV'!$C20)/$D$1 -> 0 | R20: =SUMIFS('PL1.1 ML2027-2028'!$H:$H,'PL1.1 ML2027-2028'!$J:$J,'TH theo DV'!R$3,'PL1.1 ML2027-2028'!$K:$K,'TH theo DV'!$C20)/$D$1 -> 0 | S20: =SUMIFS('PL1.1 ML2027-2028'!$H:$H,'PL1.1 ML2027-2028'!$J:$J,'TH theo DV'!S$3,'PL1.1 ML2027-2028'!$K:$K,'TH theo DV'!$C20)/$D$1 -> 0 | T20: =SUMIFS('PL1.1 ML2027-2028'!$H:$H,'PL1.1 ML2027-2028'!$J:$J,'TH theo DV'!T$3,'PL1.1 ML2027-2028'!$K:$K,'TH theo DV'!$C20)/$D$1 -> 0 | U20: =SUMIFS('PL1.1 ML2027-2028'!$H:$H,'PL1.1 ML2027-2028'!$J:$J,'TH theo DV'!U$3,'PL1.1 ML2027-2028'!$K:$K,'TH theo DV'!$C20)/$D$1 -> 0 | V20: =SUM(N20:U20) -> 0 | X20: =D20+N20 -> 0 | Y20: =E20+O20 -> 0 | Z20: =F20+P20 -> 0 | AA20: =G20+Q20 -> 0 | AB20: =H20+R20 -> 0 | AC20: =I20+S20 -> 0 | AD20: =J20+T20 -> 0 | AE20: =SUM(X20:AD20) -> 0 | AF20: =AE20/$AE$4 -> #DIV/0!
A21: 4 | B21: Data Center | C21: DC | D21: =SUMIFS('PL1.1 ML2027-2028'!$G:$G,'PL1.1 ML2027-2028'!$J:$J,'TH theo DV'!$D$3,'PL1.1 ML2027-2028'!$K:$K,'TH theo DV'!C21)/$D$1 -> 0 | E21: =SUMIFS('PL1.1 ML2027-2028'!$G:$G,'PL1.1 ML2027-2028'!$J:$J,'TH theo DV'!$E$3,'PL1.1 ML2027-2028'!$K:$K,'TH theo DV'!C21)/$D$1 -> 0 | F21: =SUMIFS('PL1.1 ML2027-2028'!$G:$G,'PL1.1 ML2027-2028'!$J:$J,'TH theo DV'!$F$3,'PL1.1 ML2027-2028'!$K:$K,'TH theo DV'!C21)/$D$1 -> 0 | G21: =SUMIFS('PL1.1 ML2027-2028'!$G:$G,'PL1.1 ML2027-2028'!$J:$J,'TH theo DV'!$G$3,'PL1.1 ML2027-2028'!$K:$K,'TH theo DV'!C21)/$D$1 -> 0 | H21: =SUMIFS('PL1.1 ML2027-2028'!$G:$G,'PL1.1 ML2027-2028'!$J:$J,'TH theo DV'!$H$3,'PL1.1 ML2027-2028'!$K:$K,'TH theo DV'!C21)/$D$1 -> 0 | I21: =SUMIFS('PL1.1 ML2027-2028'!$G:$G,'PL1.1 ML2027-2028'!$J:$J,I$3,'PL1.1 ML2027-2028'!$K:$K,C21)/$D$1 -> 0 | J21: =SUMIFS('PL1.1 ML2027-2028'!$G:$G,'PL1.1 ML2027-2028'!$J:$J,'TH theo DV'!$J$3,'PL1.1 ML2027-2028'!$K:$K,'TH theo DV'!C21)/$D$1 -> 0 | K21: =SUMIFS('PL1.1 ML2027-2028'!$G:$G,'PL1.1 ML2027-2028'!$J:$J,'TH theo DV'!K$3,'PL1.1 ML2027-2028'!$K:$K,'TH theo DV'!$C21)/$D$1 -> 0 | L21: =SUM(D21:K21) -> 0 | M21: =L21/$L$4 -> #DIV/0! | N21: =SUMIFS('PL1.1 ML2027-2028'!$H:$H,'PL1.1 ML2027-2028'!$J:$J,'TH theo DV'!N$3,'PL1.1 ML2027-2028'!$K:$K,'TH theo DV'!$C21)/$D$1 -> 0 | O21: =SUMIFS('PL1.1 ML2027-2028'!$H:$H,'PL1.1 ML2027-2028'!$J:$J,'TH theo DV'!O$3,'PL1.1 ML2027-2028'!$K:$K,'TH theo DV'!$C21)/$D$1 -> 0 | P21: =SUMIFS('PL1.1 ML2027-2028'!$H:$H,'PL1.1 ML2027-2028'!$J:$J,'TH theo DV'!P$3,'PL1.1 ML2027-2028'!$K:$K,'TH theo DV'!$C21)/$D$1 -> 0 | Q21: =SUMIFS('PL1.1 ML2027-2028'!$H:$H,'PL1.1 ML2027-2028'!$J:$J,'TH theo DV'!Q$3,'PL1.1 ML2027-2028'!$K:$K,'TH theo DV'!$C21)/$D$1 -> 0 | R21: =SUMIFS('PL1.1 ML2027-2028'!$H:$H,'PL1.1 ML2027-2028'!$J:$J,'TH theo DV'!R$3,'PL1.1 ML2027-2028'!$K:$K,'TH theo DV'!$C21)/$D$1 -> 0 | S21: =SUMIFS('PL1.1 ML2027-2028'!$H:$H,'PL1.1 ML2027-2028'!$J:$J,'TH theo DV'!S$3,'PL1.1 ML2027-2028'!$K:$K,'TH theo DV'!$C21)/$D$1 -> 0 | T21: =SUMIFS('PL1.1 ML2027-2028'!$H:$H,'PL1.1 ML2027-2028'!$J:$J,'TH theo DV'!T$3,'PL1.1 ML2027-2028'!$K:$K,'TH theo DV'!$C21)/$D$1 -> 0 | U21: =SUMIFS('PL1.1 ML2027-2028'!$H:$H,'PL1.1 ML2027-2028'!$J:$J,'TH theo DV'!U$3,'PL1.1 ML2027-2028'!$K:$K,'TH theo DV'!$C21)/$D$1 -> 0 | V21: =SUM(N21:U21) -> 0 | X21: =D21+N21 -> 0 | Y21: =E21+O21 -> 0 | Z21: =F21+P21 -> 0 | AA21: =G21+Q21 -> 0 | AB21: =H21+R21 -> 0 | AC21: =I21+S21 -> 0 | AD21: =J21+T21 -> 0 | AE21: =SUM(X21:AD21) -> 0 | AF21: =AE21/$AE$4 -> #DIV/0!
A22: 5 | B22: Triển khai hạ tầng CNTT | D22: =SUBTOTAL(9,D23:D25) -> 0 | E22: =SUBTOTAL(9,E23:E25) -> 0 | F22: =SUBTOTAL(9,F23:F25) -> 0 | G22: =SUBTOTAL(9,G23:G25) -> 0 | H22: =SUBTOTAL(9,H23:H25) -> 0 | I22: =SUBTOTAL(9,I23:I25) -> 0 | J22: =SUBTOTAL(9,J23:J25) -> 0 | K22: =SUBTOTAL(9,K23:K25) -> 0 | L22: =SUBTOTAL(9,L23:L25) -> 0 | M22: =L22/$L$4 -> #DIV/0! | N22: =SUBTOTAL(9,N23:N25) -> 0 | O22: =SUBTOTAL(9,O23:O25) -> 0 | P22: =SUBTOTAL(9,P23:P25) -> 0 | Q22: =SUBTOTAL(9,Q23:Q25) -> 0 | R22: =SUBTOTAL(9,R23:R25) -> 0 | S22: =SUBTOTAL(9,S23:S25) -> 0 | T22: =SUBTOTAL(9,T23:T25) -> 0 | U22: =SUBTOTAL(9,U23:U25) -> 0 | V22: =SUBTOTAL(9,V23:V25) -> 0 | W22: =V22/$V$4 -> #DIV/0! | X22: =SUBTOTAL(9,X23:X25) -> 0 | Y22: =SUBTOTAL(9,Y23:Y25) -> 0 | Z22: =SUBTOTAL(9,Z23:Z25) -> 0 | AA22: =SUBTOTAL(9,AA23:AA25) -> 0 | AB22: =SUBTOTAL(9,AB23:AB25) -> 0 | AC22: =SUBTOTAL(9,AC23:AC25) -> 0 | AD22: =SUBTOTAL(9,AD23:AD25) -> 0 | AE22: =SUBTOTAL(9,AE23:AE25) -> 0 | AF22: =AE22/$AE$4 -> #DIV/0!
A23: - | B23: Trực tiếp kinh doanh | C23: TTKD | D23: =SUMIFS('PL1.1 ML2027-2028'!$G:$G,'PL1.1 ML2027-2028'!$J:$J,'TH theo DV'!$D$3,'PL1.1 ML2027-2028'!$K:$K,'TH theo DV'!C23)/$D$1 -> 0 | E23: =SUMIFS('PL1.1 ML2027-2028'!$G:$G,'PL1.1 ML2027-2028'!$J:$J,'TH theo DV'!$E$3,'PL1.1 ML2027-2028'!$K:$K,'TH theo DV'!C23)/$D$1 -> 0 | F23: =SUMIFS('PL1.1 ML2027-2028'!$G:$G,'PL1.1 ML2027-2028'!$J:$J,'TH theo DV'!$F$3,'PL1.1 ML2027-2028'!$K:$K,'TH theo DV'!C23)/$D$1 -> 0 | G23: =SUMIFS('PL1.1 ML2027-2028'!$G:$G,'PL1.1 ML2027-2028'!$J:$J,'TH theo DV'!$G$3,'PL1.1 ML2027-2028'!$K:$K,'TH theo DV'!C23)/$D$1 -> 0 | H23: =SUMIFS('PL1.1 ML2027-2028'!$G:$G,'PL1.1 ML2027-2028'!$J:$J,'TH theo DV'!$H$3,'PL1.1 ML2027-2028'!$K:$K,'TH theo DV'!C23)/$D$1 -> 0 | I23: =SUMIFS('PL1.1 ML2027-2028'!$G:$G,'PL1.1 ML2027-2028'!$J:$J,I$3,'PL1.1 ML2027-2028'!$K:$K,C23)/$D$1 -> 0 | J23: =SUMIFS('PL1.1 ML2027-2028'!$G:$G,'PL1.1 ML2027-2028'!$J:$J,'TH theo DV'!$J$3,'PL1.1 ML2027-2028'!$K:$K,'TH theo DV'!C23)/$D$1 -> 0 | K23: =SUMIFS('PL1.1 ML2027-2028'!$G:$G,'PL1.1 ML2027-2028'!$J:$J,'TH theo DV'!K$3,'PL1.1 ML2027-2028'!$K:$K,'TH theo DV'!$C23)/$D$1 -> 0 | L23: =SUM(D23:K23) -> 0 | M23: =L23/$L$4 -> #DIV/0! | N23: =SUMIFS('PL1.1 ML2027-2028'!$H:$H,'PL1.1 ML2027-2028'!$J:$J,'TH theo DV'!N$3,'PL1.1 ML2027-2028'!$K:$K,'TH theo DV'!$C23)/$D$1 -> 0 | O23: =SUMIFS('PL1.1 ML2027-2028'!$H:$H,'PL1.1 ML2027-2028'!$J:$J,'TH theo DV'!O$3,'PL1.1 ML2027-2028'!$K:$K,'TH theo DV'!$C23)/$D$1 -> 0 | P23: =SUMIFS('PL1.1 ML2027-2028'!$H:$H,'PL1.1 ML2027-2028'!$J:$J,'TH theo DV'!P$3,'PL1.1 ML2027-2028'!$K:$K,'TH theo DV'!$C23)/$D$1 -> 0 | Q23: =SUMIFS('PL1.1 ML2027-2028'!$H:$H,'PL1.1 ML2027-2028'!$J:$J,'TH theo DV'!Q$3,'PL1.1 ML2027-2028'!$K:$K,'TH theo DV'!$C23)/$D$1 -> 0 | R23: =SUMIFS('PL1.1 ML2027-2028'!$H:$H,'PL1.1 ML2027-2028'!$J:$J,'TH theo DV'!R$3,'PL1.1 ML2027-2028'!$K:$K,'TH theo DV'!$C23)/$D$1 -> 0 | S23: =SUMIFS('PL1.1 ML2027-2028'!$H:$H,'PL1.1 ML2027-2028'!$J:$J,'TH theo DV'!S$3,'PL1.1 ML2027-2028'!$K:$K,'TH theo DV'!$C23)/$D$1 -> 0 | T23: =SUMIFS('PL1.1 ML2027-2028'!$H:$H,'PL1.1 ML2027-2028'!$J:$J,'TH theo DV'!T$3,'PL1.1 ML2027-2028'!$K:$K,'TH theo DV'!$C23)/$D$1 -> 0 | U23: =SUMIFS('PL1.1 ML2027-2028'!$H:$H,'PL1.1 ML2027-2028'!$J:$J,'TH theo DV'!U$3,'PL1.1 ML2027-2028'!$K:$K,'TH theo DV'!$C23)/$D$1 -> 0 | V23: =SUM(N23:U23) -> 0 | X23: =D23+N23 -> 0 | Y23: =E23+O23 -> 0 | Z23: =F23+P23 -> 0 | AA23: =G23+Q23 -> 0 | AB23: =H23+R23 -> 0 | AC23: =I23+S23 -> 0 | AD23: =J23+T23 -> 0 | AE23: =SUM(X23:AD23) -> 0 | AF23: =AE23/$AE$4 -> #DIV/0!
A24: - | B24: Hỗ trợ kinh doanh và quản trị | C24: HTKD | D24: =SUMIFS('PL1.1 ML2027-2028'!$G:$G,'PL1.1 ML2027-2028'!$J:$J,'TH theo DV'!$D$3,'PL1.1 ML2027-2028'!$K:$K,'TH theo DV'!C24)/$D$1 -> 0 | E24: =SUMIFS('PL1.1 ML2027-2028'!$G:$G,'PL1.1 ML2027-2028'!$J:$J,'TH theo DV'!$E$3,'PL1.1 ML2027-2028'!$K:$K,'TH theo DV'!C24)/$D$1 -> 0 | F24: =SUMIFS('PL1.1 ML2027-2028'!$G:$G,'PL1.1 ML2027-2028'!$J:$J,'TH theo DV'!$F$3,'PL1.1 ML2027-2028'!$K:$K,'TH theo DV'!C24)/$D$1 -> 0 | G24: =SUMIFS('PL1.1 ML2027-2028'!$G:$G,'PL1.1 ML2027-2028'!$J:$J,'TH theo DV'!$G$3,'PL1.1 ML2027-2028'!$K:$K,'TH theo DV'!C24)/$D$1 -> 0 | H24: =SUMIFS('PL1.1 ML2027-2028'!$G:$G,'PL1.1 ML2027-2028'!$J:$J,'TH theo DV'!$H$3,'PL1.1 ML2027-2028'!$K:$K,'TH theo DV'!C24)/$D$1 -> 0 | I24: =SUMIFS('PL1.1 ML2027-2028'!$G:$G,'PL1.1 ML2027-2028'!$J:$J,I$3,'PL1.1 ML2027-2028'!$K:$K,C24)/$D$1 -> 0 | J24: =SUMIFS('PL1.1 ML2027-2028'!$G:$G,'PL1.1 ML2027-2028'!$J:$J,'TH theo DV'!$J$3,'PL1.1 ML2027-2028'!$K:$K,'TH theo DV'!C24)/$D$1 -> 0 | K24: =SUMIFS('PL1.1 ML2027-2028'!$G:$G,'PL1.1 ML2027-2028'!$J:$J,'TH theo DV'!K$3,'PL1.1 ML2027-2028'!$K:$K,'TH theo DV'!$C24)/$D$1 -> 0 | L24: =SUM(D24:K24) -> 0 | M24: =L24/$L$4 -> #DIV/0! | N24: =SUMIFS('PL1.1 ML2027-2028'!$H:$H,'PL1.1 ML2027-2028'!$J:$J,'TH theo DV'!N$3,'PL1.1 ML2027-2028'!$K:$K,'TH theo DV'!$C24)/$D$1 -> 0 | O24: =SUMIFS('PL1.1 ML2027-2028'!$H:$H,'PL1.1 ML2027-2028'!$J:$J,'TH theo DV'!O$3,'PL1.1 ML2027-2028'!$K:$K,'TH theo DV'!$C24)/$D$1 -> 0 | P24: =SUMIFS('PL1.1 ML2027-2028'!$H:$H,'PL1.1 ML2027-2028'!$J:$J,'TH theo DV'!P$3,'PL1.1 ML2027-2028'!$K:$K,'TH theo DV'!$C24)/$D$1 -> 0 | Q24: =SUMIFS('PL1.1 ML2027-2028'!$H:$H,'PL1.1 ML2027-2028'!$J:$J,'TH theo DV'!Q$3,'PL1.1 ML2027-2028'!$K:$K,'TH theo DV'!$C24)/$D$1 -> 0 | R24: =SUMIFS('PL1.1 ML2027-2028'!$H:$H,'PL1.1 ML2027-2028'!$J:$J,'TH theo DV'!R$3,'PL1.1 ML2027-2028'!$K:$K,'TH theo DV'!$C24)/$D$1 -> 0 | S24: =SUMIFS('PL1.1 ML2027-2028'!$H:$H,'PL1.1 ML2027-2028'!$J:$J,'TH theo DV'!S$3,'PL1.1 ML2027-2028'!$K:$K,'TH theo DV'!$C24)/$D$1 -> 0 | T24: =SUMIFS('PL1.1 ML2027-2028'!$H:$H,'PL1.1 ML2027-2028'!$J:$J,'TH theo DV'!T$3,'PL1.1 ML2027-2028'!$K:$K,'TH theo DV'!$C24)/$D$1 -> 0 | U24: =SUMIFS('PL1.1 ML2027-2028'!$H:$H,'PL1.1 ML2027-2028'!$J:$J,'TH theo DV'!U$3,'PL1.1 ML2027-2028'!$K:$K,'TH theo DV'!$C24)/$D$1 -> 0 | V24: =SUM(N24:U24) -> 0 | X24: =D24+N24 -> 0 | Y24: =E24+O24 -> 0 | Z24: =F24+P24 -> 0 | AA24: =G24+Q24 -> 0 | AB24: =H24+R24 -> 0 | AC24: =I24+S24 -> 0 | AD24: =J24+T24 -> 0 | AE24: =SUM(X24:AD24) -> 0 | AF24: =AE24/$AE$4 -> #DIV/0!
A25: - | B25: Phần mềm | C25: PM | D25: =SUMIFS('PL1.1 ML2027-2028'!$G:$G,'PL1.1 ML2027-2028'!$J:$J,'TH theo DV'!$D$3,'PL1.1 ML2027-2028'!$K:$K,'TH theo DV'!C25)/$D$1 -> 0 | E25: =SUMIFS('PL1.1 ML2027-2028'!$G:$G,'PL1.1 ML2027-2028'!$J:$J,'TH theo DV'!$E$3,'PL1.1 ML2027-2028'!$K:$K,'TH theo DV'!C25)/$D$1 -> 0 | F25: =SUMIFS('PL1.1 ML2027-2028'!$G:$G,'PL1.1 ML2027-2028'!$J:$J,'TH theo DV'!$F$3,'PL1.1 ML2027-2028'!$K:$K,'TH theo DV'!C25)/$D$1 -> 0 | G25: =SUMIFS('PL1.1 ML2027-2028'!$G:$G,'PL1.1 ML2027-2028'!$J:$J,'TH theo DV'!$G$3,'PL1.1 ML2027-2028'!$K:$K,'TH theo DV'!C25)/$D$1 -> 0 | H25: =SUMIFS('PL1.1 ML2027-2028'!$G:$G,'PL1.1 ML2027-2028'!$J:$J,'TH theo DV'!$H$3,'PL1.1 ML2027-2028'!$K:$K,'TH theo DV'!C25)/$D$1 -> 0 | I25: =SUMIFS('PL1.1 ML2027-2028'!$G:$G,'PL1.1 ML2027-2028'!$J:$J,I$3,'PL1.1 ML2027-2028'!$K:$K,C25)/$D$1 -> 0 | J25: =SUMIFS('PL1.1 ML2027-2028'!$G:$G,'PL1.1 ML2027-2028'!$J:$J,'TH theo DV'!$J$3,'PL1.1 ML2027-2028'!$K:$K,'TH theo DV'!C25)/$D$1 -> 0 | K25: =SUMIFS('PL1.1 ML2027-2028'!$G:$G,'PL1.1 ML2027-2028'!$J:$J,'TH theo DV'!K$3,'PL1.1 ML2027-2028'!$K:$K,'TH theo DV'!$C25)/$D$1 -> 0 | L25: =SUM(D25:K25) -> 0 | M25: =L25/$L$4 -> #DIV/0! | N25: =SUMIFS('PL1.1 ML2027-2028'!$H:$H,'PL1.1 ML2027-2028'!$J:$J,'TH theo DV'!N$3,'PL1.1 ML2027-2028'!$K:$K,'TH theo DV'!$C25)/$D$1 -> 0 | O25: =SUMIFS('PL1.1 ML2027-2028'!$H:$H,'PL1.1 ML2027-2028'!$J:$J,'TH theo DV'!O$3,'PL1.1 ML2027-2028'!$K:$K,'TH theo DV'!$C25)/$D$1 -> 0 | P25: =SUMIFS('PL1.1 ML2027-2028'!$H:$H,'PL1.1 ML2027-2028'!$J:$J,'TH theo DV'!P$3,'PL1.1 ML2027-2028'!$K:$K,'TH theo DV'!$C25)/$D$1 -> 0 | Q25: =SUMIFS('PL1.1 ML2027-2028'!$H:$H,'PL1.1 ML2027-2028'!$J:$J,'TH theo DV'!Q$3,'PL1.1 ML2027-2028'!$K:$K,'TH theo DV'!$C25)/$D$1 -> 0 | R25: =SUMIFS('PL1.1 ML2027-2028'!$H:$H,'PL1.1 ML2027-2028'!$J:$J,'TH theo DV'!R$3,'PL1.1 ML2027-2028'!$K:$K,'TH theo DV'!$C25)/$D$1 -> 0 | S25: =SUMIFS('PL1.1 ML2027-2028'!$H:$H,'PL1.1 ML2027-2028'!$J:$J,'TH theo DV'!S$3,'PL1.1 ML2027-2028'!$K:$K,'TH theo DV'!$C25)/$D$1 -> 0 | T25: =SUMIFS('PL1.1 ML2027-2028'!$H:$H,'PL1.1 ML2027-2028'!$J:$J,'TH theo DV'!T$3,'PL1.1 ML2027-2028'!$K:$K,'TH theo DV'!$C25)/$D$1 -> 0 | U25: =SUMIFS('PL1.1 ML2027-2028'!$H:$H,'PL1.1 ML2027-2028'!$J:$J,'TH theo DV'!U$3,'PL1.1 ML2027-2028'!$K:$K,'TH theo DV'!$C25)/$D$1 -> 0 | V25: =SUM(N25:U25) -> 0 | X25: =D25+N25 -> 0 | Y25: =E25+O25 -> 0 | Z25: =F25+P25 -> 0 | AA25: =G25+Q25 -> 0 | AB25: =H25+R25 -> 0 | AC25: =I25+S25 -> 0 | AD25: =J25+T25 -> 0 | AE25: =SUM(X25:AD25) -> 0 | AF25: =AE25/$AE$4 -> #DIV/0!
A26: III | B26: Đảm bảo VHKT, kiên cố, bền vững trong thiên tai | D26: =SUBTOTAL(9,D27:D30) -> 0 | E26: =SUBTOTAL(9,E27:E30) -> 0 | F26: =SUBTOTAL(9,F27:F30) -> 0 | G26: =SUBTOTAL(9,G27:G30) -> 0 | H26: =SUBTOTAL(9,H27:H30) -> 0 | J26: =SUBTOTAL(9,J27:J30) -> 0 | K26: =SUBTOTAL(9,K27:K30) -> 0 | L26: =SUBTOTAL(9,L27:L30) -> 0 | M26: =L26/$L$4 -> #DIV/0! | N26: =SUBTOTAL(9,N27:N30) -> 0 | O26: =SUBTOTAL(9,O28:O30) -> 0 | P26: =SUBTOTAL(9,P27:P30) -> 0 | Q26: =SUBTOTAL(9,Q27:Q30) -> 0 | R26: =SUBTOTAL(9,R27:R30) -> 0 | S26: =SUBTOTAL(9,S27:S30) -> 0 | T26: =SUBTOTAL(9,T27:T30) -> 0 | U26: =SUBTOTAL(9,U27:U30) -> 0 | V26: =SUBTOTAL(9,V27:V30) -> 0 | W26: =V26/$V$4 -> #DIV/0! | X26: =SUBTOTAL(9,X28:X30) -> 0 | Y26: =SUBTOTAL(9,Y28:Y30) -> 0 | Z26: =SUBTOTAL(9,Z28:Z30) -> 0 | AA26: =SUBTOTAL(9,AA28:AA30) -> 0 | AB26: =SUBTOTAL(9,AB28:AB30) -> 0 | AC26: =SUBTOTAL(9,AC28:AC30) -> 0 | AD26: =SUBTOTAL(9,AD28:AD30) -> 0 | AE26: =SUBTOTAL(9,AE28:AE30) -> 0 | AF26: =AE26/$AE$4 -> #DIV/0!
A27: 1 | B27: Đảm bảo dự phòng ƯCTT | C27: ƯCTT | D27: =SUMIFS('PL1.1 ML2027-2028'!$G:$G,'PL1.1 ML2027-2028'!$J:$J,'TH theo DV'!$D$3,'PL1.1 ML2027-2028'!$K:$K,'TH theo DV'!C27)/$D$1 -> 0 | E27: =SUMIFS('PL1.1 ML2027-2028'!$G:$G,'PL1.1 ML2027-2028'!$J:$J,'TH theo DV'!$E$3,'PL1.1 ML2027-2028'!$K:$K,'TH theo DV'!C27)/$D$1 -> 0 | F27: =SUMIFS('PL1.1 ML2027-2028'!$G:$G,'PL1.1 ML2027-2028'!$J:$J,'TH theo DV'!$F$3,'PL1.1 ML2027-2028'!$K:$K,'TH theo DV'!C27)/$D$1 -> 0 | G27: =SUMIFS('PL1.1 ML2027-2028'!$G:$G,'PL1.1 ML2027-2028'!$J:$J,'TH theo DV'!$G$3,'PL1.1 ML2027-2028'!$K:$K,'TH theo DV'!C27)/$D$1 -> 0 | H27: =SUMIFS('PL1.1 ML2027-2028'!$G:$G,'PL1.1 ML2027-2028'!$J:$J,'TH theo DV'!$H$3,'PL1.1 ML2027-2028'!$K:$K,'TH theo DV'!C27)/$D$1 -> 0 | I27: =SUMIFS('PL1.1 ML2027-2028'!$G:$G,'PL1.1 ML2027-2028'!$J:$J,I$3,'PL1.1 ML2027-2028'!$K:$K,C27)/$D$1 -> 0 | J27: =SUMIFS('PL1.1 ML2027-2028'!$G:$G,'PL1.1 ML2027-2028'!$J:$J,'TH theo DV'!$J$3,'PL1.1 ML2027-2028'!$K:$K,'TH theo DV'!C27)/$D$1 -> 0 | K27: =SUMIFS('PL1.1 ML2027-2028'!$G:$G,'PL1.1 ML2027-2028'!$J:$J,'TH theo DV'!K$3,'PL1.1 ML2027-2028'!$K:$K,'TH theo DV'!$C27)/$D$1 -> 0 | L27: =SUM(D27:K27) -> 0 | M27: =L27/$L$4 -> #DIV/0! | N27: =SUMIFS('PL1.1 ML2027-2028'!$H:$H,'PL1.1 ML2027-2028'!$J:$J,'TH theo DV'!N$3,'PL1.1 ML2027-2028'!$K:$K,'TH theo DV'!$C27)/$D$1 -> 0 | O27: =SUMIFS('PL1.1 ML2027-2028'!$H:$H,'PL1.1 ML2027-2028'!$J:$J,'TH theo DV'!O$3,'PL1.1 ML2027-2028'!$K:$K,'TH theo DV'!$C27)/$D$1 -> 0 | P27: =SUMIFS('PL1.1 ML2027-2028'!$H:$H,'PL1.1 ML2027-2028'!$J:$J,'TH theo DV'!P$3,'PL1.1 ML2027-2028'!$K:$K,'TH theo DV'!$C27)/$D$1 -> 0 | Q27: =SUMIFS('PL1.1 ML2027-2028'!$H:$H,'PL1.1 ML2027-2028'!$J:$J,'TH theo DV'!Q$3,'PL1.1 ML2027-2028'!$K:$K,'TH theo DV'!$C27)/$D$1 -> 0 | R27: =SUMIFS('PL1.1 ML2027-2028'!$H:$H,'PL1.1 ML2027-2028'!$J:$J,'TH theo DV'!R$3,'PL1.1 ML2027-2028'!$K:$K,'TH theo DV'!$C27)/$D$1 -> 0 | S27: =SUMIFS('PL1.1 ML2027-2028'!$H:$H,'PL1.1 ML2027-2028'!$J:$J,'TH theo DV'!S$3,'PL1.1 ML2027-2028'!$K:$K,'TH theo DV'!$C27)/$D$1 -> 0 | T27: =SUMIFS('PL1.1 ML2027-2028'!$H:$H,'PL1.1 ML2027-2028'!$J:$J,'TH theo DV'!T$3,'PL1.1 ML2027-2028'!$K:$K,'TH theo DV'!$C27)/$D$1 -> 0 | U27: =SUMIFS('PL1.1 ML2027-2028'!$H:$H,'PL1.1 ML2027-2028'!$J:$J,'TH theo DV'!U$3,'PL1.1 ML2027-2028'!$K:$K,'TH theo DV'!$C27)/$D$1 -> 0 | V27: =SUM(N27:U27) -> 0 | W27: =V27/$V$4 -> #DIV/0! | X27: =D27+N27 -> 0 | Y27: =E27+O27 -> 0 | Z27: =F27+P27 -> 0 | AA27: =G27+Q27 -> 0 | AB27: =H27+R27 -> 0 | AC27: =I27+S27 -> 0 | AD27: =J27+T27 -> 0 | AE27: =SUM(X27:AD27) -> 0 | AF27: =AE27/$AE$4 -> #DIV/0!
A28: 2 | B28: Đảm bảo VHKT và nâng cao chất lượng mạng | C28: VHKT | D28: =SUMIFS('PL1.1 ML2027-2028'!$G:$G,'PL1.1 ML2027-2028'!$J:$J,'TH theo DV'!$D$3,'PL1.1 ML2027-2028'!$K:$K,'TH theo DV'!C28)/$D$1 -> 0 | E28: =SUMIFS('PL1.1 ML2027-2028'!$G:$G,'PL1.1 ML2027-2028'!$J:$J,'TH theo DV'!$E$3,'PL1.1 ML2027-2028'!$K:$K,'TH theo DV'!C28)/$D$1 -> 0 | F28: =SUMIFS('PL1.1 ML2027-2028'!$G:$G,'PL1.1 ML2027-2028'!$J:$J,'TH theo DV'!$F$3,'PL1.1 ML2027-2028'!$K:$K,'TH theo DV'!C28)/$D$1 -> 0 | G28: =SUMIFS('PL1.1 ML2027-2028'!$G:$G,'PL1.1 ML2027-2028'!$J:$J,'TH theo DV'!$G$3,'PL1.1 ML2027-2028'!$K:$K,'TH theo DV'!C28)/$D$1 -> 0 | H28: =SUMIFS('PL1.1 ML2027-2028'!$G:$G,'PL1.1 ML2027-2028'!$J:$J,'TH theo DV'!$H$3,'PL1.1 ML2027-2028'!$K:$K,'TH theo DV'!C28)/$D$1 -> 0 | I28: =SUMIFS('PL1.1 ML2027-2028'!$G:$G,'PL1.1 ML2027-2028'!$J:$J,I$3,'PL1.1 ML2027-2028'!$K:$K,C28)/$D$1 -> 0 | J28: =SUMIFS('PL1.1 ML2027-2028'!$G:$G,'PL1.1 ML2027-2028'!$J:$J,'TH theo DV'!$J$3,'PL1.1 ML2027-2028'!$K:$K,'TH theo DV'!C28)/$D$1 -> 0 | K28: =SUMIFS('PL1.1 ML2027-2028'!$G:$G,'PL1.1 ML2027-2028'!$J:$J,'TH theo DV'!K$3,'PL1.1 ML2027-2028'!$K:$K,'TH theo DV'!$C28)/$D$1 -> 0 | L28: =SUM(D28:K28) -> 0 | M28: =L28/$L$4 -> #DIV/0! | N28: =SUMIFS('PL1.1 ML2027-2028'!$H:$H,'PL1.1 ML2027-2028'!$J:$J,'TH theo DV'!N$3,'PL1.1 ML2027-2028'!$K:$K,'TH theo DV'!$C28)/$D$1 -> 0 | O28: =SUMIFS('PL1.1 ML2027-2028'!$H:$H,'PL1.1 ML2027-2028'!$J:$J,'TH theo DV'!O$3,'PL1.1 ML2027-2028'!$K:$K,'TH theo DV'!$C28)/$D$1 -> 0 | P28: =SUMIFS('PL1.1 ML2027-2028'!$H:$H,'PL1.1 ML2027-2028'!$J:$J,'TH theo DV'!P$3,'PL1.1 ML2027-2028'!$K:$K,'TH theo DV'!$C28)/$D$1 -> 0 | Q28: =SUMIFS('PL1.1 ML2027-2028'!$H:$H,'PL1.1 ML2027-2028'!$J:$J,'TH theo DV'!Q$3,'PL1.1 ML2027-2028'!$K:$K,'TH theo DV'!$C28)/$D$1 -> 0 | R28: =SUMIFS('PL1.1 ML2027-2028'!$H:$H,'PL1.1 ML2027-2028'!$J:$J,'TH theo DV'!R$3,'PL1.1 ML2027-2028'!$K:$K,'TH theo DV'!$C28)/$D$1 -> 0 | S28: =SUMIFS('PL1.1 ML2027-2028'!$H:$H,'PL1.1 ML2027-2028'!$J:$J,'TH theo DV'!S$3,'PL1.1 ML2027-2028'!$K:$K,'TH theo DV'!$C28)/$D$1 -> 0 | T28: =SUMIFS('PL1.1 ML2027-2028'!$H:$H,'PL1.1 ML2027-2028'!$J:$J,'TH theo DV'!T$3,'PL1.1 ML2027-2028'!$K:$K,'TH theo DV'!$C28)/$D$1 -> 0 | U28: =SUMIFS('PL1.1 ML2027-2028'!$H:$H,'PL1.1 ML2027-2028'!$J:$J,'TH theo DV'!U$3,'PL1.1 ML2027-2028'!$K:$K,'TH theo DV'!$C28)/$D$1 -> 0 | V28: =SUM(N28:U28) -> 0 | W28: =V28/$V$4 -> #DIV/0! | X28: =D28+N28 -> 0 | Y28: =E28+O28 -> 0 | Z28: =F28+P28 -> 0 | AA28: =G28+Q28 -> 0 | AB28: =H28+R28 -> 0 | AC28: =I28+S28 -> 0 | AD28: =J28+T28 -> 0 | AE28: =SUM(X28:AD28) -> 0 | AF28: =AE28/$AE$4 -> #DIV/0!
A29: 3 | B29: Củng cố kiên cố thường trình | C29: KCTT | D29: =SUMIFS('PL1.1 ML2027-2028'!$G:$G,'PL1.1 ML2027-2028'!$J:$J,'TH theo DV'!$D$3,'PL1.1 ML2027-2028'!$K:$K,'TH theo DV'!C29)/$D$1 -> 0 | E29: =SUMIFS('PL1.1 ML2027-2028'!$G:$G,'PL1.1 ML2027-2028'!$J:$J,'TH theo DV'!$E$3,'PL1.1 ML2027-2028'!$K:$K,'TH theo DV'!C29)/$D$1 -> 0 | F29: =SUMIFS('PL1.1 ML2027-2028'!$G:$G,'PL1.1 ML2027-2028'!$J:$J,'TH theo DV'!$F$3,'PL1.1 ML2027-2028'!$K:$K,'TH theo DV'!C29)/$D$1 -> 0 | G29: =SUMIFS('PL1.1 ML2027-2028'!$G:$G,'PL1.1 ML2027-2028'!$J:$J,'TH theo DV'!$G$3,'PL1.1 ML2027-2028'!$K:$K,'TH theo DV'!C29)/$D$1 -> 0 | H29: =SUMIFS('PL1.1 ML2027-2028'!$G:$G,'PL1.1 ML2027-2028'!$J:$J,'TH theo DV'!$H$3,'PL1.1 ML2027-2028'!$K:$K,'TH theo DV'!C29)/$D$1 -> 0 | I29: =SUMIFS('PL1.1 ML2027-2028'!$G:$G,'PL1.1 ML2027-2028'!$J:$J,I$3,'PL1.1 ML2027-2028'!$K:$K,C29)/$D$1 -> 0 | J29: =SUMIFS('PL1.1 ML2027-2028'!$G:$G,'PL1.1 ML2027-2028'!$J:$J,'TH theo DV'!$J$3,'PL1.1 ML2027-2028'!$K:$K,'TH theo DV'!C29)/$D$1 -> 0 | K29: =SUMIFS('PL1.1 ML2027-2028'!$G:$G,'PL1.1 ML2027-2028'!$J:$J,'TH theo DV'!K$3,'PL1.1 ML2027-2028'!$K:$K,'TH theo DV'!$C29)/$D$1 -> 0 | L29: =SUM(D29:K29) -> 0 | M29: =L29/$L$4 -> #DIV/0! | N29: =SUMIFS('PL1.1 ML2027-2028'!$H:$H,'PL1.1 ML2027-2028'!$J:$J,'TH theo DV'!N$3,'PL1.1 ML2027-2028'!$K:$K,'TH theo DV'!$C29)/$D$1 -> 0 | O29: =SUMIFS('PL1.1 ML2027-2028'!$H:$H,'PL1.1 ML2027-2028'!$J:$J,'TH theo DV'!O$3,'PL1.1 ML2027-2028'!$K:$K,'TH theo DV'!$C29)/$D$1 -> 0 | P29: =SUMIFS('PL1.1 ML2027-2028'!$H:$H,'PL1.1 ML2027-2028'!$J:$J,'TH theo DV'!P$3,'PL1.1 ML2027-2028'!$K:$K,'TH theo DV'!$C29)/$D$1 -> 0 | Q29: =SUMIFS('PL1.1 ML2027-2028'!$H:$H,'PL1.1 ML2027-2028'!$J:$J,'TH theo DV'!Q$3,'PL1.1 ML2027-2028'!$K:$K,'TH theo DV'!$C29)/$D$1 -> 0 | R29: =SUMIFS('PL1.1 ML2027-2028'!$H:$H,'PL1.1 ML2027-2028'!$J:$J,'TH theo DV'!R$3,'PL1.1 ML2027-2028'!$K:$K,'TH theo DV'!$C29)/$D$1 -> 0 | S29: =SUMIFS('PL1.1 ML2027-2028'!$H:$H,'PL1.1 ML2027-2028'!$J:$J,'TH theo DV'!S$3,'PL1.1 ML2027-2028'!$K:$K,'TH theo DV'!$C29)/$D$1 -> 0 | T29: =SUMIFS('PL1.1 ML2027-2028'!$H:$H,'PL1.1 ML2027-2028'!$J:$J,'TH theo DV'!T$3,'PL1.1 ML2027-2028'!$K:$K,'TH theo DV'!$C29)/$D$1 -> 0 | U29: =SUMIFS('PL1.1 ML2027-2028'!$H:$H,'PL1.1 ML2027-2028'!$J:$J,'TH theo DV'!U$3,'PL1.1 ML2027-2028'!$K:$K,'TH theo DV'!$C29)/$D$1 -> 0 | V29: =SUM(N29:U29) -> 0 | W29: =V29/$V$4 -> #DIV/0! | X29: =D29+N29 -> 0 | Y29: =E29+O29 -> 0 | Z29: =F29+P29 -> 0 | AA29: =G29+Q29 -> 0 | AB29: =H29+R29 -> 0 | AC29: =I29+S29 -> 0 | AD29: =J29+T29 -> 0 | AE29: =SUM(X29:AD29) -> 0 | AF29: =AE29/$AE$4 -> #DIV/0!
A30: 4 | B30: Bền vững mạng lưới trong thiên tai | C30: PCTT | D30: =SUMIFS('PL1.1 ML2027-2028'!$G:$G,'PL1.1 ML2027-2028'!$J:$J,'TH theo DV'!$D$3,'PL1.1 ML2027-2028'!$K:$K,'TH theo DV'!C30)/$D$1 -> 0 | E30: =SUMIFS('PL1.1 ML2027-2028'!$G:$G,'PL1.1 ML2027-2028'!$J:$J,'TH theo DV'!$E$3,'PL1.1 ML2027-2028'!$K:$K,'TH theo DV'!C30)/$D$1 -> 0 | F30: =SUMIFS('PL1.1 ML2027-2028'!$G:$G,'PL1.1 ML2027-2028'!$J:$J,'TH theo DV'!$F$3,'PL1.1 ML2027-2028'!$K:$K,'TH theo DV'!C30)/$D$1 -> 0 | G30: =SUMIFS('PL1.1 ML2027-2028'!$G:$G,'PL1.1 ML2027-2028'!$J:$J,'TH theo DV'!$G$3,'PL1.1 ML2027-2028'!$K:$K,'TH theo DV'!C30)/$D$1 -> 0 | H30: =SUMIFS('PL1.1 ML2027-2028'!$G:$G,'PL1.1 ML2027-2028'!$J:$J,'TH theo DV'!$H$3,'PL1.1 ML2027-2028'!$K:$K,'TH theo DV'!C30)/$D$1 -> 0 | I30: =SUMIFS('PL1.1 ML2027-2028'!$G:$G,'PL1.1 ML2027-2028'!$J:$J,I$3,'PL1.1 ML2027-2028'!$K:$K,C30)/$D$1 -> 0 | J30: =SUMIFS('PL1.1 ML2027-2028'!$G:$G,'PL1.1 ML2027-2028'!$J:$J,'TH theo DV'!$J$3,'PL1.1 ML2027-2028'!$K:$K,'TH theo DV'!C30)/$D$1 -> 0 | K30: =SUMIFS('PL1.1 ML2027-2028'!$G:$G,'PL1.1 ML2027-2028'!$J:$J,'TH theo DV'!$J$3,'PL1.1 ML2027-2028'!$K:$K,'TH theo DV'!D30)/$D$1 -> 0 | L30: =SUM(D30:K30) -> 0 | M30: =L30/$L$4 -> #DIV/0! | N30: =SUMIFS('PL1.1 ML2027-2028'!$H:$H,'PL1.1 ML2027-2028'!$J:$J,'TH theo DV'!N$3,'PL1.1 ML2027-2028'!$K:$K,'TH theo DV'!$C30)/$D$1 -> 0 | O30: =SUMIFS('PL1.1 ML2027-2028'!$H:$H,'PL1.1 ML2027-2028'!$J:$J,'TH theo DV'!O$3,'PL1.1 ML2027-2028'!$K:$K,'TH theo DV'!$C30)/$D$1 -> 0 | P30: =SUMIFS('PL1.1 ML2027-2028'!$H:$H,'PL1.1 ML2027-2028'!$J:$J,'TH theo DV'!P$3,'PL1.1 ML2027-2028'!$K:$K,'TH theo DV'!$C30)/$D$1 -> 0 | Q30: =SUMIFS('PL1.1 ML2027-2028'!$H:$H,'PL1.1 ML2027-2028'!$J:$J,'TH theo DV'!Q$3,'PL1.1 ML2027-2028'!$K:$K,'TH theo DV'!$C30)/$D$1 -> 0 | R30: =SUMIFS('PL1.1 ML2027-2028'!$H:$H,'PL1.1 ML2027-2028'!$J:$J,'TH theo DV'!R$3,'PL1.1 ML2027-2028'!$K:$K,'TH theo DV'!$C30)/$D$1 -> 0 | S30: =SUMIFS('PL1.1 ML2027-2028'!$H:$H,'PL1.1 ML2027-2028'!$J:$J,'TH theo DV'!S$3,'PL1.1 ML2027-2028'!$K:$K,'TH theo DV'!$C30)/$D$1 -> 0 | T30: =SUMIFS('PL1.1 ML2027-2028'!$H:$H,'PL1.1 ML2027-2028'!$J:$J,'TH theo DV'!T$3,'PL1.1 ML2027-2028'!$K:$K,'TH theo DV'!$C30)/$D$1 -> 0 | U30: =SUMIFS('PL1.1 ML2027-2028'!$H:$H,'PL1.1 ML2027-2028'!$J:$J,'TH theo DV'!U$3,'PL1.1 ML2027-2028'!$K:$K,'TH theo DV'!$C30)/$D$1 -> 0 | V30: =SUM(N30:U30) -> 0 | W30: =V30/$V$4 -> #DIV/0! | X30: =D30+N30 -> 0 | Y30: =E30+O30 -> 0 | Z30: =F30+P30 -> 0 | AA30: =G30+Q30 -> 0 | AB30: =H30+R30 -> 0 | AC30: =I30+S30 -> 0 | AD30: =J30+T30 -> 0 | AE30: =SUM(X30:AD30) -> 0 | AF30: =AE30/$AE$4 -> #DIV/0!
A31: IV | B31: Ví điện tử | C31: VI | G31: =SUMIFS('PL1.1 ML2027-2028'!$G:$G,'PL1.1 ML2027-2028'!$K:$K,C31)/$D$1 -> 0 | L31: =SUM(D31:K31) -> 0 | M31: =L31/$L$4 -> #DIV/0! | Q31: =SUMIFS('PL1.1 ML2027-2028'!$H:$H,'PL1.1 ML2027-2028'!$K:$K,C31)/$D$1 -> 0 | V31: =SUM(N31:U31) -> 0 | W31: =V31/$V$4 -> #DIV/0! | X31: =D31+N31 -> 0 | Y31: =E31+O31 -> 0 | Z31: =F31+P31 -> 0 | AA31: =G31+Q31 -> 0 | AB31: =H31+R31 -> 0 | AC31: =I31+S31 -> 0 | AD31: =J31+T31 -> 0 | AE31: =SUM(X31:AD31) -> 0 | AF31: =AE31/$AE$4 -> #DIV/0!

Sheet TH theo Mảng
B1: Phụ lục: TÁCH ĐẦU TƯ THEO TỪNG LĨNH VỰC
B2: I. Vô tuyến
B3: STT | C3: Danh mục | D3: Tổng | E3: 2027 | F3: 2028 | G3: Diễn giải khối lượng đầu tư, kết quả | J3: STT | K3: Danh mục | L3: Đầu tư 5 năm (m$) | R3: Diễn giải khối lượng đầu tư, kết quả
G4: 2027 | H4: 2028 | L4: Tổng | M4: 2026 | N4: 2027 | O4: 2028 | P4: 2029 | Q4: 2030
C5: Tổng | D5: =SUM(E5:F5) -> 0 | E5: =SUBTOTAL(9,E6:E12) -> 0 | F5: =SUBTOTAL(9,F6:F12) -> 0 | K5: Tổng | L5: 38.688275 | M5: 9.2793895 | N5: 11.107721 | O5: 12.109147 | P5: 3.9168276 | Q5: 2.2751894
B6: 1 | C6: Mạng 5G | D6: =SUM(E6:F6) -> 0 | E6: =E7 -> 0 | F6: =F7 -> 0 | J6: 1 | K6: Mạng 5G | L6: 20.853332 | M6: 4.7596894 | N6: 7.0410487 | O6: 6.7361231 | P6: 1.3557937 | Q6: 0.96067687
B7: - | C7: Vùng phủ | D7: =SUM(E7:F7) -> 0 | E7: ='TH theo DV'!D7 -> 0 | F7: ='TH theo DV'!N7 -> 0 | J7: - | K7: Vùng phủ | L7: 20.853332 | M7: 4.7596894 | N7: 7.0410487 | O7: 6.7361231 | P7: 1.3557937 | Q7: 0.96067687 | R7: Trong 5 năm (2026-2030) triển khai tổng cộng 896 trạm 5G, trong đó: + Mua bổ sung thêm 183 card BB để phát 5G 2300 4T4R, số lượng mua từng năm 79/54/21/10/19 (trong đó năm 2026 có dự phòng 34 card BB để triển khai cho các vị trí có nhiều hơn 6 RRU kéo dài) + 747 trạm C-band 32T32R, số lượng mua từng năm như sau 162/254/250/49/32.
B8: 2 | C8: Mạng 4G | D8: =SUM(E8:F8) -> 0 | E8: =SUBTOTAL(9,E9:E10) -> 0 | F8: =SUBTOTAL(9,F9:F10) -> 0 | J8: 2 | K8: Mạng 4G | L8: 15.737269 | M8: 4.1933056 | N8: 3.4351027 | O8: 5.1189538 | P8: 1.9294639 | Q8: 1.0604425
B9: - | C9: Vùng phủ | D9: =SUM(E9:F9) -> 0 | E9: ='TH theo DV'!D13 -> 0 | F9: ='TH theo DV'!N13 -> 0 | J9: - | K9: Vùng phủ | L9: 4.2256538 | M9: 1.267607 | N9: 0.49012875 | O9: 0.46016425 | P9: 1.6584743 | Q9: 0.3492795 | R9: Từ 2026 -2030 triển khai: - 250 trạm newsite cho vùng phủ, số lượng cho từng năm 67/42/57/40/44. Trung bình triển khai 50 trạm/năm, ưu tiên triển khai cho các vị trí VTCI và xử lý lõm do quá trình đô thị hóa. - 751 trạm 4G 700 cosite trên các vị trí trạm cũ, số lượng trạm tương ứng từng năm là 55/71/67/384/174.
B10: - | C10: Dung lượng | D10: =SUM(E10:F10) -> 0 | E10: ='TH theo DV'!D14 -> 0 | F10: ='TH theo DV'!N14 -> 0 | J10: - | K10: Dung lượng | L10: 11.511615 | M10: 2.9256986 | N10: 2.944974 | O10: 4.6587895 | P10: 0.27098963 | Q10: 0.711163 | R10: - Không phát sinh thêm trạm lưu lượng mới, chủ yếu lắp thêm thiết bị tại các vị trí có sẵn. - Tổng 5 năm (2026-2030) bổ sung số lượng tủ cho dung lượng 4G như sau: + 121 enodeB 700, tương ứng từng năm 85/0/0/0/36 + 607 enodeB 1800-2100, tương ứng từng năm 130/181/261/15/20
B11: 3 | C11: Hiện đại hóa | D11: =SUM(E11:F11) -> 0 | E11: ='TH theo DV'!D28 -> 0 | F11: ='TH theo DV'!N28 -> 0 | J11: 3 | K11: Hiện đại hóa | L11: 1.3273245 | M11: 0.1723245 | N11: 0.4775 | O11: 0.1 | P11: 0.4775 | Q11: 0.1 | R11: - Hàng năm đầu tư khoảng 100k USD cho thử nghiệm các tính năng mới. - 2 năm/lần thực hiện nâng cấp software 2G, 4G và các dịch vụ triển khai BSC, OMC
B12: 4 | C12: UCTT | D12: =SUM(E12:F12) -> 0 | E12: ='TH theo DV'!D27 -> 0 | F12: ='TH theo DV'!N27 -> 0 | J12: 4 | K12: UCTT | L12: 0.77035 | M12: 0.15407 | N12: 0.15407 | O12: 0.15407 | P12: 0.15407 | Q12: 0.15407 | R12: Đầu tư cho mua thiết bị bổ sung dự phòng cho UWCTT ~ 150k USD/năm, căn cứ vào thực tế để đưa ra danh mục mua phù hợp
B14: II. BRCĐ
B15: STT | C15: Danh mục | D15: Tổng | E15: 2027 | F15: 2028 | G15: Diễn giải khối lượng đầu tư, kết quả | J15: Đầu tư 5 năm (m$) | P15: Diễn giải khối lượng đầu tư, kết quả
G16: 2027 | H16: 2028 | J16: Tổng | K16: 2026 | L16: 2027 | M16: 2028 | N16: 2029 | O16: 2030
C17: Tổng | D17: =SUM(E17:F17) -> 0 | E17: =SUBTOTAL(9,E18:E22) -> 0 | F17: =SUBTOTAL(9,F18:F22) -> 0 | J17: 10.450441 | K17: 1.864139 | L17: 3.079619 | M17: 2.091494 | N17: 1.638903 | O17: 1.776286
B18: 1 | C18: Vùng phủ | D18: =SUM(E18:F18) -> 0 | E18: ='TH theo DV'!F16 -> 0 | F18: ='TH theo DV'!P16 -> 0 | J18: 6.906483 | K18: 1.514476 | L18: 1.162536 | M18: 1.252383 | N18: 1.420917 | O18: 1.556171 | P18: Triển khai 280 nghìn cổng mở rộng vùng phủ, mật độ phủ đạt 36% trên toàn quốc, trong đó: - 186 nghìn cổng GPON. - 94 nghìn cổng XGS-PON
B19: 2 | C19: Dung lượng Internet | D19: =SUM(E19:F19) -> 0 | E19: ='TH theo DV'!F17 -> 0 | F19: ='TH theo DV'!P17 -> 0 | J19: 1.57672 | K19: 0.072 | L19: 0.86448 | M19: 0.64024 | N19: 0 | O19: 0 | P19: Bổ sung dung lượng BRAS, CGNAT đáp ứng tăng trưởng thuê bao và băng thông, lũy kế đến 2030: 318 nghìn thuê bao/ 3,82Mbps profile
B20: 3 | C20: Hiện đại hóa | D20: =SUM(E20:F20) -> 0 | E20: ='TH theo DV'!F28 -> 0 | F20: ='TH theo DV'!P28 -> 0 | J20: 0.35 | K20: 0.07 | L20: 0.07 | M20: 0.07 | N20: 0.07 | O20: 0.07 | P20: Triển khai các công cụ phục vụ đo kiểm, tối ưu chất lượng dịch vụ: VQT, ACS, ...
B21: 4 | C21: Kiên cố, củng cố | D21: =SUM(E21:F21) -> 0 | E21: ='TH theo DV'!F29 -> 0 | F21: ='TH theo DV'!P29 -> 0 | J21: 0.96448 | K21: 0.1 | L21: 0.86448 | M21: 0 | N21: 0 | O21: 0 | P21: Bổ sung tài nguyên AAA, BRAS, CGNAT đảm bảo không ảnh hưởng dịch vụ khi down 01 TTr.
B22: 5 | C22: Vật tư ƯCTT | D22: =SUM(E22:F22) -> 0 | E22: ='TH theo DV'!F27 -> 0 | F22: ='TH theo DV'!P27 -> 0 | J22: 0.652758 | K22: 0.107663 | L22: 0.118123 | M22: 0.128871 | N22: 0.147986 | O22: 0.150115 | P22: Dự phòng UCTT cáp quang, vật tư phụ kiện lớp truy nhập
B24: III. Mạng lõi
B25: STT | C25: Danh mục | D25: Tổng | E25: 2027 | F25: 2028 | G25: Diễn giải khối lượng đầu tư, kết quả | J25: Đầu tư 5 năm (m$) | P25: Diễn giải khối lượng đầu tư, kết quả
G26: 2027 | H26: 2028 | J26: Tổng | K26: 2026 | L26: 2027 | M26: 2028 | N26: 2029 | O26: 2030
C27: Tổng | D27: =SUM(E27:F27) -> 0 | E27: =SUBTOTAL(9,E28:E32) -> 0 | F27: =SUBTOTAL(9,F28:F32) -> 0 | J27: 11.31 | K27: 1.9 | L27: 3.79 | M27: 2.61 | N27: 1.37 | O27: 1.64
B28: 1 | C28: Đầu tư dung lượng 5G | D28: =SUM(E28:F28) -> 0 | E28: ='TH theo DV'!E7 -> 0 | F28: ='TH theo DV'!O7 -> 0 | J28: 1.4 | K28: 0.26 | L28: 0.23 | M28: 0.26 | N28: 0.34 | O28: 0.31 | P28: Năm 2026: 130K sub và 24Gbps; Năm 2027: 84K sub và 19 Gbps; Năm 2028: 140K sub và 49Gbps; Năm 2029: 219K sub và 84Gbps; Năm 2030: 174K sub và 77Gbps
B29: 2 | C29: Đầu tư dung lượng 4G | D29: =SUM(E29:F29) -> 0 | E29: ='TH theo DV'!E14 -> 0 | F29: ='TH theo DV'!O14 -> 0 | J29: 6.58 | K29: 0.89 | L29: 2.14 | M29: 1.19 | N29: 1.03 | O29: 1.33 | P29: Năm 2026: HSS (200K FE), PS (New VIM 500KSAU, 138Gbps), IMS (150k sub active) Năm 2027: PS (New VIM 250KSAU, 160Gbps), IMS (550k sub active) Năm 2028: HSS (200K FE), PS (New VIM 200KSAU, 70Gbps), IMS (350k sub active) Năm 2029: PS (100KSAU, 80Gbps), IMS (300k sub active) Năm 2030: HSS (100K FE), PS (80Gbps), IMS (600k sub active)
B30: 3 | C30: Đầu tư hiện đại hóa mạng lưới | D30: =SUM(E30:F30) -> 0 | E30: ='TH theo DV'!E28 -> 0 | F30: ='TH theo DV'!O28 -> 0 | J30: 3.12 | K30: 0.54 | L30: 1.42 | M30: 1.16 | N30: 0 | O30: 0 | P30: Năm 2026: Swap 01 PS Legacy 250K SAU, 90 Gbps. Năm 2027: Swap 01 PS Legacy 250K SAU, 90 Gbps và 01 MSC 740Ksub, Swap UDM Năm 2028: Swap 01 PS Cloud 984K SAU, 153 Gbps
B31: 4 | C31: Kiên cố, củng cố | D31: =SUM(E31:F31) -> 0 | E31: ='TH theo DV'!E29 -> 0 | F31: ='TH theo DV'!O29 -> 0 | J31: 0.21 | K31: 0.21 | L31: 0 | M31: 0 | N31: 0 | O31: 0 | P31: Đầu tư SBC để đảm bảo ATTT
B32: 5 | C32: UCTT | D32: =SUM(E32:F32) -> 0 | E32: ='TH theo DV'!E30 -> 0 | F32: ='TH theo DV'!O30 -> 0 | J32: 0 | K32: 0 | L32: 0 | M32: 0 | N32: 0 | O32: 0
B34: IV. Công nghệ thông tin
B35: STT | C35: Danh mục | D35: Tổng | E35: 2027 | F35: 2028 | G35: Diễn giải khối lượng đầu tư, kết quả | J35: Đầu tư 5 năm (m$) | P35: Diễn giải khối lượng đầu tư
G36: 2027 | H36: 2028 | J36: Tổng | K36: 2026 | L36: 2027 | M36: 2028 | N36: 2029 | O36: 2030
C37: Tổng | D37: =SUM(E37:F37) -> 0 | E37: =SUBTOTAL(9,E38:E43) -> 0 | F37: =SUBTOTAL(9,F38:F43) -> 0 | J37: 22.908492 | K37: 3.0649003 | L37: 3.5873586 | M37: 6.4594459 | N37: 6.0588486 | O37: 3.7379383 | P37: Tổng đầu tư trong vòng 5 năm: 23,16Tr$ + Chi phí cho phần CNTT ~19,91Tr$, chi phí cho phần Ví điện tử ~3.25tr$. + Lũy kế đầu tư 432 bộ máy chủ vật lý, 3.9PB dung lượng lưu trữ, đảm bảo các nhu cầu triển khai hạ tầng CNTT, Ví điện tử phục vụ triển khai mới và mở rộng cho các hệ thống ứng dụng của Unitel.
B38: A | C38: Chi phí cho phần CNTT | D38: =SUM(E38:F38) -> 0 | E38: =SUBTOTAL(9,E39:E42) -> 0 | F38: =SUBTOTAL(9,F39:F42) -> 0 | J38: 19.658492 | K38: 2.4149003 | L38: 2.9373586 | M38: 5.8094459 | N38: 5.4088486 | O38: 3.0879383
B39: 1 | C39: Tài nguyên cho đầu tư phát triển | D39: =SUM(E39:F39) -> 0 | E39: ='TH theo DV'!G23+'TH theo DV'!G24 -> 0 | F39: ='TH theo DV'!Q23+'TH theo DV'!Q24 -> 0 | J39: 10.463056 | K39: 1.6503343 | L39: 2.2394226 | M39: 2.1335019 | N39: 2.2553446 | O39: 2.1844523 | P39: - Năm 2026-2030: + Đầu tư cho phát triển mới phục vụ triển khai cho hệ thống (BCCS, VAS, OSS,..) ~6,8tr$ + Đầu tư cho nâng cấp mở rộng các hệ thống (BCCS, VAS, OSS,..) ~1,41Tr$ + Chi phí cho nâng cấp/mở rộng phần mềm các hệ thống (BSS, VAS, ERP,…) :2,25Tr$
B40: 2 | C40: Tài nguyên cho kiên cố củng cố | D40: =SUM(E40:F40) -> 0 | E40: ='TH theo DV'!G29 -> 0 | F40: ='TH theo DV'!Q29 -> 0 | J40: 3.422552 | K40: 0 | L40: 0.083352 | M40: 0.66136 | N40: 2.53892 | O40: 0.13892 | P40: + Năm 2027: DR cho hệ thống BCCS ~ 0,6Tr$. + Năm 2029: DR site cho hệ thống vOCS: 2,4Tr$ + Năm 2026 - 2030: Đầu tư tài nguyên phục vụ triển khai DR site cho hệ thống Database 0,3Tr$.
B41: 3 | C41: Tài nguyên cho hiện đại hoá | D41: =SUM(E41:F41) -> 0 | E41: ='TH theo DV'!G28 -> 0 | F41: ='TH theo DV'!Q28 -> 0 | J41: 4.97292 | K41: 0.514584 | L41: 0.514584 | M41: 2.914584 | N41: 0.514584 | O41: 0.514584 | P41: - Năm 2026-2030: Đầu tư tài nguyên phục vụ thay thế thiết bị quá niên hạn: ~2,5$ - Năm 2027: Đầu tư tài nguyên phục vụ cắt chuyển 6 tr Sub cho hệ thống vOCS3.0 lên 4.0: ~ 2,4tr$.
B42: 4 | C42: Tài nguyên cho UCTT | D42: =SUM(E42:F42) -> 0 | E42: ='TH theo DV'!G27 -> 0 | F42: ='TH theo DV'!Q27 -> 0 | J42: 0.799964 | K42: 0.249982 | L42: 0.1 | M42: 0.1 | N42: 0.1 | O42: 0.249982 | P42: - Năm 2026-2030: + Đầu tư thiết bị dự phòng cho UCTT: ~0,5Tr$ + Vật tư phụ kiện phục vụ UCTT ~ 0,4Tr$
B43: B | C43: Chi phí cho hệ thống Ví điện tử | D43: =SUM(E43:F43) -> 0 | E43: ='TH theo DV'!G31 -> 0 | F43: ='TH theo DV'!Q31 -> 0 | J43: 3.25 | K43: 0.65 | L43: 0.65 | M43: 0.65 | N43: 0.65 | O43: 0.65 | P43: - Năm 2026-2030: + Chi phí license phát triển phần mềm và phần cứng ~ 3,25Tr$
B45: V. Truyền dẫn quang
B46: STT | C46: Danh mục | D46: Tổng | E46: 2027 | F46: 2028 | G46: Diễn giải khối lượng đầu tư, kết quả | J46: Đầu tư 5 năm (m$) | P46: Diễn giải khối lượng đầu tư
G47: 2027 | H47: 2028 | J47: Tổng | K47: 2026 | L47: 2027 | M47: 2028 | N47: 2029 | O47: 2030
C48: Tổng | D48: =SUM(E48:F48) -> 0 | E48: =SUBTOTAL(9,E49:E57) -> 0 | F48: =SUBTOTAL(9,F49:F57) -> 0 | J48: 18.608598 | K48: 4.6824238 | L48: 5.5319649 | M48: 4.2553343 | N48: 2.2735215 | O48: 1.8653538
B49: 1 | C49: Mạng 5G | D49: =SUM(E49:F49) -> 0 | E49: =E50 -> 0 | F49: =F50 -> 0 | J49: 3.8975781 | K49: 0.77923288 | L49: 1.4217625 | M49: 1.0507716 | N49: 0.34650542 | O49: 0.29930566
B50: - | C50: Vùng phủ | D50: =SUM(E50:F50) -> 0 | E50: ='TH theo DV'!H7 -> 0 | F50: ='TH theo DV'!R7 -> 0 | J50: 0.98339502 | K50: 0.21404856 | L50: 0.3184852 | M50: 0.28023068 | N50: 0.09152208 | O50: 0.0791085 | P50: Đầu tư cáp quang, viba, SRT triển khai 896 trạm 5G (896 trạm cosite; 0 trạm mới)
B51: 2 | C51: Mạng 4G/3G/2G | D51: =SUM(E51:F51) -> 0 | J51: 1.321727 | K51: 0.39191711 | L51: 0.2733749 | M51: 0.30389837 | N51: 0.18076838 | O51: 0.1717682
B52: - | C52: Vùng phủ | D52: =SUM(E52:F52) -> 0 | E52: ='TH theo DV'!H13 -> 0 | F52: ='TH theo DV'!R13 -> 0 | J52: 0.8025987 | K52: 0.21275368 | L52: 0.1342339 | M52: 0.1808579 | N52: 0.13275368 | O52: 0.14199954 | P52: Đầu tư cáp quang, viba, SRT triển khai 250 trạm 4G
B53: - | C53: Dung lượng | D53: =SUM(E53:F53) -> 0 | E53: ='TH theo DV'!H14 -> 0 | F53: ='TH theo DV'!R14 -> 0 | J53: 0.51912826 | K53: 0.17916343 | L53: 0.139141 | M53: 0.12304047 | N53: 0.048014703 | O53: 0.029768656 | P53: Đầu tư 7 bước sóng DWDM đảm bảo co lưu lượng vô tuyến 4G .Lưu lượng 4G chiếm 15% trong phần di động
B54: 3 | C54: Đáp ứng mạng CĐBR/TH | D54: =SUM(E54:F54) -> 0 | E54: ='TH theo DV'!H15 -> 0 | F54: ='TH theo DV'!R15 -> 0 | J54: 3.2801887 | K54: 0.58235225 | L54: 1.1242817 | M54: 0.91311861 | N54: 0.34370195 | O54: 0.31673419 | P54: Đầu tư 45 bước sóng đảm báo lưu lượng CĐBR. Trung bình 16% mỗi năm tăng từ 1Tb lên 2.2Tb
B55: 4 | C55: Hiện đại hóa | D55: =SUM(E55:F55) -> 0 | E55: ='TH theo DV'!H28 -> 0 | F55: ='TH theo DV'!R28 -> 0 | J55: 5.837596 | K55: 1.407596 | L55: 2.025 | M55: 1.3 | N55: 0.715 | O55: 0.39 | P55: Thay thế 75 node DWDM đã EoL; 1 PRT và 2 SSU đã EoL;
B56: 5 | C56: Củng cố bền vững | D56: =SUM(E56:F56) -> 0 | E56: ='TH theo DV'!H29 -> 0 | F56: ='TH theo DV'!R29 -> 0 | J56: 2.5435183 | K56: 1.1147688 | L56: 0.35718739 | M56: 0.35718739 | N56: 0.35718739 | O56: 0.35718739 | P56: Triển khai kiên cố, mỗi tỉnh có một hướng cáp kiên cố toàn trình chủ, chủ yếu làm cáp ngầm cho đoạn nhập trạm đón cáp MOD, và triển khai kiên cố cho hướng quốc tế.
B57: 6 | C57: UCTT | D57: =SUM(E57:F57) -> 0 | E57: ='TH theo DV'!H27 -> 0 | F57: ='TH theo DV'!R27 -> 0 | J57: 1.7279903 | K57: 0.40655679 | L57: 0.33035837 | M57: 0.33035837 | N57: 0.33035837 | O57: 0.33035837 | P57: Mua thiết bi DWDM, viba, cáp quang, phụ kiện dự phòng UCTT
B59: IV. Truyền dẫn IP
B60: STT | C60: Danh mục | D60: Tổng | E60: 2027 | F60: 2028 | G60: Diễn giải khối lượng đầu tư, kết quả | J60: Đầu tư 5 năm (m$) | P60: Diễn giải khối lượng đầu tư, kết quả
G61: 2027 | H61: 2028 | J61: Tổng | K61: 2026 | L61: 2027 | M61: 2028 | N61: 2029 | O61: 2030
C62: Tổng | D62: =SUM(E62:F62) -> 0 | E62: =SUM(F62:G62) -> 0 | F62: =SUM(G62:H62) -> 0 | J62: 13.205724 | K62: 3.917603 | L62: 3.613371 | M62: 2.164133 | N62: 1.833565 | O62: 1.677052
B63: 1 | C63: Mạng 5G | D63: =SUM(E63:F63) -> 0 | E63: =SUM(F63:G63) -> 0 | F63: =SUM(G63:H63) -> 0 | J63: 3.2775907 | K63: 1.0104539 | L63: 0.61069314 | M63: 0.68074986 | N63: 0.5538867 | O63: 0.42180706
B64: - | C64: Vùng phủ 5G | D64: =SUM(E64:F64) -> 0 | E64: ='TH theo DV'!I7 -> 0 | F64: ='TH theo DV'!S7 -> 0 | J64: 1.223634 | K64: 0.30214271 | L64: 0.41530593 | M64: 0.36709923 | N64: 0.073865867 | O64: 0.065220253 | P64: Đầu tư hạ tầng IP phục vụ vùng phủ cosite 5G: 538 SRT, số lượng trạm lên từng năm là 124/ 185/ 163/ 35/ 31 Line card AGG cho đấu nối ring SRT
B65: 2 | C65: Mạng 4G | D65: =SUM(E65:F65) -> 0 | E65: =SUM(F65:G65) -> 0 | F65: =SUM(G65:H65) -> 0 | J65: 2.2201223 | K65: 1.5784342 | L65: 0.26647526 | M65: 0.19843096 | N65: 0.084418133 | O65: 0.092363747
B66: - | C66: Vùng phủ 4G | D66: =SUM(E66:F66) -> 0 | E66: ='TH theo DV'!I9 -> 0 | F66: ='TH theo DV'!S9 -> 0 | J66: 0.42893902 | K66: 0.028812294 | L66: 0.09457807 | M66: 0.12876677 | N66: 0.084418133 | O66: 0.092363747 | P66: Đầu tư hạ tầng IP phục vụ 250 trạm mới vùng phủ 4G đáp ứng nhu cầu kinh doanh di động hàng năm: 67/ 42/ 57/ 40/ 44 Line card AGG cho đấu nối ring SRT
B67: - | C67: Dung lượng 4G | D67: =SUM(E67:F67) -> 0 | E67: ='TH theo DV'!I14 -> 0 | F67: ='TH theo DV'!S14 -> 0 | J67: 1.7911832 | K67: 1.5496219 | L67: 0.17189719 | M67: 0.069664183 | N67: 0 | O67: 0 | P67: Line card tương ứng từ AGG lên core cho nâng dung lượng theo tỷ lệ băng thông 4G chiếm trong delta tăng thêm hàng năng của phần mở rộng dung lượng: từng năm tương ứng là 47%/14%/6%/0%/0%
B68: 3 | C68: Dung lượng BRCĐ | D68: =SUM(E68:F68) -> 0 | E68: ='TH theo DV'!I15 -> 0 | F68: ='TH theo DV'!S15 -> 0 | J68: 4.8369641 | K68: 1.1560629 | L68: 0.96283359 | M68: 0.88028718 | N68: 0.94334116 | O68: 0.8944392 | P68: Bổ sung SRT nâng dung lượng cho dịch vụ BRCĐ vùng Metro Juniper hàng năm: 30/30/0/0/0 'Theo tỷ lệ băng thông BRCĐ chiếm trong delta tăng thêm hàng năng của phần mở rộng dung lượng: từng năm tương ứng là 31%/70%/70%/66%/71%
B69: 4 | C69: ƯCTT | D69: =SUM(E69:F69) -> 0 | E69: ='TH theo DV'!I27 -> 0 | F69: ='TH theo DV'!S27 -> 0 | J69: 1.308647 | K69: 0.172652 | L69: 0.210969 | M69: 0.404665 | N69: 0.251919 | O69: 0.268442 | P69: Bổ sung thiết bị UCTT hàng năm gồm SRT, line card và module quang
B70: 5 | C70: Tổng trạm mới | D70: =SUM(E70:F70) -> 0 | E70: ='TH theo DV'!I21 -> 0 | F70: ='TH theo DV'!S21 -> 0 | J70: 1.5624 | L70: 1.5624 | P70: Đầu tư mức cơ bản tạo tổng trạm mới (02 router GW, 02 router P, 02 router PE di động, 02 router PE cố định cho mạng IPBN, 02 router P và 02 router PE cho mạng MPBN, switch cho mạng DCN
B72: V. Cơ điện tổng trạm
B73: STT | C73: Danh mục | D73: Tổng | E73: 2027 | F73: 2028 | G73: Diễn giải khối lượng đầu tư, kết quả | J73: Đầu tư 5 năm (m$) | P73: Diễn giải khối lượng đầu tư, kết quả
G74: 2027 | H74: 2028 | J74: Tổng | K74: 2026 | L74: 2027 | M74: 2028 | N74: 2029 | O74: 2030
C75: Tổng | D75: =SUM(E75:F75) -> 0 | J75: 13.398576 | K75: 7.0185765 | L75: 3.2192157 | M75: 1.6882353 | N75: 0.7 | O75: 0.77254902
B76: 1 | C76: Tổng trạm mới | D76: =SUM(E76:F76) -> 0 | E76: ='TH theo DV'!J21 -> 0 | F76: ='TH theo DV'!T21 -> 0 | J76: 11.964376 | K76: 6.6843765 | L76: 2.9192157 | M76: 1.3882353 | N76: 0.4 | O76: 0.57254902 | P76: Trong giai đoạn 2026-2030 lên 01 phòng máy chia theo 02 giai đoạn, năm 2026 xây tòa nhà và hạ tầng căn bản như hệ thống điện tổng, sàn giả, thang mang cáp. Còn lại các thiết bị cấp nguồn lên theo nhu cầu thực tế.
B77: 2 | C77: Hiện đại hóa mạng lưới | D77: =SUM(E77:F77) -> 0 | E77: ='TH theo DV'!J28 -> 0 | F77: ='TH theo DV'!T28 -> 0 | J77: 0.3 | K77: 0 | L77: 0.1 | M77: 0.1 | N77: 0.1 | O77: 0 | P77: Đầu tư cho DCIM
B78: 3 | C78: Kiên cố, củng cố | D78: =SUM(E78:F78) -> 0 | E78: ='TH theo DV'!J29 -> 0 | F78: ='TH theo DV'!T29 -> 0 | J78: 1.1342 | K78: 0.3342 | L78: 0.2 | M78: 0.2 | N78: 0.2 | O78: 0.2 | P78: 200k $ cho dự phòng thay thế thiết bị hỏng hóc xuống cấp tại tổng trạm quốc gia căn cứ số liệu trung bình đầu tư hàng năm, bao gồm thay thế EoL cũng như nguồn để thực hiện cải tạo PUE hoặc quy hoạch lại vị trí thiết bị và cải tạo hệ thống đi cáp.
B80: V. Cơ điện BTS
B81: STT | C81: Danh mục | D81: Tổng | E81: 2027 | F81: 2028 | G81: Diễn giải khối lượng đầu tư, kết quả | J81: Đầu tư 5 năm (m$) | P81: Diễn giải khối lượng đầu tư, kết quả
G82: 2027 | H82: 2028 | J82: Tổng | K82: 2026 | L82: 2027 | M82: 2028 | N82: 2029 | O82: 2030
C83: Tổng | D83: =SUM(E83:F83) -> 0 | E83: =SUBTOTAL(9,E84:E91) -> 0 | F83: =SUBTOTAL(9,F84:F91) -> 0 | J83: 10.653957 | K83: 2.589557 | L83: 2.268778 | M83: 2.105617 | N83: 1.859979 | O83: 1.830026
B84: 1 | C84: Mạng 5G | D84: =SUM(E84:F84) -> 0 | E84: =E85 -> 0 | F84: =F85 -> 0 | J84: 0.80432 | K84: 0.22907 | L84: 0.2718 | M84: 0.17044 | N84: 0.09051 | O84: 0.0425
B85: - | C85: Vùng phủ 5G | D85: =SUM(E85:F85) -> 0 | E85: ='TH theo DV'!J7 -> 0 | F85: ='TH theo DV'!T7 -> 0 | J85: 0.80432 | K85: 0.22907 | L85: 0.2718 | M85: 0.17044 | N85: 0.09051 | O85: 0.0425 | P85: Đầu tư tủ nguồn DC, Rec.và Smart DCDU cho vị trí bổ sung tủ 5G. Số lượng smart DCDU là 896 thiết bị (2026/2027/2028/2029/2030 là 207/308/271/59/51 thiết bị. 2026 đầu tư 12 tủ nguồn bổ sung đảm bảo công suất. Với trạm vip bổ sung 71 bình ắc quy và 6 máy phát điện cố định đảm bảo hoạt động tự động.
B86: 2 | C86: Mạng 4G | D86: =SUM(E86:F86) -> 0 | E86: =SUBTOTAL(9,E87:E88) -> 0 | F86: =SUBTOTAL(9,F87:F88) -> 0 | J86: 2.535872 | K86: 0.706429 | L86: 0.582286 | M86: 0.525872 | N86: 0.354464 | O86: 0.366821
B87: - | C87: Vùng phủ 4G | D87: =SUM(E87:F87) -> 0 | E87: ='TH theo DV'!J13 -> 0 | F87: ='TH theo DV'!T13 -> 0 | J87: 1.95912 | K87: 0.541232 | L87: 0.32058 | M87: 0.442972 | N87: 0.3052 | O87: 0.349136 | P87: Đầu tư theo số lượng trạm mới (newsite) của vô tuyến theo năm Trung bình 1 trạm mới bao gồm: 1 tủ nguồn, 2 bình LIB trạm marco và 1 bình trạm RRU, chi phí kéo điện và 0,5 máy phát điện. Số lượng trạm mới lên theo năm 2026/2027/2028/2029/2030 là 67/42/57/40/44.
B88: - | C88: Dung lượng 4G | D88: =SUM(E88:F88) -> 0 | E88: ='TH theo DV'!J14 -> 0 | F88: ='TH theo DV'!T14 -> 0 | J88: 0.576752 | K88: 0.165197 | L88: 0.261706 | M88: 0.0829 | N88: 0.049264 | O88: 0.017685 | P88: Lên theo công suất tiêu thụ thiết bị được bổ sung. Như trong năm 2026 đầu tư 14 máy phát điện, 6 tủ nguồn và 108 bình ắc quy Lib
B89: 3 | C89: Dung lượng BRCĐ | D89: =SUM(E89:F89) -> 0 | E89: ='TH theo DV'!J15 -> 0 | F89: ='TH theo DV'!T15 -> 0 | J89: 0.124615 | K89: 0.027468 | L89: 0.024052 | M89: 0.018665 | N89: 0.024365 | O89: 0.030065 | P89: Đầu tư tủ nguồn và ắc quy cho thiết bị BRCĐ lên hàng năm
B90: 4 | C90: Hiện đại hóa mạng lưới | D90: =SUM(E90:F90) -> 0 | E90: ='TH theo DV'!J28 -> 0 | F90: ='TH theo DV'!T28 -> 0 | J90: 0.6876 | K90: 0.2076 | L90: 0.12 | M90: 0.12 | N90: 0.12 | O90: 0.12 | P90: Năm 2026 đầu tư 100 DAQ bổ sung cho các vị trí còn thiếu trên mạng lưới và mỗi năm 200 bộ Smart DCDU cho các trạm đã lên 5G từ 2025.
B91: 5 | C91: Kiên cố, củng cố | D91: =SUM(E91:F91) -> 0 | E91: ='TH theo DV'!J29 -> 0 | F91: ='TH theo DV'!T29 -> 0 | J91: 6.50155 | K91: 1.41899 | L91: 1.27064 | M91: 1.27064 | N91: 1.27064 | O91: 1.27064 | P91: 200k $ mua ắc quy phục vụ bổ sung dung lượng suy hao 250k $ cho 100 tủ DC để thay thế tủ hiệu suất thấp EoL hàng năm 860k $ cho mua thay thế hỏng lớp access theo số liệu hàng năm, trong đó 320k $ cho 95 tủ nguồn 465 rectifier 290k $ cho 80 ATS và 60 máy phát điện
B93: VI. Hạ tầng
B94: STT | C94: Danh mục | D94: Tổng | E94: 2027 | F94: 2028 | G94: Diễn giải khối lượng đầu tư, kết quả | J94: Đầu tư 5 năm (m$) | P94: Diễn giải khối lượng đầu tư, kết quả
G95: 2027 | H95: 2028 | J95: Tổng | K95: 2026 | L95: 2027 | M95: 2028 | N95: 2029 | O95: 2030
C96: Tổng | D96: =SUM(E96:F96) -> 0 | E96: =SUBTOTAL(9,E97:E104) -> 0 | F96: =SUBTOTAL(9,F97:F104) -> 0 | J96: 11.995512 | K96: 1.8030653 | L96: 2.6376268 | M96: 2.5615615 | N96: 2.5018884 | O96: 2.4913702
B97: 1 | C97: Mạng 5G | D97: =SUM(E97:F97) -> 0 | E97: =E98 -> 0 | F97: =F98 -> 0 | J97: 0.359296 | K97: 0.083007 | L97: 0.123508 | M97: 0.108671 | N97: 0.023659 | O97: 0.020451
B98: - | C98: Vùng phủ 5G | D98: =SUM(E98:F98) -> 0 | E98: ='TH theo DV'!K7 -> 0 | F98: ='TH theo DV'!U7 -> 0 | J98: 0.359296 | K98: 0.083007 | L98: 0.123508 | M98: 0.108671 | N98: 0.023659 | O98: 0.020451 | P98: 2026: 207 trạm; 2027: 308 trạm; 2028: 271 trạm; 2029: 59 trạm; 2030: 51 trạm
B99: 2 | C99: Mạng 4G | D99: =SUM(E99:F99) -> 0 | E99: =SUBTOTAL(9,E100:E101) -> 0 | F99: =SUBTOTAL(9,F100:F101) -> 0 | J99: 3.7433577 | K99: 1.5436983 | L99: 0.58499419 | M99: 0.52376583 | N99: 0.54910474 | O99: 0.54179461
B100: - | C100: Vùng phủ 4G | D100: =SUM(E100:F100) -> 0 | E100: ='TH theo DV'!K13 -> 0 | F100: ='TH theo DV'!U13 -> 0 | J100: 2.9887737 | K100: 1.2923746 | L100: 0.36317311 | M100: 0.47943501 | N100: 0.39243043 | O100: 0.4613606 | P100: 2026: 67 trạm; 2027: 42 trạm; 2028: 57 trạm; 2029: 40 trạm; 2030: 44 trạm
B101: - | C101: Dung lượng 4G | D101: =SUM(E101:F101) -> 0 | E101: ='TH theo DV'!K14 -> 0 | F101: ='TH theo DV'!U14 -> 0 | J101: 0.75458399 | K101: 0.25132378 | L101: 0.22182108 | M101: 0.044330816 | N101: 0.1566743 | O101: 0.080434012 | P101: 2026: 646 RRU; 2027: 563 RRU; 2028: 78 RRU; 2029: 384 RRU; 2030: 177 RRU
B102: 4 | C102: Hiện đại hóa mạng lưới | D102: =SUM(E102:F102) -> 0 | E102: ='TH theo DV'!K28 -> 0 | F102: ='TH theo DV'!U28 -> 0 | J102: 0 | K102: 0 | L102: 0 | M102: 0 | N102: 0 | O102: 0
B103: 5 | C103: Kiên cố, củng cố | D103: =SUM(E103:F103) -> 0 | E103: ='TH theo DV'!K29 -> 0 | F103: ='TH theo DV'!U29 -> 0 | J103: 7.8928585 | K103: 0.17636 | L103: 1.9291246 | M103: 1.9291246 | N103: 1.9291246 | O103: 1.9291246 | P103: Năm 2026: 1.453 km; 5 tuyến viba ; Năm 2027: 657 km; Năm 2028: 657 km; Năm 2029: 657 km; Năm 2030: 657 km
B104: 6 | C104: UCTT | D104: =SUM(E104:F104) -> 0 | E104: ='TH theo DV'!K27 -> 0 | F104: ='TH theo DV'!U27 -> 0 | J104: 0 | K104: 0 | L104: 0 | M104: 0 | N104: 0 | O104: 0
B106: VII. Phần mềm VHKT
B107: STT | C107: Danh mục | D107: Tổng | E107: 2027 | F107: 2028 | G107: Diễn giải khối lượng đầu tư, kết quả | J107: Đầu tư 5 năm (m$) | P107: Diễn giải khối lượng đầu tư, kết quả
G108: 2027 | H108: 2028 | J108: Tổng | K108: 2026 | L108: 2027 | M108: 2028 | N108: 2029 | O108: 2030
B109: 1 | C109: Phần mềm VHKT | D109: =SUM(E109:F109) -> 0 | J109: 0.9055 | K109: 0.1995 | L109: 0.188 | M109: 0.142 | N109: 0.234 | O109: 0.142 | P109: Thực hiện triển khai mới 09 phần mềm, nâng cấp 4 phần mềm.
...

Sheet TH theo Dịch vụ
B1: Phụ lục: TÁCH ĐẦU TƯ THEO DỊCH VỤ, MỤC ĐÍCH
B3: I. Dịch vụ di động
B4: Dịch vụ (4G+5G):
B5: STT | C5: Dịch vụ | D5: Mảng | E5: Tổng | F5: 2027 | G5: 2028 | H5: Diễn giải khối lượng đầu tư, kết quả | K5: Đầu tư 5 năm (m$) | Q5: Diễn giải khối lượng đầu tư, kết quả
H6: 2027 | I6: 2028 | K6: Tổng | L6: 2026 | M6: 2027 | N6: 2028 | O6: 2029 | P6: 2030
D7: Tổng | E7: =SUM(F7:G7) -> 0 | K7: 62.730464 | L7: 16.425237 | M7: 16.981046 | N7: 16.867676 | O7: 6.838574 | P7: 5.6179306
B8: 1 | C8: Mạng di động | D8: Mạng 5G | E8: =SUM(F8:G8) -> 0 | K8: 30.592117 | L8: 7.1214532 | M8: 9.6988124 | N8: 9.0067556 | O8: 2.7103549 | P8: 2.0547406
B9: 2 | D9: Vùng phủ | E9: =SUM(F9:G9) -> 0 | F9: ='TH theo DV'!L7 -> 0 | G9: ='TH theo DV'!V7 -> 0 | K9: 24.223977 | L9: 5.5879576 | M9: 8.1701479 | N9: 7.662564 | O9: 1.6353507 | P9: 1.1679566 | Q9: Trong 5 năm (2026-2030) triển khai tổng cộng 896 trạm 5G, trong đó: + Mua bổ sung thêm 183 card BB để phát 5G 2300 4T4R, số lượng mua từng năm 79/54/21/10/19 (trong đó năm 2026 có dự phòng 34 card BB để triển khai cho các vị trí có nhiều hơn 6 RRU kéo dài). + 747 trạm C-band 32T32R, số lượng mua từng năm như sau 162/254/250/49/32.
B10: 4 | D10: Mạng 4G | E10: =SUM(F10:G10) -> 0 | K10: 32.138347 | L10: 9.3037842 | M10: 7.2822331 | N10: 7.8609209 | O10: 4.1282191 | P10: 3.5631901
B11: 5 | D11: Vùng phủ | E11: =SUM(F11:G11) -> 0 | F11: ='TH theo DV'!L13 -> 0 | G11: ='TH theo DV'!V13 -> 0 | K11: 10.405085 | L11: 3.3427795 | M11: 1.4026938 | N11: 1.6921959 | O11: 2.5732765 | P11: 1.3941394 | Q11: Từ 2026 -2030 triển khai: 250 trạm newsite cho vùng phủ, số lượng cho từng năm 67/42/57/40/44. Trung bình triển khai 50 trạm/năm, ưu tiên triển khai cho các vị trí VTCI và xử lý lõm do quá trình đô thị hóa.
B12: 6 | D12: Dung lượng | E12: =SUM(F12:G12) -> 0 | F12: ='TH theo DV'!L14 -> 0 | G12: ='TH theo DV'!V14 -> 0 | K12: 21.733262 | L12: 5.9610047 | M12: 5.8795393 | N12: 6.168725 | O12: 1.5549426 | P12: 2.1690507 | Q12: Giai đoạn 2026-2030 bổ sung số lượng tủ cho dung lượng 4G như sau: + 121 enodeB 700, tương ứng từng năm 85/0/0/0/36. + 607 enodeB 1800-2100, tương ứng từng năm 130/181/261/15/20.
B14: Đầu tư Vùng phủ 4G
B15: STT | C15: Dịch vụ | D15: Mảng | E15: Tổng | F15: 2027 | G15: 2028 | H15: Diễn giải khối lượng đầu tư, kết quả | K15: Đầu tư 5 năm (m$) | Q15: Diễn giải khối lượng đầu tư, kết quả
H16: 2027 | I16: 2028 | K16: Tổng | L16: 2026 | M16: 2027 | N16: 2028 | O16: 2029 | P16: 2030
D17: Tổng | E17: =SUM(F17:G17) -> 0 | K17: 10.405085 | L17: 3.3427795 | M17: 1.4026938 | N17: 1.6921959 | O17: 2.5732765 | P17: 1.3941394
B18: 1 | C18: Vùng phủ 4G | D18: Vô tuyến | E18: =SUM(F18:G18) -> 0 | F18: ='TH theo DV'!D13 -> 0 | G18: ='TH theo DV'!N13 -> 0 | K18: 4.2256538 | L18: 1.267607 | M18: 0.49012875 | N18: 0.46016425 | O18: 1.6584743 | P18: 0.3492795 | Q18: Từ 2026 -2030 triển khai: - 250 trạm newsite cho vùng phủ, số lượng cho từng năm 67/42/57/40/44. Trung bình triển khai 50 trạm/năm, ưu tiên triển khai cho các vị trí VTCI và xử lý lõm do quá trình đô thị hóa. - 751 trạm 4G 700 cosite trên các vị trí trạm cũ, số lượng trạm tương ứng từng năm là 55/71/67/384/174.
B19: 2 | D19: Truyền dẫn | E19: =SUM(F19:G19) -> 0 | F19: ='TH theo DV'!H13 -> 0 | G19: ='TH theo DV'!R13 -> 0 | K19: 0.8025987 | L19: 0.21275368 | M19: 0.1342339 | N19: 0.1808579 | O19: 0.13275368 | P19: 0.14199954 | Q19: Đầu tư cáp quang, viba, SRT triển khai 250 trạm 4G
B20: 3 | D20: IP | E20: =SUM(F20:G20) -> 0 | K20: 0.42893902 | L20: 0.028812294 | M20: 0.09457807 | N20: 0.12876677 | O20: 0.084418133 | P20: 0.092363747 | Q20: Đầu tư hạ tầng IP phục vụ 250 trạm mới vùng phủ 4G đáp ứng nhu cầu kinh doanh di động hàng năm: 67/ 42/ 57/ 40/ 44 Line card AGG cho đấu nối ring SRT
B21: 4 | D21: Cơ điện | E21: =SUM(F21:G21) -> 0 | F21: ='TH theo DV'!J13 -> 0 | G21: ='TH theo DV'!T13 -> 0 | K21: 1.95912 | L21: 0.541232 | M21: 0.32058 | N21: 0.442972 | O21: 0.3052 | P21: 0.349136 | Q21: Đầu tư theo số lượng trạm mới (newsite) của vô tuyến theo năm Trung bình 1 trạm mới bao gồm: 1 tủ nguồn, 2 bình LIB trạm marco và 1 bình trạm RRU, chi phí kéo điện và 0,5 máy phát điện. Số lượng trạm mới lên theo năm 2026/2027/2028/2029/2030 là 67/42/57/40/44.
B22: 5 | D22: Hạ tầng | E22: =SUM(F22:G22) -> 0 | F22: ='TH theo DV'!K13 -> 0 | G22: ='TH theo DV'!U13 -> 0 | K22: 2.9887737 | L22: 1.2923746 | M22: 0.36317311 | N22: 0.47943501 | O22: 0.39243043 | P22: 0.4613606 | Q22: 2026: 67 trạm; 2027: 42 trạm; 2028: 57 trạm; 2029: 40 trạm; 2030: 44 trạm
B24: Đầu tư Dung lượng 4G
B25: STT | C25: Dịch vụ | D25: Mảng | E25: Tổng | F25: 2027 | G25: 2028 | H25: Diễn giải khối lượng đầu tư, kết quả | K25: Đầu tư 5 năm (m$) | Q25: Diễn giải khối lượng đầu tư, kết quả
H26: 2027 | I26: 2028 | K26: Tổng | L26: 2026 | M26: 2027 | N26: 2028 | O26: 2029 | P26: 2030
D27: Tổng | E27: =SUM(F27:G27) -> 0 | K27: 21.733262 | L27: 5.9610047 | M27: 5.8795393 | N27: 6.168725 | O27: 1.5549426 | P27: 2.1690507
B28: 1 | C28: Dung lượng 4G | D28: Vô tuyến | E28: =SUM(F28:G28) -> 0 | F28: ='TH theo DV'!D14 -> 0 | G28: ='TH theo DV'!N14 -> 0 | K28: 11.511615 | L28: 2.9256986 | M28: 2.944974 | N28: 4.6587895 | O28: 0.27098963 | P28: 0.711163 | Q28: - Không phát sinh thêm trạm lưu lượng mới, chủ yếu lắp thêm thiết bị tại các vị trí có sẵn. - Tổng 5 năm (2026-2030) bổ sung số lượng tủ cho dung lượng 4G như sau: + 121 enodeB 700, tương ứng từng năm 85/0/0/0/36 + 607 enodeB 1800-2100, tương ứng từng năm 130/181/261/15/20
B29: 2 | D29: Mạng lõi | E29: =SUM(F29:G29) -> 0 | F29: ='TH theo DV'!E14 -> 0 | G29: ='TH theo DV'!O14 -> 0 | K29: 6.58 | L29: 0.89 | M29: 2.14 | N29: 1.19 | O29: 1.03 | P29: 1.33 | Q29: Năm 2026: HSS (200K FE), PS (New VIM 500KSAU, 138Gbps), IMS (150k sub active) Năm 2027: PS (New VIM 250KSAU, 160Gbps), IMS (550k sub active) Năm 2028: HSS (200K FE), PS (New VIM 200KSAU, 70Gbps), IMS (350k sub active) Năm 2029: PS (100KSAU, 80Gbps), IMS (300k sub active) Năm 2030: HSS (100K FE), PS (80Gbps), IMS (600k sub active)
B30: 3 | D30: Truyền dẫn | E30: =SUM(F30:G30) -> 0 | F30: ='TH theo DV'!H14 -> 0 | G30: ='TH theo DV'!R14 -> 0 | K30: 0.51912826 | L30: 0.17916343 | M30: 0.139141 | N30: 0.12304047 | O30: 0.048014703 | P30: 0.029768656 | Q30: Đầu tư 7 bước sóng DWDM đảm bảo co lưu lượng vô tuyến 4G .Lưu lượng 4G chiếm 15% trong phần di động
B31: 4 | D31: IP | E31: =SUM(F31:G31) -> 0 | K31: 1.7911832 | L31: 1.5496219 | M31: 0.17189719 | N31: 0.069664183 | O31: 0 | P31: 0 | Q31: Line card tương ứng từ AGG lên core cho nâng dung lượng theo tỷ lệ băng thông 4G chiếm trong delta tăng thêm hàng năng của phần mở rộng dung lượng: từng năm tương ứng là 47%/14%/6%/0%/0%
B32: 5 | D32: Cơ điện | E32: =SUM(F32:G32) -> 0 | F32: ='TH theo DV'!J14 -> 0 | G32: ='TH theo DV'!T14 -> 0 | K32: 0.576752 | L32: 0.165197 | M32: 0.261706 | N32: 0.0829 | O32: 0.049264 | P32: 0.017685 | Q32: Lên theo công suất tiêu thụ thiết bị được bổ sung. Như trong năm 2026 đầu tư 14 máy phát điện, 6 tủ nguồn và 108 bình ắc quy Lib
B33: 6 | D33: Hạ tầng | E33: =SUM(F33:G33) -> 0 | F33: ='TH theo DV'!K14 -> 0 | G33: ='TH theo DV'!U14 -> 0 | K33: 0.75458399 | L33: 0.25132378 | M33: 0.22182108 | N33: 0.044330816 | O33: 0.1566743 | P33: 0.080434012 | Q33: Năm 2026: 646 RRU; Năm 2027: 563 RRU, Năm 2028: 78 RRU, Năm 2029: 384 RRU; Năm 2030: 177 RRU
B35: Đầu tư Vùng phủ 5G
B36: STT | C36: Dịch vụ | D36: Mảng | E36: Tổng | F36: 2027 | G36: 2028 | H36: Diễn giải khối lượng đầu tư, kết quả | K36: Đầu tư 5 năm (m$) | Q36: Diễn giải khối lượng đầu tư, kết quả
H37: 2027 | I37: 2028 | K37: Tổng | L37: 2026 | M37: 2027 | N37: 2028 | O37: 2029 | P37: 2030
D38: Tổng | E38: =SUM(F38:G38) -> 0 | K38: 24.223977 | L38: 5.5879576 | M38: 8.1701479 | N38: 7.662564 | O38: 1.6353507 | P38: 1.1679566
B39: 1 | C39: Vùng phủ 5G | D39: Vô tuyến | E39: =SUM(F39:G39) -> 0 | F39: ='TH theo DV'!D7 -> 0 | G39: ='TH theo DV'!N7 -> 0 | K39: 20.853332 | L39: 4.7596894 | M39: 7.0410487 | N39: 6.7361231 | O39: 1.3557937 | P39: 0.96067687 | Q39: Trong 5 năm (2026-2030) triển khai tổng cộng 896 trạm 5G, trong đó: + Mua bổ sung thêm 183 card BB để phát 5G 2300 4T4R, số lượng mua từng năm 79/54/21/10/19 (trong đó năm 2026 có dự phòng 34 card BB để triển khai cho các vị trí có nhiều hơn 6 RRU kéo dài) + 747 trạm C-band 32T32R, số lượng mua từng năm như sau 162/254/250/49/32.
B40: 3 | D40: Truyền dẫn | E40: =SUM(F40:G40) -> 0 | F40: ='TH theo DV'!H7 -> 0 | G40: ='TH theo DV'!R7 -> 0 | K40: 0.98339502 | L40: 0.21404856 | M40: 0.3184852 | N40: 0.28023068 | O40: 0.09152208 | P40: 0.0791085 | Q40: Đầu tư cáp quang, viba, SRT triển khai 896 trạm 5G (896 trạm cosite; 0 trạm mới)
B41: 2 | D41: IP | E41: =SUM(F41:G41) -> 0 | K41: 1.223634 | L41: 0.30214271 | M41: 0.41530593 | N41: 0.36709923 | O41: 0.073865867 | P41: 0.065220253 | Q41: Đầu tư hạ tầng IP phục vụ vùng phủ cosite 5G: 538 SRT, số lượng trạm lên từng năm là 124/ 185/ 163/ 35/ 31 Line card AGG cho đấu nối ring SRT
B42: 4 | D42: Cơ điện | E42: =SUM(F42:G42) -> 0 | F42: ='TH theo DV'!J7 -> 0 | G42: ='TH theo DV'!T7 -> 0 | K42: 0.80432 | L42: 0.22907 | M42: 0.2718 | N42: 0.17044 | O42: 0.09051 | P42: 0.0425 | Q42: Đầu tư tủ nguồn DC, Rec.và Smart DCDU cho vị trí bổ sung tủ 5G. Số lượng smart DCDU là 896 thiết bị (2026/2027/2028/2029/2030 là 207/308/271/59/51 thiết bị. 2026 đầu tư 12 tủ nguồn bổ sung đảm bảo công suất. Với trạm vip bổ sung 71 bình ắc quy và 6 máy phát điện cố định đảm bảo hoạt động tự động.
B43: 5 | D43: Hạ tầng | E43: =SUM(F43:G43) -> 0 | F43: ='TH theo DV'!K7 -> 0 | G43: ='TH theo DV'!U7 -> 0 | K43: 0.359296 | L43: 0.083007 | M43: 0.123508 | N43: 0.108671 | O43: 0.023659 | P43: 0.020451 | Q43: 2026: 207 trạm; 2027: 308 trạm; 2028: 271 trạm; 2029: 59 trạm; 2030: 51 trạm
B45: Đầu tư Dung lượng 5G
B46: STT | C46: Dịch vụ | D46: Mảng | E46: Tổng | F46: 2027 | G46: 2028 | H46: Diễn giải khối lượng đầu tư, kết quả | K46: Đầu tư 5 năm (m$) | Q46: Diễn giải khối lượng đầu tư, kết quả
H47: 2027 | I47: 2028 | K47: Tổng | L47: 2026 | M47: 2027 | N47: 2028 | O47: 2029 | P47: 2030
D48: Tổng | E48: =SUM(F48:G48) -> 0 | K48: 6.3681397 | L48: 1.5334955 | M48: 1.5286645 | N48: 1.3441916 | O48: 1.0750042 | P48: 0.88678396
B49: 1 | C49: Dung lượng 5G | D49: Vô tuyến | E49: =SUM(F49:G49) -> 0 | K49: 0 | L49: 0 | M49: 0 | N49: 0 | O49: 0 | P49: 0
B50: 2 | D50: Mạng lõi | E50: =SUM(F50:G50) -> 0 | K50: 1.4 | L50: 0.26 | M50: 0.23 | N50: 0.26 | O50: 0.34 | P50: 0.31 | Q50: Năm 2026: 130K sub và 24Gbps; Năm 2027: 84K sub và 19 Gbps; Năm 2028: 140K sub và 49Gbps; Năm 2029: 219K sub và 84Gbps; Năm 2030: 174K sub và 77Gbps
B51: 3 | D51: Truyền dẫn | E51: =SUM(F51:G51) -> 0 | K51: 2.9141831 | L51: 0.56518432 | M51: 1.1032773 | N51: 0.77054092 | O51: 0.25498334 | P51: 0.22019716 | Q51: Đầu tư 38 bước sóng DWDM đảm bảo co lưu lượng vô tuyến 5G. Lưu lượng 5G chiếm 85% trong phần di động
B52: 4 | D52: IP | E52: =SUM(F52:G52) -> 0 | K52: 2.0539567 | L52: 0.70831119 | M52: 0.19538721 | N52: 0.31365064 | O52: 0.48002084 | P52: 0.3565868 | Q52: Line card tương ứng từ AGG lên core cho nâng dung lượng theo tỷ lệ băng thông 5G chiếm trong delta tăng thêm hàng năng của phần mở rộng dung lượng: từng năm tương ứng là 22%/16%/25%/34%/29%
B53: 5 | D53: Cơ điện | E53: =SUM(F53:G53) -> 0 | K53: 0 | L53: 0 | M53: 0 | N53: 0 | O53: 0 | P53: 0
B54: 6 | D54: Hạ tầng | E54: =SUM(F54:G54) -> 0 | K54: 0 | L54: 0 | M54: 0 | N54: 0 | O54: 0 | P54: 0
B57: II. Dịch vụ CĐBR
B58: Đầu tư Dịch vụ CĐBR
B59: STT | C59: Dịch vụ | D59: Mảng | E59: Tổng | F59: 2027 | G59: 2028 | H59: Diễn giải khối lượng đầu tư, kết quả | K59: Đầu tư 5 năm (m$) | Q59: Diễn giải khối lượng đầu tư, kết quả
H60: 2027 | I60: 2028 | K60: Tổng | L60: 2026 | M60: 2027 | N60: 2028 | O60: 2029 | P60: 2030
D61: Tổng | E61: =SUM(F61:G61) -> 0 | K61: 17.074971 | L61: 3.4223592 | M61: 4.2081833 | N61: 3.7746938 | O61: 2.8023251 | P61: 2.8674094
B62: 1 | C62: BRCĐ | D62: CORE | E62: =SUM(F62:G62) -> 0 | F62: ='TH theo DV'!F17 -> 0 | G62: ='TH theo DV'!P17 -> 0 | K62: 1.57672 | L62: 0.072 | M62: 0.86448 | N62: 0.64024 | O62: 0 | P62: 0 | Q62: Bổ sung dung lượng cho BRAS và CGNAT đáp ứng tăng trưởng thuê bao (318k) và profile (3,82Mbps)
B63: 2 | D63: Truy nhập | E63: =SUM(F63:G63) -> 0 | F63: ='TH theo DV'!F16 -> 0 | G63: ='TH theo DV'!P16 -> 0 | K63: 6.906483 | L63: 1.514476 | M63: 1.162536 | N63: 1.252383 | O63: 1.420917 | P63: 1.556171 | Q63: Triển khai 818 thiết bị OLT GPON và 366 thiết bị OLT combo XGSPON cùng hạ tầng đảm bảo phát triển mới 280k cổng
D64: Công cụ, phần mềm | E64: =SUM(F64:G64) -> 0 | F64: ='TH theo DV'!F28 -> 0 | G64: ='TH theo DV'!P28 -> 0 | K64: 0.35 | L64: 0.07 | M64: 0.07 | N64: 0.07 | O64: 0.07 | P64: 0.07 | Q64: Triển khai các công cụ phục vụ đo kiểm, tối ưu chất lượng dịch vụ: VQT, ACS, ...
B65: 4 | D65: Truyền dẫn | E65: =SUM(F65:G65) -> 0 | F65: ='TH theo DV'!H15 -> 0 | G65: ='TH theo DV'!R15 -> 0 | K65: 3.2801887 | L65: 0.58235225 | M65: 1.1242817 | N65: 0.91311861 | O65: 0.34370195 | P65: 0.31673419 | Q65: Đầu tư 45 bước sóng đảm báo lưu lượng CĐBR. Trung bình 16% mỗi năm tăng từ 1Tb lên 2.2Tb
B66: 5 | D66: IP | E66: =SUM(F66:G66) -> 0 | K66: 4.8369641 | L66: 1.1560629 | M66: 0.96283359 | N66: 0.88028718 | O66: 0.94334116 | P66: 0.8944392 | Q66: Bổ sung SRT nâng dung lượng cho dịch vụ BRCĐ vùng Metro Juniper hàng năm: 30/30/0/0/0 'Theo tỷ lệ băng thông BRCĐ chiếm trong delta tăng thêm hàng năng của phần mở rộng dung lượng: từng năm tương ứng là 31%/70%/70%/66%/71%
B67: 6 | D67: Cơ điện | E67: =SUM(F67:G67) -> 0 | F67: ='TH theo DV'!J15 -> 0 | G67: ='TH theo DV'!T15 -> 0 | K67: 0.124615 | L67: 0.027468 | M67: 0.024052 | N67: 0.018665 | O67: 0.024365 | P67: 0.030065 | Q67: Đầu tư tủ nguồn và ắc quy cho thiết bị BRCĐ lên hàng năm
B69: III. Dịch vụ CNTT
B70: Đầu tư Dịch vụ CNTT
B71: STT | C71: Dịch vụ | D71: Mảng | E71: Tổng | F71: 2027 | G71: 2028 | H71: Diễn giải khối lượng đầu tư, kết quả | K71: Đầu tư 5 năm (m$) | Q71: Diễn giải khối lượng đầu tư, kết quả
H72: 2027 | I72: 2028 | K72: Tổng | L72: 2026 | M72: 2027 | N72: 2028 | O72: 2029 | P72: 2030
D73: Tổng | E73: =SUM(F73:G73) -> 0 | K73: 13.713056 | L73: 2.3003343 | M73: 2.8894226 | N73: 2.7835019 | O73: 2.9053446 | P73: 2.8344523
B74: 2 | C74: CNTT | D74: Kinh doanh trực tiếp | E74: =SUM(F74:G74) -> 0 | F74: ='TH theo DV'!L23 -> 0 | G74: ='TH theo DV'!V23 -> 0 | K74: 3.25 | L74: 0.65 | M74: 0.65 | N74: 0.65 | O74: 0.65 | P74: 0.65 | Q74: - Năm 2026-2030: + Chi phí license phát triển phần mềm và phần cứng ~ 3,25Tr$
B75: 3 | D75: Hỗ trợ kinh doanh và VHKT | E75: =SUM(F75:G75) -> 0 | F75: ='TH theo DV'!L24 -> 0 | G75: ='TH theo DV'!V24 -> 0 | K75: 10.463056 | L75: 1.6503343 | M75: 2.2394226 | N75: 2.1335019 | O75: 2.2553446 | P75: 2.1844523 | Q75: - Năm 2026-2030: + Đầu tư cho phát triển mới phục vụ triển khai cho hệ thống (BCCS, VAS, OSS,..) ~6,8tr$ + Đầu tư cho nâng cấp mở rộng các hệ thống (BCCS, VAS, OSS,..) ~1,41Tr$ + Chi phí cho nâng cấp/mở rộng phần mềm các hệ thống (BSS, VAS, ERP,…) :2,25Tr$
B77: IV.Data Center (DC)
K78: Đầu tư 5 năm (m$) | Q78: Diễn giải khối lượng đầu tư, kết quả
B79: STT | C79: Dịch vụ | D79: Mảng | E79: Tổng | F79: 2027 | G79: 2028 | H79: Diễn giải khối lượng đầu tư, kết quả | I79: Diễn giải khối lượng đầu tư, kết quả | K79: Tổng | L79: 2026 | M79: 2027 | N79: 2028 | O79: 2029 | P79: 2030
D80: Tổng | E80: =SUM(F80:G80) -> 0 | K80: 13.398576 | L80: 7.0185765 | M80: 3.2192157 | N80: 1.6882353 | O80: 0.7 | P80: 0.77254902
B81: 1 | C81: Tổng trạm | D81: Phát triển mới | E81: =SUM(F81:G81) -> 0 | K81: 11.964376 | L81: 6.6843765 | M81: 2.9192157 | N81: 1.3882353 | O81: 0.4 | P81: 0.57254902 | Q81: Trong giai đoạn 2026-2030 lên 01 phòng máy chia theo 02 giai đoạn, năm 2026 xây tòa nhà và hạ tầng căn bản như hệ thống điện tổng, sàn giả, thang mang cáp. Còn lại các thiết bị cấp nguồn lên theo nhu cầu thực tế.
B82: 2 | D82: Củng cố | E82: =SUM(F82:G82) -> 0 | K82: 0.3 | L82: 0 | M82: 0.1 | N82: 0.1 | O82: 0.1 | P82: 0 | Q82: Đầu tư cho DCIM
B83: 3 | D83: ƯCTT | E83: =SUM(F83:G83) -> 0 | K83: 1.1342 | L83: 0.3342 | M83: 0.2 | N83: 0.2 | O83: 0.2 | P83: 0.2 | Q83: 200k $ cho dự phòng thay thế thiết bị hỏng hóc xuống cấp tại tổng trạm quốc gia căn cứ số liệu trung bình đầu tư hàng năm, bao gồm thay thế EoL cũng như nguồn để thực hiện cải tạo PUE hoặc quy hoạch lại vị trí thiết bị và cải tạo hệ thống đi cáp.
B86: V.Các dịch vụ khác
B87: Hiện đại hóa mạng lưới
B88: STT | C88: Dịch vụ | D88: Mảng | E88: Tổng | F88: 2027 | G88: 2028 | H88: Diễn giải khối lượng đầu tư, kết quả | K88: Đầu tư 5 năm (m$) | Q88: Diễn giải khối lượng đầu tư, kết quả
H89: 2027 | I89: 2028 | K89: Tổng | L89: 2026 | M89: 2027 | N89: 2028 | O89: 2029 | P89: 2030
D90: Tổng | E90: =SUM(F90:G90) -> 0 | K90: 15.945441 | L90: 2.8421045 | M90: 4.557084 | N90: 5.594584 | O90: 1.827084 | P90: 1.124584
B91: 1 | C91: Hiện đại hóa mạng lưới | D91: Vô tuyến | E91: =SUM(F91:G91) -> 0 | F91: ='TH theo DV'!D28 -> 0 | G91: ='TH theo DV'!N28 -> 0 | K91: 1.3273245 | L91: 0.1723245 | M91: 0.4775 | N91: 0.1 | O91: 0.4775 | P91: 0.1 | Q91: Hàng năm đầu tư khoảng 100k USD cho thử nghiệm các tính năng mới. 2 năm/lần thực hiện nâng cấp software 2G, 4G và các dịch vụ triển khai BSC, OMC
B92: 2 | D92: Mạng lõi | E92: =SUM(F92:G92) -> 0 | F92: ='TH theo DV'!E28 -> 0 | G92: ='TH theo DV'!O28 -> 0 | K92: 3.12 | L92: 0.54 | M92: 1.42 | N92: 1.16 | O92: 0 | P92: 0 | Q92: Năm 2026: Swap 01 PS Legacy 250K SAU, 90 Gbps. Năm 2027: Swap 01 PS Legacy 250K SAU, 90 Gbps và 01 MSC 740Ksub, Swap UDM Năm 2028: Swap 01 PS Cloud 984K SAU, 153 Gbps
B93: 3 | D93: Truyền dẫn quang | E93: =SUM(F93:G93) -> 0 | F93: ='TH theo DV'!H28 -> 0 | G93: ='TH theo DV'!R28 -> 0 | K93: 5.837596 | L93: 1.407596 | M93: 2.025 | N93: 1.3 | O93: 0.715 | P93: 0.39 | Q93: Thay thế 75 node DWDM đã EoL; 1 PRT và 2 SSU đã EoL;
D94: Truyền dẫn IP | E94: =SUM(F94:G94) -> 0 | K94: 0 | L94: 0 | M94: 0 | N94: 0 | O94: 0 | P94: 0
B95: 4 | D95: CNTT | E95: =SUM(F95:G95) -> 0 | F95: ='TH theo DV'!G28 -> 0 | G95: ='TH theo DV'!Q28 -> 0 | K95: 4.97292 | L95: 0.514584 | M95: 0.514584 | N95: 2.914584 | O95: 0.514584 | P95: 0.514584 | Q95: Năm 2026-2030: Đầu tư tài nguyên phục vụ thay thế thiết bị quá niên hạn: ~2,5$ Năm 2027: Đầu tư tài nguyên phục vụ cắt chuyển 6 tr Sub cho hệ thống vOCS3.0 lên 4.0: ~ 2,4tr$.
D96: Cơ điện | E96: =SUM(F96:G96) -> 0 | F96: ='TH theo DV'!J28 -> 0 | G96: ='TH theo DV'!T28 -> 0 | K96: 0.6876 | L96: 0.2076 | M96: 0.12 | N96: 0.12 | O96: 0.12 | P96: 0.12 | Q96: Năm 2026 đầu tư 100 DAQ bổ sung cho các vị trí còn thiếu trên mạng lưới và mỗi năm 200 bộ Smart DCDU cho các trạm đã lên 5G từ 2025.
B97: 5 | D97: Hạ tầng | E97: =SUM(F97:G97) -> 0 | F97: ='TH theo DV'!K28 -> 0 | G97: ='TH theo DV'!U28 -> 0 | K97: 0 | L97: 0 | M97: 0 | N97: 0 | O97: 0 | P97: 0
B99: Đầu tư kiên cố mạng lưới
B100: STT | C100: Dịch vụ | D100: Mảng | E100: Tổng | F100: 2027 | G100: 2028 | H100: Diễn giải khối lượng đầu tư, kết quả | K100: Đầu tư 5 năm (m$) | Q100: Diễn giải khối lượng đầu tư, kết quả
H101: 2027 | I101: 2028 | K101: Tổng | L101: 2026 | M101: 2027 | N101: 2028 | O101: 2029 | P101: 2030
D102: Tổng | E102: =SUM(F102:G102) -> 0 | K102: 23.097359 | L102: 3.0201188 | M102: 6.067184 | N102: 4.218312 | O102: 6.095872 | P102: 3.695872
B103: 1 | C103: Kiên cố, củng cố | D103: BRCĐ | E103: =SUM(F103:G103) -> 0 | F103: ='TH theo DV'!D29 -> 0 | G103: ='TH theo DV'!N29 -> 0 | K103: 0.96448 | L103: 0.1 | M103: 0.86448 | N103: 0 | O103: 0 | P103: 0 | Q103: Bổ sung tài nguyên AAA, BRAS, CGNAT đảm bảo không ảnh hưởng dịch vụ khi down 01 TTr.
B104: 2 | D104: Mạng lõi | E104: =SUM(F104:G104) -> 0 | F104: ='TH theo DV'!E29 -> 0 | G104: ='TH theo DV'!O29 -> 0 | K104: 0.21 | L104: 0.21 | M104: 0 | N104: 0 | O104: 0 | P104: 0 | Q104: Đầu tư SBC để đảm bảo ATTT
B105: 3 | D105: Truyền dẫn quang | E105: =SUM(F105:G105) -> 0 | F105: ='TH theo DV'!H29 -> 0 | G105: ='TH theo DV'!R29 -> 0 | K105: 2.5435183 | L105: 1.1147688 | M105: 0.35718739 | N105: 0.35718739 | O105: 0.35718739 | P105: 0.35718739 | Q105: Triển khai kiên cố, mỗi tỉnh có một hướng cáp kiên cố toàn trình chủ, chủ yếu làm cáp ngầm cho đoạn nhập trạm đón cáp MOD, và triển khai kiên cố cho hướng quốc tế.
B106: 4 | D106: Truyền dẫn IP | E106: =SUM(F106:G106) -> 0 | K106: 1.5624 | M106: 1.5624 | Q106: Đầu tư mức cơ bản tạo tổng trạm mới (02 router GW, 02 router P, 02 router PE di động, 02 router PE cố định cho mạng IPBN, 02 router P và 02 router PE cho mạng MPBN, switch cho mạng DCN.
B107: 5 | D107: Cơ điện | E107: =SUM(F107:G107) -> 0 | F107: ='TH theo DV'!J29 -> 0 | G107: ='TH theo DV'!T29 -> 0 | K107: 6.50155 | L107: 1.41899 | M107: 1.27064 | N107: 1.27064 | O107: 1.27064 | P107: 1.27064 | Q107: 113k $ mua ắc quy phục vụ bổ sung dung lượng suy hao. 250k $ cho 100 tủ DC để thay thế tủ hiệu suất thấp EoL hàng năm. 860k $ cho mua thay thế hỏng lớp access theo số liệu hàng năm, trong đó 320k $ cho 95 tủ nguồn 465 rectifier 290k $ cho 80 ATS và 60 máy phát điện.
B108: 6 | D108: CNTT | E108: =SUM(F108:G108) -> 0 | F108: ='TH theo DV'!G29 -> 0 | G108: ='TH theo DV'!Q29 -> 0 | K108: 3.422552 | L108: 0 | M108: 0.083352 | N108: 0.66136 | O108: 2.53892 | P108: 0.13892 | Q108: + Năm 2027: DR cho hệ thống BCCS ~ 0,6Tr$. + Năm 2029: DR site cho hệ thống vOCS: 2,4Tr$ + Năm 2026 - 2030: Đầu tư tài nguyên phục vụ triển khai DR site cho hệ thống Database 0,3Tr$.
B109: 7 | D109: Hạ tầng | E109: =SUM(F109:G109) -> 0 | F109: ='TH theo DV'!K29 -> 0 | G109: ='TH theo DV'!U29 -> 0 | K109: 7.8928585 | L109: 0.17636 | M109: 1.9291246 | N109: 1.9291246 | O109: 1.9291246 | P109: 1.9291246 | Q109: Năm 2026: 1.453 km; 5 tuyến viba ; Năm 2027: 657 km; Năm 2028: 657 km; Năm 2029: 657 km; Năm 2030: 657 km.
B111: Đầu tư ƯCTT
B112: STT | C112: Dịch vụ | D112: Mảng | E112: Tổng | F112: 2027 | G112: 2028 | H112: Diễn giải khối lượng đầu tư, kết quả | K112: Đầu tư 5 năm (m$) | Q112: Diễn giải khối lượng đầu tư, kết quả
H113: 2027 | I113: 2028 | K113: Tổng | L113: 2026 | M113: 2027 | N113: 2028 | O113: 2029 | P113: 2030
...

Sheet So sanh CL
B1: MẢNG / LĨNH VỰC | C1: QHĐC 2027-2028 (M$) | F1: CHIẾN LƯỢC 5 NĂM (M$) | I1: CHÊNH LỆCH SO VỚI CHIẾN LƯỢC (M$)
A2: STT | C2: TỔNG | D2: 2027 | E2: 2028 | F2: TỔNG | G2: 2027 | H2: 2028 | I2: TỔNG | J2: 2027 | K2: 2028
B3: Tổng (m$) | C3: =SUBTOTAL(9,C4:C15) -> 0 | D3: =SUBTOTAL(9,D4:D15) -> 0 | E3: =SUBTOTAL(9,E4:E15) -> 0 | F3: =SUBTOTAL(9,F4:F15) -> 0 | G3: =SUBTOTAL(9,G4:G15) -> 0 | H3: =SUBTOTAL(9,H4:H15) -> 0
A4: 1 | B4: Vô tuyến | C4: =SUM(D4:E4) -> 0 | D4: ='TH theo DV'!D4 -> 0 | E4: ='TH theo DV'!N4 -> 0 | I4: =C4-F4 -> 0 | J4: =D4-G4 -> 0 | K4: =E4-H4 -> 0
A5: 2 | B5: Mạng lõi | C5: =SUM(D5:E5) -> 0 | D5: ='TH theo DV'!E4 -> 0 | E5: ='TH theo DV'!O4 -> 0 | I5: =C5-F5 -> 0 | J5: =D5-G5 -> 0 | K5: =E5-H5 -> 0
A6: 3 | B6: BRCĐ-TH | C6: =SUM(D6:E6) -> 0 | D6: ='TH theo DV'!F4 -> 0 | E6: ='TH theo DV'!P4 -> 0 | I6: =C6-F6 -> 0 | J6: =D6-G6 -> 0 | K6: =E6-H6 -> 0
A7: 4 | B7: Công nghệ thông tin | C7: =SUM(D7:E7) -> 0 | I7: =C7-F7 -> 0 | J7: =D7-G7 -> 0 | K7: =E7-H7 -> 0
A8: 5 | B8: An toàn thông tin | C8: =SUM(D8:E8) -> 0 | I8: =C8-F8 -> 0 | J8: =D8-G8 -> 0 | K8: =E8-H8 -> 0
A9: 6 | B9: Phần mềm, công cụ | C9: =SUM(D9:E9) -> 0 | I9: =C9-F9 -> 0 | J9: =D9-G9 -> 0 | K9: =E9-H9 -> 0
A10: 7 | B10: Ví điện tử | C10: =SUM(D10:E10) -> 0 | I10: =C10-F10 -> 0 | J10: =D10-G10 -> 0 | K10: =E10-H10 -> 0
A11: 8 | B11: Truyền dẫn quang | C11: =SUM(D11:E11) -> 0 | D11: ='TH theo DV'!H4 -> 0 | E11: ='TH theo DV'!R4 -> 0 | I11: =C11-F11 -> 0 | J11: =D11-G11 -> 0 | K11: =E11-H11 -> 0
A12: 9 | B12: Truyền dẫn IP | C12: =SUM(D12:E12) -> 0 | D12: ='TH theo DV'!I4 -> 0 | E12: ='TH theo DV'!S4 -> 0 | I12: =C12-F12 -> 0 | J12: =D12-G12 -> 0 | K12: =E12-H12 -> 0
A13: 10 | B13: Cơ điện tổng trạm | C13: =SUM(D13:E13) -> 0 | I13: =C13-F13 -> 0 | J13: =D13-G13 -> 0 | K13: =E13-H13 -> 0
A14: 11 | B14: Cơ điện BTS | C14: =SUM(D14:E14) -> 0 | I14: =C14-F14 -> 0 | J14: =D14-G14 -> 0 | K14: =E14-H14 -> 0
A15: 12 | B15: Hạ tầng | C15: =SUM(D15:E15) -> 0 | D15: ='TH theo DV'!K4 -> 0 | E15: ='TH theo DV'!U4 -> 0 | I15: =C15-F15 -> 0 | J15: =D15-G15 -> 0 | K15: =E15-H15 -> 0

Sheet PL1.2 TH theo mục đích
A1: PHỤ LỤC 1.2: BẢNG TỔNG HỢP ĐẦU TƯ THEO MỤC ĐÍCH QHĐC 2027-2028 (Ban hành kèm theo Công văn số của Tổng Công ty VTNet)
A3: TT | B3: Nội dung | C3: 2027 | F3: 2028 | I3: Tổng đầu tư và triển khai 2027-2028 (triệu USD) | J3: Tỷ trọng (%) | K3: Không xoá
C4: Chi phí (triệu USD) | D4: Hạng mục đầu tư, triển khai chính | E4: Tỷ trọng (%) | F4: Chi phí (triệu USD) | G4: Hạng mục đầu tư, triển khai chính | H4: Tỷ trọng (%) | K4: Mã Mảng | L4: Mã DV
B5: TỔNG ĐẦU TƯ | C5: =SUBTOTAL(9,C6:C57) -> #REF! | E5: =C5/I5 -> #REF! | F5: =SUBTOTAL(9,F7:F57) -> #REF! | H5: =F5/I5 -> #REF! | I5: =SUBTOTAL(9,I6:I57) -> #REF!
A6: A | B6: Công nghệ mới triển khai diện rộng cho kinh doanh | C6: =SUBTOTAL(9,C7:C14) -> 0 | E6: =C6/$C$5 -> #REF! | F6: =SUBTOTAL(9,F7:F13) -> 0 | H6: =F6/$F$5 -> #REF! | I6: =SUBTOTAL(9,I7:I14) -> 0 | J6: =I6/$I$5 -> #REF!
A7: I | B7: Mạng 5G | C7: =SUBTOTAL(9,C8:C11) -> 0 | E7: =C7/$C$5 -> #REF! | F7: =SUBTOTAL(9,F8:F11) -> 0 | G7: 0 | H7: =F7/$F$5 -> #REF! | I7: =SUBTOTAL(9,I8:I11) -> 0 | J7: =I7/$I$5 -> #REF!
A8: 1 | B8: Vô tuyến | C8: =SUMIFS('PL1.1 ML2027-2028'!$G:$G,'PL1.1 ML2027-2028'!$J:$J,K8,'PL1.1 ML2027-2028'!$K:$K,L8)/10^6 -> 0 | D8: - Đầu tư 802 gNodeB Massive MIMO dualband 2.6+3.5GHz cosite tại vị trí 4G dung lượng. | F8: =SUMIFS('PL1.1 ML2027-2028'!$H:$H,'PL1.1 ML2027-2028'!$J:$J,K8,'PL1.1 ML2027-2028'!$K:$K,L8)/10^6 -> 0 | G8: - Đầu tư 98 gNodeB Massive MIMO dualband 2.6+3.5GHz cosite tại vị trí 4G dung lượng. | I8: =C8+F8 -> 0 | J8: =I8/$I$5 -> #REF! | K8: VT | L8: 5G
A9: 2 | B9: Mạng lõi | C9: =SUMIFS('PL1.1 ML2027-2028'!$G:$G,'PL1.1 ML2027-2028'!$J:$J,K9,'PL1.1 ML2027-2028'!$K:$K,L9)/10^6 -> 0 | E9: =C9/$C$5 -> #REF! | F9: =SUMIFS('PL1.1 ML2027-2028'!$H:$H,'PL1.1 ML2027-2028'!$J:$J,K9,'PL1.1 ML2027-2028'!$K:$K,L9)/10^6 -> 0 | I9: =C9+F9 -> 0 | J9: =I9/$I$5 -> #REF! | K9: ML | L9: 5G
A10: 3 | B10: Truyền dẫn | C10: =SUMIFS('PL1.1 ML2027-2028'!$G:$G,'PL1.1 ML2027-2028'!$J:$J,K10,'PL1.1 ML2027-2028'!$K:$K,L10)/10^6 -> 0 | D10: - IP: ... SRT 5G smallcell, .... SRT 100G cho 5G NEW, card 10G AGG đấu nối ring 5G NEW, .... - 262 tuyến Viba E-Band triển khai 5G cosite | E10: =C10/$C$5 -> #REF! | F10: =SUMIFS('PL1.1 ML2027-2028'!$H:$H,'PL1.1 ML2027-2028'!$J:$J,K10,'PL1.1 ML2027-2028'!$K:$K,L10)/10^6 -> 0 | G10: 0 | I10: =C10+F10 -> 0 | J10: =I10/$I$5 -> #REF! | K10: TD | L10: 5G
A11: 4 | B11: Cơ điện | C11: =SUMIFS('PL1.1 ML2027-2028'!$G:$G,'PL1.1 ML2027-2028'!$J:$J,K11,'PL1.1 ML2027-2028'!$K:$K,L11)/10^6 -> 0 | D11: Đầu tư .... bình ắc quy Lithium 48V-100Ah; .... tủ nguồn DC indoor và ... rectifier đồng bộ; 1.062 tủ Compact Minishelter;.... tủ nguồn DC mini; ...converter quang FE;.....và chi phí lắp đặt. | E11: =C11/$C$5 -> #REF! | F11: =SUMIFS('PL1.1 ML2027-2028'!$H:$H,'PL1.1 ML2027-2028'!$J:$J,K11,'PL1.1 ML2027-2028'!$K:$K,L11)/10^6 -> 0 | G11: 0 | I11: =C11+F11 -> 0 | J11: =I11/$I$5 -> #REF! | K11: CĐ | L11: 5G
A12: II | B12: XGSPON | C12: =SUMIFS('PL1.1 ML2027-2028'!$G:$G,'PL1.1 ML2027-2028'!$J:$J,K12,'PL1.1 ML2027-2028'!$K:$K,L12)/10^6 -> 0 | D12: Triển khai …. trạm XGSPON combo tại nội thành, ngoại thành cho …. | E12: =C12/$C$5 -> #REF! | F12: =SUMIFS('PL1.1 ML2027-2028'!$H:$H,'PL1.1 ML2027-2028'!$J:$J,K12,'PL1.1 ML2027-2028'!$K:$K,L12)/10^6 -> 0 | G12: 0 | I12: =C12+F12 -> 0 | J12: =I12/$I$5 -> #REF! | K12: CĐBR | L12: XGSPON
A13: III | B13: AI/GPU | C13: =SUMIFS('PL1.1 ML2027-2028'!$G:$G,'PL1.1 ML2027-2028'!$J:$J,K13,'PL1.1 ML2027-2028'!$K:$K,L13)/10^6 -> 0 | D13: -Triển khai giải pháp AI như : Agent AI (áp dụng trong năm 2027 giải pháp Conversational AI cho CSKH); Camera AI cho Kỹ thuật …. | E13: =C13/$C$5 -> #REF! | F13: =SUMIFS('PL1.1 ML2027-2028'!$H:$H,'PL1.1 ML2027-2028'!$J:$J,K13,'PL1.1 ML2027-2028'!$K:$K,L13)/10^6 -> 0 | G13: -Triển khai giải pháp AI như : Agent AI; Camera AI cho Kỹ thuật …. | I13: =C13+F13 -> 0 | J13: =I13/$I$5 -> #REF! | K13: CNTT | L13: AI/GPU
A14: IV | B14: Private Mobile Network | C14: =SUMIFS('PL1.1 ML2027-2028'!$G:$G,'PL1.1 ML2027-2028'!$J:$J,K14,'PL1.1 ML2027-2028'!$K:$K,L14)/10^6 -> 0 | D14: Đầu tư trước …. bộ 5GC Mini để đảm bảo nhu cầu kinh doanh | E14: =C14/$C$5 -> #REF! | F14: =SUMIFS('PL1.1 ML2027-2028'!$H:$H,'PL1.1 ML2027-2028'!$J:$J,K14,'PL1.1 ML2027-2028'!$K:$K,L14)/10^6 -> 0 | G14: 0 | I14: =C14+F14 -> 0 | J14: =I14/$I$5 -> #REF! | K14: ML | L14: PMN
A15: B | B15: Mở rộng mạng lưới hiện tại cho kinh doanh | C15: =SUBTOTAL(9,C16:C34) -> #REF! | E15: =C15/$C$5 -> #REF! | F15: =SUBTOTAL(9,F16:F34) -> #REF! | H15: =F15/$F$5 -> #REF! | I15: =SUBTOTAL(9,I16:I34) -> #REF! | J15: =I15/$I$5 -> #REF!
A16: I | B16: Vô tuyến | C16: =SUBTOTAL(9,C17:C18) -> 0 | E16: =C16/C5 -> #REF! | F16: =SUBTOTAL(9,F17:F18) -> 0 | G16: 0 | H16: =F16/F5 -> #REF! | I16: =SUBTOTAL(9,I17:I18) -> 0 | J16: =I16/$I$5 -> #REF!
A17: 1 | B17: Vùng phủ (đầu tư + triển khai) | C17: =SUMIFS('PL1.1 ML2027-2028'!$G:$G,'PL1.1 ML2027-2028'!$J:$J,K17,'PL1.1 ML2027-2028'!$K:$K,L17)/10^6 + SUMIFS('PL1.1 ML2027-2028'!$G:$G,'PL1.1 ML2027-2028'!$J:$J,M17,'PL1.1 ML2027-2028'!$K:$K,L17)/10^6 -> 0 | D17: Triển khai 208 vị trí triển khai vùng phủ mới cho 4G kết hợp cosite 2G | E17: =C17/$C$5 -> #REF! | F17: =SUMIFS('PL1.1 ML2027-2028'!$H:$H,'PL1.1 ML2027-2028'!$J:$J,K17,'PL1.1 ML2027-2028'!$K:$K,L17)/10^6 + SUMIFS('PL1.1 ML2027-2028'!$H:$H,'PL1.1 ML2027-2028'!$J:$J,M17,'PL1.1 ML2027-2028'!$K:$K,L17)/10^6 -> 0 | G17: Triển khai 230 vị trí triển khai vùng phủ mới cho 4G kết hợp cosite 2G | I17: =C17+F17 -> 0 | J17: =I17/$I$5 -> #REF! | K17: VT | L17: VPDĐ | M17: HT
A18: 2 | B18: Dung lượng (đầu tư + triển khai) | C18: =SUMIFS('PL1.1 ML2027-2028'!$G:$G,'PL1.1 ML2027-2028'!$J:$J,K18,'PL1.1 ML2027-2028'!$K:$K,L18)/10^6 + SUMIFS('PL1.1 ML2027-2028'!$G:$G,'PL1.1 ML2027-2028'!$J:$J,M18,'PL1.1 ML2027-2028'!$K:$K,L18)/10^6 -> 0 | D18: - 2G: +) Bổ sung thêm 101 vị trí mới cho lưu lượng nhằm đáp ứng nhu cầu KD và giảm TU mạng 2G +) Bổ sung thêm 48 trạm cosite 900MHz Tổng chi phí dự kiến 2.5M USD - 4G: +) 802 tủ MM 2.6+3.5GHz, 157 card BB, 83 sector 800, 293 sector 700, 197 sector 1800. Tổng chi phí dự kiến 38M USD | E18: =C18/$C$5 -> #REF! | F18: =SUMIFS('PL1.1 ML2027-2028'!$H:$H,'PL1.1 ML2027-2028'!$J:$J,K18,'PL1.1 ML2027-2028'!$K:$K,L18)/10^6 + SUMIFS('PL1.1 ML2027-2028'!$H:$H,'PL1.1 ML2027-2028'!$J:$J,M18,'PL1.1 ML2027-2028'!$K:$K,L18)/10^6 -> 0 | G18: - 2G: +) Bổ sung thêm 38 vị trí mới cho lưu lượng nhằm đáp ứng nhu cầu KD và giảm TU mạng 2G +) Bổ sung thêm 3 tủ 900MHz Tổng chi phí dự kiến 707K USD - 4G: +) 14 vị trí mới DL +) 98 tủ MM 2.6+3.5GHz, 25 card BB, 21 sector 800, 298 sector 700, 353 sector 1800, Tổng chi phí dự kiến 8.6M USD | I18: =C18+F18 -> 0 | J18: =I18/$I$5 -> #REF! | K18: VT | L18: DLDĐ | M18: HT
A19: III | B19: Mạng lõi | C19: =SUBTOTAL(9,C20:C20) -> 0 | E19: =C19/C5 -> #REF! | F19: =SUBTOTAL(9,F20:F20) -> 0 | G19: 0 | H19: =F19/F5 -> #REF! | I19: =SUBTOTAL(9,I20:I20) -> 0 | J19: =I19/$I$5 -> #REF!
A20: 1 | B20: Dung lượng (đầu tư) | C20: =SUMIFS('PL1.1 ML2027-2028'!$G:$G,'PL1.1 ML2027-2028'!$J:$J,K20,'PL1.1 ML2027-2028'!$K:$K,L20)/10^6 -> 0 | D20: 01 vMSC (HW:1072K ATT, 1.5M Reg, 45K Erl, SW: 572K ATT, 800K Reg, 22.857K Erl), MSC (SW: CSFB: 1M sub), UDM (SW: 200K FE 2G/3G, 400K BE 2G/3G, 300K FE 4G, 2.9M BE 4G), 1 vEPC (HW: 1M SAU, 1.5M PDP, 100 Gbps, SW: 1M SAU, 1.5M PDP, 60 Gbps). vEPC4 (SW: 650K SAU, 975K PDP, 49.4 Gbps). SMSC (SW: 1400 MOMT). 2 IMS (HW: 500K, SW: 100K). | F20: =SUMIFS('PL1.1 ML2027-2028'!$H:$H,'PL1.1 ML2027-2028'!$J:$J,K20,'PL1.1 ML2027-2028'!$K:$K,L20)/10^6 -> 0 | G20: vEPC5 (SW: 34 Gbps). UDM (SW: 300K FE 2G/3G, 500K BE 2G/3G, 400K FE 4G, 1.9M BE 4G). | I20: =C20+F20 -> 0 | J20: =I20/$I$5 -> #REF! | K20: ML | L20: DLDĐ
A21: IV | B21: CĐBR-TH | C21: =SUBTOTAL(9,C22:C24) -> 0 | E21: =C21/C5 -> #REF! | F21: =SUBTOTAL(9,F22:F24) -> 0 | G21: 0 | H21: =F21/F5 -> #REF! | I21: =SUBTOTAL(9,I22:I24) -> 0 | J21: =I21/$I$5 -> #REF!
A22: 1 | B22: Vùng phủ ngoài trời (VTTB + Triển khai) | C22: =SUMIFS('PL1.1 ML2027-2028'!$G:$G,'PL1.1 ML2027-2028'!$K:$K,L22)/10^6 -> 0 | F22: =SUMIFS('PL1.1 ML2027-2028'!$H:$H,'PL1.1 ML2027-2028'!$K:$K,L22)/10^6 -> 0 | I22: =C22+F22 -> 0 | J22: =I22/$I$5 -> #REF! | L22: VPGPON
A23: 2 | B23: Dung lượng Internet | C23: =SUMIFS('PL1.1 ML2027-2028'!$G:$G,'PL1.1 ML2027-2028'!$K:$K,L23)/10^6 -> 0 | F23: =SUMIFS('PL1.1 ML2027-2028'!$H:$H,'PL1.1 ML2027-2028'!$K:$K,L23)/10^6 -> 0 | G23: 0 | I23: =C23+F23 -> 0 | J23: =I23/$I$5 -> #REF! | L23: DLGPON
A24: 3 | B24: Dung lượng Truyền hình | C24: =SUMIFS('PL1.1 ML2027-2028'!$G:$G,'PL1.1 ML2027-2028'!$K:$K,L24)/10^6 -> 0 | F24: =SUMIFS('PL1.1 ML2027-2028'!$H:$H,'PL1.1 ML2027-2028'!$K:$K,L24)/10^6 -> 0 | G24: 0 | I24: =C24+F24 -> 0 | J24: =I24/$I$5 -> #REF! | L24: TH
A25: V | B25: CNTT | C25: =SUBTOTAL(9,C26:C28) -> 0 | E25: =C25/C5 -> #REF! | F25: =SUBTOTAL(9,F26:F28) -> 0 | G25: 0 | H25: =F25/F5 -> #REF! | I25: =SUBTOTAL(9,I26:I28) -> 0 | J25: =I25/$I$5 -> #REF!
A26: 1 | B26: Trực tiếp kinh doanh | C26: =SUMIFS('PL1.1 ML2027-2028'!$G:$G,'PL1.1 ML2027-2028'!$J:$J,K26,'PL1.1 ML2027-2028'!$K:$K,L26)/10^6 -> 0 | D26: - Triển khai các hệ thống mới: Dịch vụ Betting, hệ thống cx Cloud cho doanh nghiệp… - Triển khai giải pháp ATTT SoC cho kinh doanh ngoài Movitel | F26: =SUMIFS('PL1.1 ML2027-2028'!$H:$H,'PL1.1 ML2027-2028'!$J:$J,K26,'PL1.1 ML2027-2028'!$K:$K,L26)/10^6 -> 0 | G26: - Triển khai các hệ thống mới: Dịch vụ Betting, hệ thống cx Cloud cho doanh nghiệp… - Triển khai giải pháp ATTT SoC cho kinh doanh ngoài Movitel | I26: =C26+F26 -> 0 | J26: =I26/$I$5 -> #REF! | K26: CNTT | L26: TTKD
A27: 2 | B27: Hỗ trợ kinh doanh và quản trị | C27: =SUMIFS('PL1.1 ML2027-2028'!$G:$G,'PL1.1 ML2027-2028'!$J:$J,K27,'PL1.1 ML2027-2028'!$K:$K,L27)/10^6 -> 0 | D27: + OCS4.0: Tổng chi phí đầu tư dự kiến : 19.12tr $ - Phần mềm : 19M với đơn giá 0.48$/subs --.> Nhằm đảm bảo năng lực license cho phép cắt chuyển toàn bộ 20M subs từ hệ thống vOCS 3.0 hiện tại sang vOCS 4.0 - Phần cứng : Đầu tư cụm DR với dung lượng 20M  Do chi phí phần cứng tăng cao nên em đang để mục này là x3 lần giá ký HĐ trong năm 2026 là ~ 0.5$/subs + Triển khai các giải pháp số hóa cho các lĩnh vực : VAS, Đâu tư, Tài chính, CSKH … + Triển khai mới 03 hệ thống OSS: DCIM, NCMS , vDCIM … + Cloud: Triển khai cho cụm hệ thống SENSOR - NSM, cụm máy chủ hệ thống Cloudrity, cụm máy chủ hệ thống PAM, Proxy - Thực hiện mở rộng 30 VM cụm USSDGW/VASGW + Process/Sender dịch vụ USSD155 cho đầu số 88x - Triển khai mở rộng 20 VM mở rộng cụm provisioning + SMSGW - Triển khai mở rộng 10 VM cho hệ thống SuperApp đảm bảo chạy 2 chân cho các cụm webservice Triển khai DB Standby cho cặp DB VAS 155 và DB VASCPn (Vas public) | F27: =SUMIFS('PL1.1 ML2027-2028'!$H:$H,'PL1.1 ML2027-2028'!$J:$J,K27,'PL1.1 ML2027-2028'!$K:$K,L27)/10^6 -> 0 | G27: OCS 4.0: Tổng chi phí đầu tư dự kiến : 3.2tr $ - Thực hiện mở rộng license phần mềm hêm 2M (nâng tổng số license là 22M) với đơn giá 0.35$/subs (đơn giá này là đơn giá của Kinh doanh VHT gửi) - Thực hiện mở rộng phần cứng thêm 5M nâng tổng năng lực phần cứng hỗ trợ lên 25M với đơn giá 0.5$/subs + Triển khai các giải pháp số hóa cho các lĩnh vực : VAS, Đâu tư, Tài chính, CSKH … + Triển khai mới 03 hệ thống OSS: DCIM, NCMS , vDCIM … | I27: =C27+F27 -> 0 | J27: =I27/$I$5 -> #REF! | K27: CNTT | L27: HTKD
A28: 3 | B28: An toàn thông tin | C28: =SUMIFS('PL1.1 ML2027-2028'!$G:$G,'PL1.1 ML2027-2028'!$J:$J,K28,'PL1.1 ML2027-2028'!$K:$K,L28)/10^6 -> 0 | D28: Đầu tư giải pháp WAF và giải pháp DDoS | F28: =SUMIFS('PL1.1 ML2027-2028'!$H:$H,'PL1.1 ML2027-2028'!$J:$J,K28,'PL1.1 ML2027-2028'!$K:$K,L28)/10^6 -> 0 | G28: 0 | I28: =C28+F28 -> 0 | J28: =I28/$I$5 -> #REF! | K28: CNTT | L28: ATTT
A29: VII | B29: Truyền dẫn | C29: =SUBTOTAL(9,C30:C31) -> #REF! | E29: =C29/C5 -> #REF! | F29: =SUBTOTAL(9,F30:F31) -> #REF! | G29: 0 | H29: =F29/F5 -> #REF! | I29: =SUBTOTAL(9,I30:I31) -> #REF! | J29: =I29/$I$5 -> #REF!
A30: 1 | B30: Vùng phủ (đầu tư thiết bị + triển khai) | C30: ='TH theo DV'!H13+'TH theo DV'!H16 -> 0 | D30: 2200km Cáp quang phụ kiện + viba đáp ứng 1730 4G, 2G trạm lưu lượng, vùng phủ | F30: ='TH theo DV'!R13+'TH theo DV'!R16 -> 0 | G30: 0 | I30: =C30+F30 -> 0 | J30: =I30/$I$5 -> #REF! | K30: TD | L30: TD
A31: 2 | B31: Dung lượng (đầu tư + triển khai) | C31: ='TH theo DV'!H14+'TH theo DV'!H17+'TH theo DV'!H18+'TH theo DV'!H19+'TH theo DV'!H20+'TH theo DV'!H21+'TH theo DV'!H22+'TH theo DV'!#REF! -> #REF! | D31: - Đáp ứng nhu cầu tăng trưởng dung lượng mạng 2/3/4G từ 400Gbps lên 700Gbps. - Đáp ứng nhu cầu dung lượng CĐBR toàn mạng lũy kế 70G | F31: ='TH theo DV'!R14+'TH theo DV'!R17+'TH theo DV'!R18+'TH theo DV'!R19+'TH theo DV'!R20+'TH theo DV'!R21+'TH theo DV'!R22+'TH theo DV'!#REF! -> #REF! | G31: 0 | I31: =C31+F31 -> #REF! | J31: =I31/$I$5 -> #REF! | K31: TD | L31: TD
A32: VII | B32: Cơ điện | C32: =SUBTOTAL(9,C33:C34) -> #REF! | E32: =C32/$C$5 -> #REF! | F32: =SUBTOTAL(9,F33:F34) -> #REF! | G32: 0 | H32: =F32/$F$5 -> #REF! | I32: =SUBTOTAL(9,I33:I34) -> #REF! | J32: =I32/$I$5 -> #REF!
A33: 1 | B33: Vùng phủ (đầu tư thiết bị + triển khai) | C33: ='TH theo DV'!J13+'TH theo DV'!J16 -> 0 | D33: - Vùng phủ trạm mới: đầu tư ... bình ắc quy Lithium 48V-100Ah; ... tủ nguồn DC indoor và 1.188 rectifier đồng bộ; ... tủ Compact Minishelter; ... tủ nguồn DC mini; ... converter quang FE; 479 module SFP quang; ... tủ nguồn AC V5-3P; ... bộ DAQ; ... bộ converter quang FE loại 1G; ... bộ iACV; ... bộ cảnh báo khói + cảnh báo mở cửa và chi phí triển khai. - Vùng phủ cosite: đầu tư tài nguyên cho ... trạm trục/hub (... hệ thống micro datacenter outdoor; ... bình ắc quy Lithium 48V-100Ah; ... tủ nguồn DC indoor và ... rectifier đồng bộ; ... điều hòa ... BTU/h; ... tủ nguồn AC V5-3P; ... và chi phí triển khai | F33: ='TH theo DV'!T13+'TH theo DV'!T16 -> 0 | G33: 0 | I33: =C33+F33 -> 0 | J33: =I33/$I$5 -> #REF! | K33: CĐ | L33: CĐ
A34: 2 | B34: Dung lượng (đầu tư + triển khai) | C34: ='TH theo DV'!J14+'TH theo DV'!J17+'TH theo DV'!J18+'TH theo DV'!J19+'TH theo DV'!J20+'TH theo DV'!J21+'TH theo DV'!J22+'TH theo DV'!#REF! -> #REF! | F34: ='TH theo DV'!T14+'TH theo DV'!T17+'TH theo DV'!T18+'TH theo DV'!T19+'TH theo DV'!T20+'TH theo DV'!T21+'TH theo DV'!T22+'TH theo DV'!#REF! -> #REF! | I34: =C34+F34 -> #REF! | J34: =I34/$I$5 -> #REF! | K34: CĐ | L34: CĐ
A35: C | B35: Đảm bảo dự phòng ƯCTT | C35: =SUBTOTAL(9,C36:C41) -> 0 | E35: =C35/$C$5 -> #REF! | F35: =SUBTOTAL(9,F36:F41) -> 0 | H35: =F35/$F$5 -> #REF! | I35: =SUBTOTAL(9,I36:I41) -> 0 | J35: =I35/$I$5 -> #REF!
A36: 1 | B36: Vô tuyến | C36: =SUMIFS('PL1.1 ML2027-2028'!$G:$G,'PL1.1 ML2027-2028'!$J:$J,K36,'PL1.1 ML2027-2028'!$K:$K,L36)/10^6 -> 0 | D36: Gói UCTT: dự kiến 2.5M USD | F36: =SUMIFS('PL1.1 ML2027-2028'!$H:$H,'PL1.1 ML2027-2028'!$J:$J,K36,'PL1.1 ML2027-2028'!$K:$K,L36)/10^6 -> 0 | G36: Gói UCTT: dự kiến 2.5M USD | I36: =C36+F36 -> 0 | J36: =I36/$I$5 -> #REF! | K36: VT | L36: ƯCTT
A37: 2 | B37: Mạng lõi | C37: =SUMIFS('PL1.1 ML2027-2028'!$G:$G,'PL1.1 ML2027-2028'!$J:$J,K37,'PL1.1 ML2027-2028'!$K:$K,L37)/10^6 -> 0 | F37: =SUMIFS('PL1.1 ML2027-2028'!$H:$H,'PL1.1 ML2027-2028'!$J:$J,K37,'PL1.1 ML2027-2028'!$K:$K,L37)/10^6 -> 0 | I37: =C37+F37 -> 0 | J37: =I37/$I$5 -> #REF! | K37: ML | L37: ƯCTT
A38: 3 | B38: CNTT | C38: =SUMIFS('PL1.1 ML2027-2028'!$G:$G,'PL1.1 ML2027-2028'!$J:$J,K38,'PL1.1 ML2027-2028'!$K:$K,L38)/10^6 -> 0 | D38: Nâng cao chất lượng mạng lưới (thay thế, bổ sung dung lượng dự phòng,...) với 119 máy chủ, 8 thiết bị lưu trữ SAN, 0,308 PB lưu trữ NAS, 4,7 PB lưu trữ Object và thiết bị mạng. | F38: =SUMIFS('PL1.1 ML2027-2028'!$H:$H,'PL1.1 ML2027-2028'!$J:$J,K38,'PL1.1 ML2027-2028'!$K:$K,L38)/10^6 -> 0 | G38: 0 | I38: =C38+F38 -> 0 | J38: =I38/$I$5 -> #REF! | K38: CNTT | L38: ƯCTT
A39: 4 | B39: Truyền dẫn | C39: =SUMIFS('PL1.1 ML2027-2028'!$G:$G,'PL1.1 ML2027-2028'!$J:$J,K39,'PL1.1 ML2027-2028'!$K:$K,L39)/10^6 -> 0 | D39: 600km cáp quang+ card quang+ phụ kiện các loại dp uctt hàng năm | F39: =SUMIFS('PL1.1 ML2027-2028'!$H:$H,'PL1.1 ML2027-2028'!$J:$J,K39,'PL1.1 ML2027-2028'!$K:$K,L39)/10^6 -> 0 | G39: 0 | I39: =C39+F39 -> 0 | J39: =I39/$I$5 -> #REF! | K39: TD | L39: ƯCTT
A40: 5 | B40: CĐBR-TH | C40: =SUMIFS('PL1.1 ML2027-2028'!$G:$G,'PL1.1 ML2027-2028'!$J:$J,K40,'PL1.1 ML2027-2028'!$K:$K,L40)/10^6 -> 0 | D40: - Swap thay thế 08 thiết bị máy chủ của Headend đã EoL, EoS đầu tư từ 2017(~119 kênh); - Triển khai multi-site Headend (2 site KV2, KV3); - Đầu tư bổ sung hệ thống đo kiểm chất lượng kênh truyền hình triển khai đến POP CDN (dung lượng 216 kênh OTT và 4 POP) --> Giúp tăng dự phòng, khả năng giám sát và nâng cao chất lượng dịch vụ truyền hình OTT. | F40: =SUMIFS('PL1.1 ML2027-2028'!$H:$H,'PL1.1 ML2027-2028'!$J:$J,K40,'PL1.1 ML2027-2028'!$K:$K,L40)/10^6 -> 0 | G40: 0 | I40: =C40+F40 -> 0 | J40: =I40/$I$5 -> #REF! | K40: CĐBR | L40: ƯCTT
A41: 5 | B41: Cơ điện | C41: =SUMIFS('PL1.1 ML2027-2028'!$G:$G,'PL1.1 ML2027-2028'!$J:$J,K41,'PL1.1 ML2027-2028'!$K:$K,L41)/10^6 -> 0 | D41: Đầu tư thay thế các thiết bị EOL, đến ngưỡng (12 hệ thống UPS frame 200kVA; 16 hệ thống tủ nguồn DC 2000A; 20 hệ thống ĐHCX 150.000 BTU/h; 33 tổ ắc quy chì 2V-2000Ah; 15 tổ ắc quy chì 2V-1000Ah) và các giải pháp đo kiểm, đánh giá, nâng cao chất lượng VHKT các tổng trạm khu vực | F41: =SUMIFS('PL1.1 ML2027-2028'!$H:$H,'PL1.1 ML2027-2028'!$J:$J,K41,'PL1.1 ML2027-2028'!$K:$K,L41)/10^6 -> 0 | G41: 0 | I41: =C41+F41 -> 0 | J41: =I41/$I$5 -> #REF! | K41: CĐ | L41: ƯCTT
A42: C | B42: Đảm bảo VHKT và chất lượng mạng | C42: =SUBTOTAL(9,C43:C48) -> 0 | E42: =C42/$C$5 -> #REF! | F42: =SUBTOTAL(9,F43:F48) -> 0 | H42: =F42/$F$5 -> #REF! | I42: =SUBTOTAL(9,I43:I48) -> 0 | J42: =I42/$I$5 -> #REF!
A43: 1 | B43: Vô tuyến | C43: =SUMIFS('PL1.1 ML2027-2028'!$G:$G,'PL1.1 ML2027-2028'!$J:$J,K43,'PL1.1 ML2027-2028'!$K:$K,L43)/10^6 -> 0 | D43: +) Gói công cụ tối ưu mạng thử nghiệm (CEM): dự kiến 200K USD +) Swap anten đa băng 200tram/năm: 360K USD | F43: =SUMIFS('PL1.1 ML2027-2028'!$H:$H,'PL1.1 ML2027-2028'!$J:$J,K43,'PL1.1 ML2027-2028'!$K:$K,L43)/10^6 -> 0 | G43: +) Gói công cụ tối ưu mạng thử nghiệm (CEM): dự kiến 200K USD +) Swap anten đa băng 200tram/năm: 360K USD | I43: =C43+F43 -> 0 | J43: =I43/$I$5 -> #REF! | K43: VT | L43: VHKT
A44: 2 | B44: Mạng lõi | C44: =SUMIFS('PL1.1 ML2027-2028'!$G:$G,'PL1.1 ML2027-2028'!$J:$J,K44,'PL1.1 ML2027-2028'!$K:$K,L44)/10^6 -> 0 | D44: Swap EoS BUMS03, BUMW03 bằng 1 vMSC (HW:1072K ATT, 1.5M Reg, 45K Erl, SW: 835K ATT, 1.15M Reg, 34.5K Erl). | F44: =SUMIFS('PL1.1 ML2027-2028'!$H:$H,'PL1.1 ML2027-2028'!$J:$J,K44,'PL1.1 ML2027-2028'!$K:$K,L44)/10^6 -> 0 | G44: Chuyển 01/02 UDM từ tổng trạng cũ sang tổng trạm mới và hiện đại hóa 01 cặp HSS cũ (thông qua mở rộng UDM với DL tương ứng của HSS cũ) | I44: =C44+F44 -> 0 | J44: =I44/$I$5 -> #REF! | K44: ML | L44: VHKT
A45: 3 | B45: CNTT | C45: =SUMIFS('PL1.1 ML2027-2028'!$G:$G,'PL1.1 ML2027-2028'!$J:$J,K45,'PL1.1 ML2027-2028'!$K:$K,L45)/10^6 -> 0 | D45: Nâng cao chất lượng mạng lưới (thay thế, bổ sung dung lượng dự phòng,...) với 119 máy chủ, 8 thiết bị lưu trữ SAN, 0,308 PB lưu trữ NAS, 4,7 PB lưu trữ Object và thiết bị mạng. | F45: =SUMIFS('PL1.1 ML2027-2028'!$H:$H,'PL1.1 ML2027-2028'!$J:$J,K45,'PL1.1 ML2027-2028'!$K:$K,L45)/10^6 -> 0 | G45: 0 | I45: =C45+F45 -> 0 | J45: =I45/$I$5 -> #REF! | K45: CNTT | L45: VHKT
A46: 4 | B46: Truyền dẫn | C46: =SUMIFS('PL1.1 ML2027-2028'!$G:$G,'PL1.1 ML2027-2028'!$J:$J,K46,'PL1.1 ML2027-2028'!$K:$K,L46)/10^6 -> 0 | F46: =SUMIFS('PL1.1 ML2027-2028'!$H:$H,'PL1.1 ML2027-2028'!$J:$J,K46,'PL1.1 ML2027-2028'!$K:$K,L46)/10^6 -> 0 | G46: 0 | I46: =C46+F46 -> 0 | J46: =I46/$I$5 -> #REF! | K46: TD | L46: VHKT
A47: 5 | B47: CĐBR-TH | C47: =SUMIFS('PL1.1 ML2027-2028'!$G:$G,'PL1.1 ML2027-2028'!$J:$J,K47,'PL1.1 ML2027-2028'!$K:$K,L47)/10^6 -> 0 | F47: =SUMIFS('PL1.1 ML2027-2028'!$H:$H,'PL1.1 ML2027-2028'!$J:$J,K47,'PL1.1 ML2027-2028'!$K:$K,L47)/10^6 -> 0 | G47: 0 | I47: =C47+F47 -> 0 | J47: =I47/$I$5 -> #REF! | K47: CĐBR | L47: VHKT
A48: 5 | B48: Cơ điện | C48: =SUMIFS('PL1.1 ML2027-2028'!$G:$G,'PL1.1 ML2027-2028'!$J:$J,K48,'PL1.1 ML2027-2028'!$K:$K,L48)/10^6 -> 0 | D48: Đầu tư thay thế các thiết bị EOL, đến ngưỡng (12 hệ thống UPS frame 200kVA; 16 hệ thống tủ nguồn DC 2000A; 20 hệ thống ĐHCX 150.000 BTU/h; 33 tổ ắc quy chì 2V-2000Ah; 15 tổ ắc quy chì 2V-1000Ah) và các giải pháp đo kiểm, đánh giá, nâng cao chất lượng VHKT các tổng trạm khu vực | F48: =SUMIFS('PL1.1 ML2027-2028'!$H:$H,'PL1.1 ML2027-2028'!$J:$J,K48,'PL1.1 ML2027-2028'!$K:$K,L48)/10^6 -> 0 | G48: 0 | I48: =C48+F48 -> 0 | J48: =I48/$I$5 -> #REF! | K48: CĐ | L48: VHKT
A49: D | B49: Củng cố kiên cố | C49: =SUBTOTAL(9,C50:C53) -> 0 | E49: =C49/$C$5 -> #REF! | F49: =SUBTOTAL(9,F50:F53) -> 0 | H49: =F49/$F$5 -> #REF! | I49: =SUBTOTAL(9,I50:I53) -> 0 | J49: =I49/$I$5 -> #REF!
A50: 1 | B50: Vô tuyến | C50: =SUMIFS('PL1.1 ML2027-2028'!$G:$G,'PL1.1 ML2027-2028'!$J:$J,K50,'PL1.1 ML2027-2028'!$K:$K,L50)/10^6 -> 0 | D50: Triển khai kiên cố cho 550 trạm quá tải trọng hàng năm | F50: =SUMIFS('PL1.1 ML2027-2028'!$H:$H,'PL1.1 ML2027-2028'!$J:$J,K50,'PL1.1 ML2027-2028'!$K:$K,L50)/10^6 -> 0 | G50: 0 | I50: =C50+F50 -> 0 | J50: =I50/$I$5 -> #REF! | K50: VT | L50: KCTT
A51: 2 | B51: CĐBR-TH | C51: =SUMIFS('PL1.1 ML2027-2028'!$G:$G,'PL1.1 ML2027-2028'!$J:$J,K51,'PL1.1 ML2027-2028'!$K:$K,L51)/10^6 -> 0 | D51: Triển khai cho 1.136 km cáp quang trong đó: Tách cáp chung lộ 139.8 km; ngầm hoá tuyến cáp 996.2 km | F51: =SUMIFS('PL1.1 ML2027-2028'!$H:$H,'PL1.1 ML2027-2028'!$J:$J,K51,'PL1.1 ML2027-2028'!$K:$K,L51)/10^6 -> 0 | G51: 0 | I51: =C51+F51 -> 0 | J51: =I51/$I$5 -> #REF! | K51: CĐBR | L51: KCTT
A52: 3 | B52: Truyền dẫn | C52: =SUMIFS('PL1.1 ML2027-2028'!$G:$G,'PL1.1 ML2027-2028'!$J:$J,K52,'PL1.1 ML2027-2028'!$K:$K,L52)/10^6+SUMIFS('PL1.1 ML2027-2028'!$G:$G,'PL1.1 ML2027-2028'!$J:$J,M52,'PL1.1 ML2027-2028'!$K:$K,L52)/10^6 -> 0 | D52: 1. Triển khai mạng DWDM 1C (34 node) + ngầm hóa 700km 2. Ngầm trục 1B, 1C 300km/năm 3. Mỗi năm thay thế 300km cáp xuống cấp, 12km cột gỗ + 450km cáp vu hồi, tách ring. Ngầm trục 1B, 1C 300km/năm | F52: =SUMIFS('PL1.1 ML2027-2028'!$H:$H,'PL1.1 ML2027-2028'!$J:$J,K52,'PL1.1 ML2027-2028'!$K:$K,L52)/10^6+SUMIFS('PL1.1 ML2027-2028'!$H:$H,'PL1.1 ML2027-2028'!$J:$J,M52,'PL1.1 ML2027-2028'!$K:$K,L52)/10^6 -> 0 | G52: 0 | I52: =C52+F52 -> 0 | J52: =I52/$I$5 -> #REF! | K52: TD | L52: KCTT | M52: HT
A53: 4 | B53: Cơ điện | C53: =SUMIFS('PL1.1 ML2027-2028'!$G:$G,'PL1.1 ML2027-2028'!$J:$J,K53,'PL1.1 ML2027-2028'!$K:$K,L53)/10^6 -> 0 | D53: Cải tạo điện yếu cho 1.535 trạm; Đầu tư 1.275 tủ nguồn tích hợp AC V5-3P và attomat 3 pha 4 cực 63A cho các trạm cải tạo lên 3 pha; Cải tạo tiếp địa cho 10 trạm; Đầu tư 50 tủ cắt sét 200kA; 1.058 tủ cắt sét 3 pha; 2.320 bộ CLS 1 pha; 1.655 bộ CLS 3 pha; 918 bộ SPD 1 pha (cho tủ AC box RRU kéo dài); 3.232 bộ giám sát tủ nguồn DC; 1.161 ATS 3 pha 63A; 12 tủ MSB 250A; 672 bình (28 tổ) ắc quy chì 2V-500Ah; Xây mới 1.161 bệ đặt MPĐ dầu; Đầu tư 3.647 bộ iACV; 300 tổ ắc quy Sodium và chi phí triển khai. | F53: =SUMIFS('PL1.1 ML2027-2028'!$H:$H,'PL1.1 ML2027-2028'!$J:$J,K53,'PL1.1 ML2027-2028'!$K:$K,L53)/10^6 -> 0 | G53: 0 | I53: =C53+F53 -> 0 | J53: =I53/$I$5 -> #REF! | K53: CĐ | L53: KCTT
A54: E | B54: Bền vững mạng lưới trong thiên tai | C54: =SUBTOTAL(9,C55:C57) -> 0 | E54: =C54/$C$5 -> #REF! | F54: =SUBTOTAL(9,F55:F57) -> 0 | H54: =F54/$F$5 -> #REF! | I54: =SUBTOTAL(9,I55:I57) -> 0 | J54: =I54/$I$5 -> #REF!
A55: 1 | B55: Vô tuyến | C55: =SUMIFS('PL1.1 ML2027-2028'!$G:$G,'PL1.1 ML2027-2028'!$J:$J,K55,'PL1.1 ML2027-2028'!$K:$K,L55)/10^6 -> 0 | D55: Đầu tư gá antena, gia cố jumper, dây quang; thực hiện kiên cố hạ tầng cột, nhà trạm theo cho 321 trạm theo ưu tiên 1 và đầu tư xe phát sóng chỉ huy, dã chiến đảm bảo hoạt động liên tục trong thiên tai | F55: =SUMIFS('PL1.1 ML2027-2028'!$H:$H,'PL1.1 ML2027-2028'!$J:$J,K55,'PL1.1 ML2027-2028'!$K:$K,L55)/10^6 -> 0 | G55: 0 | I55: =C55+F55 -> 0 | J55: =I55/$I$5 -> #REF! | K55: VT | L55: PCTT
A56: 2 | B56: Truyền dẫn | C56: =SUMIFS('PL1.1 ML2027-2028'!$G:$G,'PL1.1 ML2027-2028'!$J:$J,K56,'PL1.1 ML2027-2028'!$K:$K,L56)/10^6 -> 0 | D56: - Swap Metro QNH và QNM (swap AGG, CT); đấu CT mới 02 tỉnh QNH và QNM; bổ sung thiết bị Viba, VSAT; - Triển khai kiên cố TD liên tỉnh (vùng gió III, IV; Sạt lở) ~ 38/63 tỉnh/TP ~ 56%; liên huyện: (vùng gió IV và sạt lở) ~ 207/704 huyện~30% ; Trạm UT (vùng gió 4, sạt lở) ~ 1293/3530 trạm UT vùng gói III, IV ~ 37% | F56: =SUMIFS('PL1.1 ML2027-2028'!$H:$H,'PL1.1 ML2027-2028'!$J:$J,K56,'PL1.1 ML2027-2028'!$K:$K,L56)/10^6 -> 0 | G56: 0 | I56: =C56+F56 -> 0 | J56: =I56/$I$5 -> #REF! | K56: TD | L56: PCTT
A57: 3 | B57: Cơ điện | C57: =SUMIFS('PL1.1 ML2027-2028'!$G:$G,'PL1.1 ML2027-2028'!$J:$J,K57,'PL1.1 ML2027-2028'!$K:$K,L57)/10^6 -> 0 | D57: Đầu tư 600 máy phát điện dầu 20kVA; 1.662 máy phát điện dầu 12kVA; 2.262 ATS 3 pha 63A; 4.623 bình ắc quy Lithium 48V-100Ah; 2.486 bình portable battery Lithium; Xây mới 1.884 bệ đặt máy phát điện + 348 nhà đặt máy phát điện vượt lũ và chi phí triển khai | F57: =SUMIFS('PL1.1 ML2027-2028'!$H:$H,'PL1.1 ML2027-2028'!$J:$J,K57,'PL1.1 ML2027-2028'!$K:$K,L57)/10^6 -> 0 | G57: 0 | I57: =C57+F57 -> 0 | J57: =I57/$I$5 -> #REF! | K57: CĐ | L57: PCTT

Sheet PL1.3 Buc tranh sau QH
A1: PHỤ LỤC 1.3: BẢNG TỔNG HỢP ĐẦU TƯ THEO DỊCH VỤ VÀ BỨC TRANH SAU QHĐC 2027-2028 (Ban hành kèm theo Công văn số của Tổng Công ty VTNet)
A3: TT | B3: Lĩnh vực | C3: Khối lượng các hạng mục đầu tư chính | D3: Chi phí (triệu USD) | E3: Tỷ trọng | F3: Bức tranh mạng lưới sau QHĐC
B4: TỔNG ĐẦU TƯ | D4: =SUBTOTAL(9,D5:D29) -> 0
A5: I | B5: Công nghệ mới triển khai diện rộng cho kinh doanh | D5: =SUBTOTAL(9,D6:D9) -> 0 | E5: =D5/$D$4 -> #DIV/0!
A6: 1 | B6: Mạng 5G | C6: - Vô tuyến: Đầu tư .... gNodeB (... trạm loại 64T64R, .... trạm 32T32R), .... RRU classic cho IBD, ... card Baseband, ... small cell, nâng cấp 01 hệ thống 5G cho tòa ..... Chi phí lắp đặt thiết bị và kiên cố ... trạm cho 5G. - Mạng lõi: Đầu tư bổ sung ..... - Truyền dẫn: ... SRT 5G smallcell, .... SRT 100G cho 5G NEW, card 10G AGG đấu nối ring 5G NEW, .... - Cơ điện: Đầu tư .... bình ắc quy Lithium 48V-100Ah; .... tủ nguồn DC indoor và ... rectifier đồng bộ; 1.062 tủ Compact Minishelter;.... tủ nguồn DC mini; ...converter quang FE;..... | D6: ='TH theo DV'!AE7 -> 0 | E6: =D6/$D$4 -> #DIV/0! | F6: - Vùng phủ: Sau khi triển khai ...., vùng phủ 5G đạt vùng phủ ~....% dân số tại TPT/TTH/KCN/KDL với tốc độ biên cell DL/UL 50Mbps/1Mbps; ~...% dân số tại khu vực nông thôn .... - Dung lượng mạng lõi đáp ứng .... - Mạng cáp đáp ứng luỹ kế .... trạm vô tuyến 5G. - Đảm bảo hạ tầng cơ điện cho triển khai 5G; các trạm 5G chạy mixed-mode với 4G và các trạm 5G quan trọng phục vụ khu vực hot/vip được đầu tư bổ sung ắc quy backup; các trạm theo quy hoạch đặt MPĐ cố định được tính toán đảm bảo công suất sẵn sàng UCTT khi mất điện. | G6: 5G
A7: 2 | B7: XGSPON | C7: Triển khai …. trạm XGSPON combo tại nội thành, ngoại thành cho …. | D7: ='TH theo DV'!AE8 -> 0 | E7: =D7/$D$4 -> #DIV/0! | F7: Mở rộng vùng phủ XGSPON đáp ứng nhu cầu kinh doanh gói cước ARPU cao
A8: 3 | B8: AI/GPU | C8: -Triển khai giải pháp AI như : Agent AI (áp dụng trong năm 2027 giải pháp Conversational AI cho CSKH); Camera AI cho Kỹ thuật …. | D8: ='TH theo DV'!AE9 -> 0 | E8: =D8/$D$4 -> #DIV/0! | F8: Đầu tư thiết bị GPU phục vụ nhu cầu kinh doanh toàn Tập đoàn, lũy kế 554 máy chủ | G8: CNTT
A9: 4 | B9: Private Mobile Network | C9: Đầu tư trước …. bộ 5GC Mini để đảm bảo nhu cầu kinh doanh | D9: ='TH theo DV'!AE10 -> 0 | E9: =D9/$D$4 -> #DIV/0! | F9: Đây là dịch vụ mới, chi phí đầu tư cao, cần có thêm đánh giá hiệu quả đầu tư thực tế mới có thể triển khai đại trà | G9: PMN
A10: II | B10: Mở rộng mạng lưới hiện tại cho kinh doanh | D10: =SUBTOTAL(9,D11:D24) -> 0 | E10: =D10/D4 -> #DIV/0!
A11: 1 | B11: Mạng 4G | D11: =SUBTOTAL(9,D12:D13) -> 0 | E11: =D11/$D$4 -> #DIV/0!
A12: - | B12: 4G vùng phủ | C12: - Vô tuyến: - Truyền dẫn: . - Cơ điện: | D12: ='TH theo DV'!AE13 -> 0 | E12: =D12/$D$4 -> #DIV/0! | F12: - Vùng phủ: Sau khi triển khai: .... vị trí mới (... macro, ... RRU, 191 inbuilding), và ... vị trí di dời; .... trạm cosite băng thấp. => Vùng phủ 4G tăng từ ... lên ...%. - Cáp quang: Luỹ kế toàn mạng là ... nghìn km. Tỷ lệ quang hoá đạt ...%. ...% xã đất liền được quang hoá. - Cơ điện: Lũy kế có .... MPĐ/..... trạm Macro - đạt tỷ lệ ...%. có .../.... trạm Macro sử dụng ắc quy Lib, đạt tỷ lệ ~...%. ....% trạm Macro hoàn thành giám sát hệ thống nguồn DC, ắc quy lithium. | G12: VT
A13: - | B13: 4G dung lượng | C13: - Vô tuyến - Mạng lõi: Năm 2027: 01 vMSC (HW:1072K ATT, 1.5M Reg, 45K Erl, SW: 572K ATT, 800K Reg, 22.857K Erl), MSC (SW: CSFB: 1M sub), UDM (SW: 200K FE 2G/3G, 400K BE 2G/3G, 300K FE 4G, 2.9M BE 4G), 1 vEPC (HW: 1M SAU, 1.5M PDP, 100 Gbps, SW: 1M SAU, 1.5M PDP, 60 Gbps). vEPC4 (SW: 650K SAU, 975K PDP, 49.4 Gbps). SMSC (SW: 1400 MOMT). 2 IMS (HW: 500K, SW: 100K). Năm 2028: vEPC5 (SW: 34 Gbps). UDM (SW: 300K FE 2G/3G, 500K BE 2G/3G, 400K FE 4G, 1.9M BE 4G). - Truyền dẫn: - Cơ điện: | D13: ='TH theo DV'!AE14 -> 0 | E13: =D13/$D$4 -> #DIV/0! | F13: - Vô tuyến - Mạng lõi: Có thêm 01 cloud MSC mới, 1 vEPC mới, 2 node IMS mới đáp ứng như cầu tăng trưởng dung lượng. Các node MSC, vEPC và 1 node IMS sẽ lắp tại tổng trạm mới. - cáp quang: - Cơ điện: | G13: ML
A14: 2 | B14: Mạng BRCĐ&TH | D14: =SUBTOTAL(9,D15:D18) -> 0 | E14: =D14/$D$4 -> #DIV/0!
A15: - | B15: Vùng phủ GPON | C15: Triển khai …. triệu cổng GPON (...tr cổng năm 2025, ...k cổng năm 2026) và ... dự án toà nhà mới ~ ...k cổng. | D15: ='TH theo DV'!AE16 -> 0 | E15: =D15/$D$4 -> #DIV/0! | F15: Vùng phủ lũy kế toàn mạng đạt ... triệu cổng, nâng tỷ lệ phủ dân đạt ...%, lũy kế toàn mạng thực hiện ... dự án trên tổng số ... dự án ~ ... % số dự án và lũy kế triển khai được ...trạm, phủ toàn bộ ...., các vị trí đông dân cư tại ngoại thành ...và thủ phủ tỉnh, trung tâm huyện. | G15: CĐBR
A16: - | B16: Dung lượng Internet | C16: - BRCĐ-TH: Đầu tư .... đáp ứng cho ... triệu thuê bao, đầu tư ... hệ thống DPI cho ...K subs, mở rộng hệ thống AAA với .... nghìn subs, đầu tư hệ thống Analytics quản trị tập trung dữ liệu mạng BRCĐ, mở rộng hệ thống DNS đáp ứng cho ...nghìn subs; đầu tư CGNAT đáp ứng cho tăng trưởng băng thông và đổ tải ... triệu subs FTTH, bổ sung tính năng mới cho ACS tích hợp với AP multivendor, đầu tư phần cứng cho các hệ thống ITO, VQT, ICP. - Truyền dẫn: SRT 100G cho OLT không trùng 5G ~ ... SRT, .... tỷ card AGG 100G đấu ring OLT, ... tỷ card Core tỉnh, CKV, PECĐ) theo tỷ lệ dưới Metro, trên Metro; WDM theo nhu cầu tăng dung lượng liên huyện, liên tỉnh, KNQT với tỷ lệ Internet là ...% theo tỷ lệ di động trên Metro, dưới Metro | D16: ='TH theo DV'!AE17 -> 0 | E16: =D16/$D$4 -> #DIV/0! | F16: - Đáp ứng lũy kế đạt .... triệu thuê bao Internet. - Dung lượng và hiệu suất từng phân lớp: Lớp xã/huyện có dung lượng ...Tbps, hiệu suất lớp xã đạt ...%, hiệu suất lớp huyện đạt ...%; lớp liên tỉnh tăng từ ... Tbps lên .... Tbps, hiệu suất ~...%. Lớp trục ....Tbps. | G16: CĐBR
A17: - | B17: Dung lượng Truyền hình | C17: - BRCĐ-TH: Đầu tư nâng cấp tính năng mới cho CDN OTT; đầu tư thiết bị và license upmap, frame rate conversion (FRC) cho ... kênh tại Headend; đầu tư 01 hệ thống Water marking; đầu tư Backend và ứng dụng Trợ lý ảo TV360. - Truyền dẫn: SRT 100G cho OLT không trùng 5G ~ ... SRT, card AGG 100G, Core tỉnh, CKV, PECĐ, PETH) theo tỷ lệ truyền hình ...% của CĐBR; WDM theo nhu cầu tăng dung lượng liên huyện, liên tỉnh, KNQT với tỷ lệ TH là ....% | D17: ='TH theo DV'!AE18 -> 0 | E17: =D17/$D$4 -> #DIV/0! | F17: Đáp ứng lũy kế ... triệu thuê bao truyền hình (... triệu thuê bao OTT và …. triệu thuê bao IPTV) và lũy kế đáp ứng …. kênh truyền hình cho dịch vụ OTT (….HD, ... UHD/4K) đến hết 2026 | G17: CĐBR
A18: - | B18: Kênh truyền | C18: Đầu tư thiết bị IP theo nhu cầu đấu nối của VTS và thiết bị DWDM theo nhu cầu kênh thuê riêng VTS. | D18: ='TH theo DV'!AE19 -> 0 | E18: =D18/$D$4 -> #DIV/0! | F18: Đáp ứng nhu cầu kinh doanh kênh thuê riêng của VTS | G18: TD
A19: 3 | B19: Phục vụ kinh doanh Cloud | C19: - CNTT: - Truyền dẫn: | D19: ='TH theo DV'!AE20 -> 0 | E19: =D19/$D$4 -> #DIV/0! | F19: - | G19: CNTT
A20: 4 | B20: Data Center | C20: - Truyền dẫn: Đầu tư thiết bị IP tại tổng trạm ... và thiết bị WDM theo nhu cầu triển khai tại tổng trạm mới … | D20: ='TH theo DV'!AE21 -> 0 | F20: - Phục vụ kết nối liên tổng trạm mới … | G20: DC
A21: 5 | B21: Triển khai hạ tầng CNTT | D21: =SUBTOTAL(9,D22:D24) -> 0
A22: - | B22: Trực tiếp kinh doanh | C22: - Triển khai các hệ thống mới: Dịch vụ Betting, hệ thống CX Cloud cho doanh nghiệp… - Triển khai giải pháp ATTT SoC cho kinh doanh ngoài Movitel | D22: ='TH theo DV'!AE23 -> 0 | F22: Lũy kế đầu tư …. máy chủ vật lý, ... PB dung lượng lưu trữ, đảm bảo các nhu cầu triển khai hạ tầng CNTT của Viettel | G22: CNTT
A23: - | B23: Hỗ trợ kinh doanh và quản trị | C23: - Triển khai các giải pháp số hóa cho các lĩnh vực : VAS, Đâu tư, Tài chính, CSKH … - Triển khai mới 03 hệ thống OSS: DCIM, NCMS , vDCIM … '- Triển khai cặp DB Active-Standby (oracle) Số hóa, DB hệ thống SMSFW/Voice Firewall | D23: ='TH theo DV'!AE24 -> 0 | G23: CNTT
A24: - | B24: ATTT | C24: Đầu tư giải pháp WAF và giải pháp DDoS | D24: ='TH theo DV'!AE25 -> 0 | E24: =D24/$D$4 -> #DIV/0! | F24: Hạ tầng CNTT được bảo vệ bằng các biện pháp ATTT triển khai đồng bộ theo tiêu chuẩn NIST Cyber Securiy Framework. | G24: CNTT
A25: III | B25: Đảm bảo VHKT, kiên cố, bền vững trong thiên tai | D25: =SUBTOTAL(9,D27:D29) -> 0 | E25: =D25/$D$4 -> #DIV/0!
A26: 1 | B26: Đảm bảo dự phòng ƯCTT | C26: - Vô tuyến:... - Mạng lõi: Mối năm có budget 100K USD để mua hàng dự phòng - BRCĐ-TH: ... - CNTT: ... - Truyền dẫn: - Cơ điện: … | D26: ='TH theo DV'!AE27 -> 0 | F26: Mạng lõi: Đảm bảo hàng dự phòng
A27: 2 | B27: Đảm bảo VHKT và nâng cao chất lượng mạng | C27: - Vô tuyến:... - Mạng lõi: Năm 2027: Swap EoS BUMS03, BUMW03 bằng 1 vMSC (HW:1072K ATT, 1.5M Reg, 45K Erl, SW: 835K ATT, 1.15M Reg, 34.5K Erl). Năm 2028: Chuyển 01/02 UDM từ tổng trạng cũ sang tổng trạm mới và hiện đại hóa 01 cặp HSS cũ (thông qua mở rộng UDM với DL tương ứng của HSS cũ). - BRCĐ-TH: ... - CNTT: ... - Truyền dẫn: - Cơ điện: … | D27: ='TH theo DV'!AE28 -> 0 | F27: - Thêm 01 cloud MSC mới để hiện đại hóa 1 MSC cũ đã hết niên hạn sử dụng. Hiện đại hóa hệ thống HLR/HSS cũ để năm 2028 chạy hết trên hệ thống UDM mới.
A28: 3 | B28: Củng cố kiên cố thường trình | C28: - Vô tuyến: Triển khai kiên cố cho 550 trạm quá tải trọng hàng năm - BRCĐ: Triển khai cho 1.136 km cáp quang trong đó: Tách cáp chung lộ 139.8 km; ngầm hoá tuyến cáp 996.2 km. - Truyền dẫn: Triển khai ngầm XHH tại 10 tỉnh ~ 455 km cống bể/ trên 234km đường theo đề xuất VT tỉnh TP (đã trừ 7 tỉnh ven biển trùng chương trình kiên cố bão ~ 230km cống bể/120 km đường). - Cơ điện: Cải tạo điện yếu cho 1.535 trạm; Đầu tư 1.275 tủ nguồn tích hợp AC V5-3P và attomat 3 pha 4 cực 63A cho các trạm cải tạo lên 3 pha; Cải tạo tiếp địa cho 10 trạm; Đầu tư 50 tủ cắt sét 200kA; 1.058 tủ cắt sét 3 pha; 2.320 bộ CLS 1 pha; 1.655 bộ CLS 3 pha; 918 bộ SPD 1 pha (cho tủ AC box RRU kéo dài); 3.232 bộ giám sát tủ nguồn DC; 1.161 ATS 3 pha 63A; 12 tủ MSB 250A; 672 bình (28 tổ) ắc quy chì 2V-500Ah; Xây mới 1.161 bệ đặt MPĐ dầu; Đầu tư 3.647 bộ iACV; 300 tổ ắc quy Sodium. | D28: ='TH theo DV'!AE29 -> 0 | F28: - Ngầm hoá theo yêu cầu của UBND tỉnh/TP góp phần làm đẹp cảnh quan đô thị và bền vững mạng lưới truyền dẫn. - Cơ điện: Củng cố hạ tầng cơ điện trạm BTS đáp ứng yêu cầu thiết kế cũng như vận hành khai thác
A29: 4 | B29: Bền vững mạng lưới trong thiên tai | C29: - Vô tuyến: Đầu tư gá antena, gia cố jumper, dây quang; thực hiện kiên cố hạ tầng cột, nhà trạm theo cho 321 trạm theo ưu tiên 1 và đầu tư xe phát sóng chỉ huy, dã chiến đảm bảo hoạt động liên tục trong thiên tai - Truyền dẫn: Swap Metro QNH và QNM (swap AGG, CT); đấu CT mới 02 tỉnh QNH và QNM; bổ sung thiết bị Viba, VSAT; Triển khai kiên cố TD liên tỉnh (vùng gió III, IV; Sạt lở) ~ 38/63 tỉnh/TP ~ 56%; liên huyện: (vùng gió IV và sạt lở) ~ 207/704 huyện~30% ; Trạm UT (vùng gió 4, sạt lở) ~ 1293/3530 trạm UT vùng gói III, IV ~ 37% - Cơ điện: Đầu tư 600 máy phát điện dầu 20kVA; 1.662 máy phát điện dầu 12kVA; 2.262 ATS 3 pha 63A; 4.623 bình ắc quy Lithium 48V-100Ah; 2.486 bình portable battery Lithium; Xây mới 1.884 bệ đặt máy phát điện + 348 nhà đặt máy phát điện vượt lũ. | D29: ='TH theo DV'!AE30 -> 0 | F29: - Đảm bảo kiên cố hạ tầng cột, nhà trạm và truyền dẫn trục Quốc gia theo kiến trúc mới. - 33/63 tỉnh có 02 cáp kiên cố là của Viettel. 207/705 huyện vùng gió IV và sạt lở đảm bảo kiên cố. - Swap thiết bị AGG/CT Metro QNH và QNM theo thiết kế kiến cố mới, vật tư swap ra tiếp tục triển khai nâng cấp dung lượng và kiên cố các tỉnh khác. - Đảm bảo tài nguyên cơ điện cho 25 tỉnh ven biển và 11 tỉnh thường xuyên lũ lụt, sạt lở, giúp duy trì mạng lưới xuyên suốt ngay cả trong thiên tai => Đảm bảo vùng phủ outdoor 4G đạt tối thiểu 90% trong và sau thiên tai tại khu vực vùng gió IV và sạt lở.

Sheet Mã
B2: Không xóa
B3: Mã mảng | C3: Mã DV | D3: Mã loại
B4: VT | C4: 5G | D4: VTTB | G4: I | H4: Công nghệ mới triển khai diện rộng cho kinh doanh
C5: DV5G | G5: 1 | H5: Mạng 5G
B6: ML | D6: TK | G6: 2 | H6: XGSPON
B7: CĐBR | C7: Cloud_KD | G7: 3 | H7: AI/GPU
B8: HT | G8: 4 | H8: Private Mobile Network
C9: BigData | G9: II | H9: Mở rộng mạng lưới hiện tại cho kinh doanh
B10: CNTT | C10: DC | G10: 2 | H10: Mạng 4G
B11: TD | C11: VPDĐ | G11: - | H11: 4G vùng phủ
B12: CĐ | C12: DLDĐ | G12: - | H12: 4G dung lượng
B13: Datacenter | C13: VPGPON | G13: 3 | H13: Mạng BRCĐ&TH
C14: DLGPON | G14: - | H14: Vùng phủ GPON
C15: XGSPON | G15: - | H15: Dung lượng Internet
C16: TH | G16: - | H16: Dung lượng Truyền hình
C17: TTKD | G17: - | H17: Kênh truyền
C18: HTKD | G18: 4 | H18: Phục vụ kinh doanh Cloud
C19: ERP | G19: 5 | H19: Data Center
C20: VAS | G20: 6 | H20: Triển khai hạ tầng CNTT
C21: IoT | G21: - | H21: Trực tiếp kinh doanh
C22: KT | G22: - | H22: Hỗ trợ kinh doanh và quản trị
C23: AI/GPU | G23: - | H23: ATTT
C24: PMN | G24: III | H24: Đảm bảo VHKT, kiên cố, bền vững trong thiên tai
C25: Fintech | G25: 1 | H25: Đảm bảo VHKT
C26: ATTT | G26: 2 | H26: Kiên cố thường trình
C27: ƯCTT
C28: VHKT | G28: 3 | H28: Bền vững mạng lưới trong thiên tai
C29: PCTT
C30: KCTT
C31: DLMETRO
C32: DLIPBN
C33: DC_X
C34: VI
C35: PM
